model,context,batch,path,H,P,G,prefill_gpu_dynamic_J,prefill_gpu_static_J,prefill_hbm_read_J,prefill_hbm_write_J,prefill_host_memory_J,prefill_c2c_J,decode_gpu_dynamic_J,decode_gpu_static_J,decode_hbm_read_J,decode_hbm_write_J,decode_host_memory_J,decode_c2c_J,admission_host_memory_J,admission_c2c_J,admission_hbm_write_J,admission_gpu_static_J,E2E_J,decode_array_read_J,decode_array_write_J,decode_read_peripheral_J,decode_row_select_J,decode_column_select_J,decode_write_driver_J,decode_router_J,decode_pipeline_register_J,decode_sram_read_J,decode_sram_write_J,decode_mac_J,decode_reduction_J,decode_interface_J,decode_miv_J,decode_feol_wire_J,decode_feol_unresolved_J,prefill_array_read_J,prefill_array_write_J,prefill_read_peripheral_J,prefill_row_select_J,prefill_column_select_J,prefill_write_driver_J,prefill_router_J,prefill_pipeline_register_J,prefill_sram_read_J,prefill_sram_write_J,prefill_mac_J,prefill_reduction_J,prefill_interface_J,prefill_miv_J,prefill_feol_wire_J,prefill_feol_unresolved_J
Llama-3.1-8B,LC20K,1,HBM_HOST_OFFLOAD,20000,128,32,1.7057105159207842,0.4476650766506776,0.438867001344,0.00616421891072,0.0,0.0,52.77402980679682,13.540784143186736,13.554872745984,6.695786905600002e-05,0.0,0.0,0.0,0.0,0.0,0.0,82.4681604666628,,,,,,,,,,,,,,,,,,,,,,,,,,,,,,,,
Llama-3.1-8B,LC20K,1,HBM_RESIDENT_WAVE,20000,128,32,1.7057105159207842,0.4476650766506776,0.438867001344,0.00616421891072,0.0,0.0,52.77402980679682,13.540784143186736,13.554872745984,6.695786905600002e-05,0.0,0.0,0.0,0.0,0.0,0.0,82.4681604666628,,,,,,,,,,,,,,,,,,,,,,,,,,,,,,,,
Llama-3.1-8B,LC20K,1,HBM_BEST,20000,128,32,1.7057105159207842,0.4476650766506776,0.438867001344,0.00616421891072,0.0,0.0,52.77402980679682,13.540784143186736,13.554872745984,6.695786905600002e-05,0.0,0.0,0.0,0.0,0.0,0.0,82.4681604666628,,,,,,,,,,,,,,,,,,,,,,,,,,,,,,,,
Llama-3.1-8B,LC20K,1,M3D_GPU,20000,128,32,1.7057105159207842,0.43401374432038986,,,,,52.774029806796804,13.259396230704134,,,,,,,,,72.34572906646285,0.8327210156949503,1.249902592e-08,0.18073163661312,4.194304e-06,4.194304e-06,3.3554432e-06,0.0,0.0,0.0,0.0,0.0,0.0,2.25916223488,0.011051199100322812,0.7549573827387984,0.0,0.026961062782566398,1.1506747904e-06,0.00585156001792,0.00038613248,0.00038613248,0.000308905984,0.0,0.0,0.0,0.0,0.0,0.0,0.074689030144,0.00036535815270891727,0.024994210427333585,0.0
Llama-3.1-8B,LC20K,1,M3D_NMP_UNIFORM,20000,128,32,1.7057105159207842,0.4069008033095851,,,,,3.3796381474816,3.8603020888772943,,,,,,,,,19.436488827693278,0.8327210156949503,1.249902592e-08,0.18073163661312,4.194304e-06,4.194304e-06,3.3554432e-06,1.892008198144,0.08587887771648,1.170215436288,1.170215436288,0.818249990144,0.041347448832,0.14467629056,0.011051199100322812,1.9440035131648352,1.6588865733283509,0.026961062782566398,1.1506747904e-06,0.00585156001792,0.00038613248,0.00038613248,0.000308905984,0.0,0.0,0.0,0.0,0.0,0.0,0.074689030144,0.00036535815270891727,0.024990566963742595,0.0
Llama-3.1-8B,LC20K,1,M3D_NMP_CPA,20000,128,32,1.7057105159207842,0.4069008033095851,,,,,3.3796381474816,3.4126971045486836,,,,,,,,,16.64577318425436,0.8327210156949503,1.249902592e-08,0.18073163661312,4.194304e-06,4.194304e-06,3.3554432e-06,1.43679619072,0.08587887771648,0.636802203648,0.636802203648,0.818249990144,0.014671675392,0.14467629056,0.011051199100322812,1.3419546061512115,1.4665374043871369,0.026961062782566398,1.1506747904e-06,0.00585156001792,0.00038613248,0.00038613248,0.000308905984,0.0,0.0,0.0,0.0,0.0,0.0,0.074689030144,0.00036535815270891727,0.02499222995227516,0.0
Llama-3.1-8B,LC20K,8,HBM_HOST_OFFLOAD,20000,128,32,13.645684127366273,2.650690884356389,0.9893707776,0.04931375128576,0.0,0.0,108.03883127341057,27.720651591533628,27.748894507008,0.0005356629524480001,0.0,0.0,0.0,0.0,0.0,0.0,180.84397257551308,,,,,,,,,,,,,,,,,,,,,,,,,,,,,,,,
Llama-3.1-8B,LC20K,8,HBM_RESIDENT_WAVE,20000,128,32,13.645684127366273,2.650690884356389,0.9893707776,0.04931375128576,0.0,0.0,108.03883127341057,27.720651591533628,27.748894507008,0.0005356629524480001,0.0,0.0,0.0,0.0,0.0,0.0,180.84397257551308,,,,,,,,,,,,,,,,,,,,,,,,,,,,,,,,
Llama-3.1-8B,LC20K,8,HBM_BEST,20000,128,32,13.645684127366273,2.650690884356389,0.9893707776,0.04931375128576,0.0,0.0,108.03883127341057,27.720651591533628,27.748894507008,0.0005356629524480001,0.0,0.0,0.0,0.0,0.0,0.0,180.84397257551308,,,,,,,,,,,,,,,,,,,,,,,,,,,,,,,,
Llama-3.1-8B,LC20K,8,M3D_GPU,20000,128,32,13.645684127366273,2.650690884356389,,,,,108.03883127341057,26.455962130046967,,,,,,,,,159.37482440763375,1.7047070858805247,9.999220736e-08,0.36998526009344,3.3554432e-05,3.3554432e-05,2.68435456e-05,0.0,0.0,0.0,0.0,0.0,0.0,4.624949968896,0.022623991096191353,1.5411733904210276,0.0,0.06078034477056,9.2053983232e-06,0.013191610368,0.00308905984,0.00308905984,0.002471247872,0.0,0.0,0.0,0.0,0.0,0.0,0.17725136896,0.0008670651683466143,0.059373281447368344,0.0
Llama-3.1-8B,LC20K,8,M3D_NMP_UNIFORM,20000,128,32,13.645684127366273,2.650690884356389,,,,,27.0371051798528,20.69309576483079,,,,,,,,,122.60757106595766,1.7047070858805247,9.999220736e-08,0.36998526009344,3.3554432e-05,3.3554432e-05,2.68435456e-05,9.749740388352,0.67543192567808,9.37151299584,9.37151299584,6.545999921152,0.330779590656,1.15741032448,0.022623991096191353,10.068516385352556,8.89243845029215,0.06078034477056,9.2053983232e-06,0.013191610368,0.00308905984,0.00308905984,0.002471247872,0.0,0.0,0.0,0.0,0.0,0.0,0.17725136896,0.0008670651683466143,0.059492780219448926,0.0
Llama-3.1-8B,LC20K,8,M3D_NMP_CPA,20000,128,32,13.645684127366273,2.650690884356389,,,,,27.0371051798528,16.845823732651866,,,,,,,,,103.40254702886752,1.7047070858805247,9.999220736e-08,0.36998526009344,3.3554432e-05,3.3554432e-05,2.68435456e-05,6.5182707482624,0.67543192567808,6.257512808448,6.257512808448,6.545999921152,0.085362475008,1.15741032448,0.022623991096191353,6.068924978552596,7.239151279707153,0.06078034477056,9.2053983232e-06,0.013191610368,0.00308905984,0.00308905984,0.002471247872,0.0,0.0,0.0,0.0,0.0,0.0,0.17725136896,0.0008670651683466143,0.05950648321475338,0.0
Llama-3.1-8B,LC20K,32,HBM_HOST_OFFLOAD,20000,128,32,54.58273650946509,10.602763537425556,2.876812296192,0.19725500514304,0.0,0.0,297.5181505875148,76.33733998586584,76.414111973376,0.0021426518097920006,0.0,0.0,0.0,0.0,0.0,0.0,518.531312546792,,,,,,,,,,,,,,,,,,,,,,,,,,,,,,,,
Llama-3.1-8B,LC20K,32,HBM_RESIDENT_WAVE,20000,128,32,54.58273650946509,10.602763537425556,2.876812296192,0.19725500514304,0.0,0.0,297.5181505875148,76.33733998586584,76.414111973376,0.0021426518097920006,0.0,0.0,0.0,0.0,0.0,0.0,518.531312546792,,,,,,,,,,,,,,,,,,,,,,,,,,,,,,,,
Llama-3.1-8B,LC20K,32,HBM_BEST,20000,128,32,54.58273650946509,10.602763537425556,2.876812296192,0.19725500514304,0.0,0.0,297.5181505875148,76.33733998586584,76.414111973376,0.0021426518097920006,0.0,0.0,0.0,0.0,0.0,0.0,518.531312546792,,,,,,,,,,,,,,,,,,,,,,,,,,,,,,,,
Llama-3.1-8B,LC20K,32,M3D_GPU,20000,128,32,54.58273650946509,10.602763537425556,,,,,297.51815058751487,71.70107880775676,,,,,,,,,458.13242065085154,4.6943736122310655,3.9996882944e-07,1.0188548263116801,0.000134217728,0.000134217728,0.0001073741824,0.0,0.0,0.0,0.0,0.0,0.0,12.736222199808,0.06230209795262376,4.25648789379899,0.0,0.1767321687293952,3.68215932928e-05,0.038357497282559994,0.01235623936,0.01235623936,0.009884991488,0.0,0.0,0.0,0.0,0.0,0.0,0.528893673472,0.002587202347382031,0.17786953534710367,0.0
Llama-3.1-8B,LC20K,32,M3D_NMP_UNIFORM,20000,128,32,54.58273650946509,10.602763537425556,,,,,108.1484207194112,80.20128589661158,,,,,,,,,479.07498556996296,4.6943736122310655,3.9996882944e-07,1.0188548263116801,0.000134217728,0.000134217728,0.0001073741824,36.688873127936,2.7352499224576,37.412265787392,37.412265787392,26.183999684608,1.323118362624,4.62964129792,0.06230209795262376,37.954529262753475,34.46487691232768,0.1767321687293952,3.68215932928e-05,0.038357497282559994,0.01235623936,0.01235623936,0.009884991488,0.0,0.0,0.0,0.0,0.0,0.0,0.528893673472,0.002587202347382031,0.17784718190358037,0.0
Llama-3.1-8B,LC20K,32,M3D_NMP_CPA,20000,128,32,54.58273650946509,10.602763537425556,,,,,108.1484207194112,65.51736931424574,,,,,,,,,412.26583951948516,4.6943736122310655,3.9996882944e-07,1.0188548263116801,0.000134217728,0.000134217728,0.0001073741824,25.158174428364802,2.7352499224576,27.506204737536002,27.506204737536002,26.183999684608,0.346951778304,4.62964129792,0.06230209795262376,24.458352999337027,28.15476140801371,0.1767321687293952,3.68215932928e-05,0.038357497282559994,0.01235623936,0.01235623936,0.009884991488,0.0,0.0,0.0,0.0,0.0,0.0,0.528893673472,0.002587202347382031,0.17789686512522768,0.0
Llama-3.1-8B,LC64K,1,HBM_HOST_OFFLOAD,64000,128,32,3.312660918766666,0.6434884479502628,0.577279033344,0.00616421891072,0.0,0.0,70.0183235002368,17.965332722467576,17.984057769984002,6.695786905600002e-05,0.0,0.0,0.0,0.0,0.0,0.0,110.5073735695291,,,,,,,,,,,,,,,,,,,,,,,,,,,,,,,,
Llama-3.1-8B,LC64K,1,HBM_RESIDENT_WAVE,64000,128,32,3.312660918766666,0.6434884479502628,0.577279033344,0.00616421891072,0.0,0.0,70.0183235002368,17.965332722467576,17.984057769984002,6.695786905600002e-05,0.0,0.0,0.0,0.0,0.0,0.0,110.5073735695291,,,,,,,,,,,,,,,,,,,,,,,,,,,,,,,,
Llama-3.1-8B,LC64K,1,HBM_BEST,64000,128,32,3.312660918766666,0.6434884479502628,0.577279033344,0.00616421891072,0.0,0.0,70.0183235002368,17.965332722467576,17.984057769984002,6.695786905600002e-05,0.0,0.0,0.0,0.0,0.0,0.0,110.5073735695291,,,,,,,,,,,,,,,,,,,,,,,,,,,,,,,,
Llama-3.1-8B,LC64K,1,M3D_GPU,64000,128,32,3.312660918766666,0.6434884479502628,,,,,70.0183235002368,17.369903124494424,,,,,,,,,96.8825555422477,1.1048206156693503,1.249902592e-08,0.23978743693312,4.194304e-06,4.194304e-06,3.3554432e-06,0.0,0.0,0.0,0.0,0.0,0.0,2.9973597388799997,0.014662250178962923,1.006209399053699,0.0,0.035464175281766395,1.1506747904e-06,0.00769705377792,0.00038613248,0.00038613248,0.000308905984,0.0,0.0,0.0,0.0,0.0,0.0,0.097757702144,0.0004782034989164206,0.03284889721279711,0.0
Llama-3.1-8B,LC64K,1,M3D_NMP_UNIFORM,64000,128,32,3.312660918766666,0.6434884479502628,,,,,3.9185223254016,4.2491621376557065,,,,,,,,,24.16382900723091,1.1048206156693503,1.249902592e-08,0.23978743693312,4.194304e-06,4.194304e-06,3.3554432e-06,2.1986206285824,0.08665553698816,1.1812506501120001,1.1812506501120001,1.556447494144,0.041347448832,0.16774496256,0.014662250178962923,2.26622898522359,1.8259912969925876,0.035464175281766395,1.1506747904e-06,0.00769705377792,0.00038613248,0.00038613248,0.000308905984,0.0,0.0,0.0,0.0,0.0,0.0,0.097757702144,0.0004782034989164206,0.0326960082568845,0.0
Llama-3.1-8B,LC64K,1,M3D_NMP_CPA,64000,128,32,3.312660918766666,0.6434884479502628,,,,,3.9185223254016,3.918270837816743,,,,,,,,,21.76545452310836,1.1048206156693503,1.249902592e-08,0.23978743693312,4.194304e-06,4.194304e-06,3.3554432e-06,1.8437053349888,0.08665553698816,0.7078500433920001,0.7078500433920001,1.556447494144,0.025341984768,0.16774496256,0.014662250178962923,1.6586605064644664,1.6837974681428705,0.035464175281766395,1.1506747904e-06,0.00769705377792,0.00038613248,0.00038613248,0.000308905984,0.0,0.0,0.0,0.0,0.0,0.0,0.097757702144,0.0004782034989164206,0.032697102679741484,0.0
Llama-3.1-8B,LC64K,8,HBM_HOST_OFFLOAD,64000,128,32,26.501287350133328,5.147907583602103,2.0966670336,0.04931375128576,0.0,0.0,245.99318082093046,63.11704022578034,63.182374699008,0.0005356629524480001,0.0,0.0,0.0,0.0,0.0,0.0,406.08830712729247,,,,,,,,,,,,,,,,,,,,,,,,,,,,,,,,
Llama-3.1-8B,LC64K,8,HBM_RESIDENT_WAVE,64000,128,32,26.501287350133328,5.147907583602103,2.0966670336,0.04931375128576,0.0,0.0,245.99318082093046,63.11704022578034,63.182374699008,0.0005356629524480001,0.0,0.0,0.0,0.0,0.0,0.0,406.08830712729247,,,,,,,,,,,,,,,,,,,,,,,,,,,,,,,,
Llama-3.1-8B,LC64K,8,HBM_BEST,64000,128,32,26.501287350133328,5.147907583602103,2.0966670336,0.04931375128576,0.0,0.0,245.99318082093046,63.11704022578034,63.182374699008,0.0005356629524480001,0.0,0.0,0.0,0.0,0.0,0.0,406.08830712729247,,,,,,,,,,,,,,,,,,,,,,,,,,,,,,,,
Llama-3.1-8B,LC64K,8,M3D_GPU,64000,128,32,26.501287350133328,5.147907583602103,,,,,245.99318082093058,59.34628631449816,,,,,,,,,356.46227071325126,3.8815038856757247,9.999220736e-08,0.84243166265344,3.3554432e-05,3.3554432e-05,2.68435456e-05,0.0,0.0,0.0,0.0,0.0,0.0,10.530530000896,0.051512459993328,3.517408597534025,0.0,0.12880524476416,9.2053983232e-06,0.027955560448,0.00308905984,0.00308905984,0.002471247872,0.0,0.0,0.0,0.0,0.0,0.0,0.36180074496,0.001769829821382135,0.12113803198877067,0.0
Llama-3.1-8B,LC64K,8,M3D_NMP_UNIFORM,64000,128,32,26.501287350133328,5.147907583602103,,,,,31.3481786032128,23.892571413916908,,,,,,,,,161.0851880217205,3.8815038856757247,9.999220736e-08,0.84243166265344,3.3554432e-05,3.3554432e-05,2.68435456e-05,12.1938015944704,0.69114613727232,9.425984421888,9.425984421888,12.451579953152,0.330779590656,1.34195970048,0.051512459993328,12.640960362135296,10.26734825625078,0.12880524476416,9.2053983232e-06,0.027955560448,0.00308905984,0.00308905984,0.002471247872,0.0,0.0,0.0,0.0,0.0,0.0,0.36180074496,0.001769829821382135,0.12116661899447499,0.0
Llama-3.1-8B,LC64K,8,M3D_NMP_CPA,64000,128,32,26.501287350133328,5.147907583602103,,,,,31.3481786032128,21.037654162299802,,,,,,,,,144.3836081261585,3.8815038856757247,9.999220736e-08,0.84243166265344,3.3554432e-05,3.3554432e-05,2.68435456e-05,9.783781359616,0.69114613727232,6.421713518592,6.421713518592,12.451579953152,0.20456983756799998,1.34195970048,0.051512459993328,8.565890294937084,9.040505437312618,0.12880524476416,9.2053983232e-06,0.027955560448,0.00308905984,0.00308905984,0.002471247872,0.0,0.0,0.0,0.0,0.0,0.0,0.36180074496,0.001769829821382135,0.12118865572028811,0.0
Llama-3.1-8B,LC64K,32,HBM_HOST_OFFLOAD,64000,128,32,106.00514940053331,24.77310037788346,3.960905662464,0.19725500514304,4.460122210304,1.4495397183488,849.335548777595,793.1343233063747,111.05496937267205,0.0,142.795046125568,46.4083899908096,0.0,0.0,0.0,0.0,2083.5743499476957,,,,,,,,,,,,,,,,,,,,,,,,,,,,,,,,
Llama-3.1-8B,LC64K,32,HBM_RESIDENT_WAVE,64000,128,32,106.00514940053331,20.591630334408414,8.026444529664,0.19725500514304,0.0,0.0,939.093665115013,240.95307210969844,241.20234344448,0.0021426518097919997,0.0,0.0,4.563402752,1.4831058944,2.276567547904,25.346757131190856,1589.741535916245,,,,,,,,,,,,,,,,,,,,,,,,,,,,,,,,
Llama-3.1-8B,LC64K,32,HBM_BEST,64000,128,32,106.00514940053331,20.591630334408414,8.026444529664,0.19725500514304,0.0,0.0,939.093665115013,240.95307210969844,241.20234344448,0.0021426518097919997,0.0,0.0,4.563402752,1.4831058944,2.276567547904,25.346757131190856,1589.741535916245,,,,,,,,,,,,,,,,,,,,,,,,,,,,,,,,
Llama-3.1-8B,LC64K,32,M3D_GPU,64000,128,32,106.00514940053331,20.59163033440841,,,,,849.3355487775949,203.24479740113412,,,,,,,,,1246.4427866441663,13.401560811411866,3.9996882944e-07,2.9086404365516803,0.000134217728,0.000134217728,0.0001073741824,0.0,0.0,0.0,0.0,0.0,0.0,36.358542327807996,0.17785596600766837,12.140279965429647,0.0,0.44883176870379515,3.68215932928e-05,0.09741329760256,0.01235623936,0.01235623936,0.009884991488,0.0,0.0,0.0,0.0,0.0,0.0,1.267091177472,0.006198260724102175,0.42423621737570527,0.0
Llama-3.1-8B,LC64K,32,M3D_NMP_UNIFORM,64000,128,32,106.00514940053331,20.59163033440841,,,,,125.3927144128512,92.44164789250752,,,,,,,,,631.2782682821589,13.401560811411866,3.9996882944e-07,2.9086404365516803,0.000134217728,0.000134217728,0.0001073741824,46.2656972521472,2.71509310406656,37.404716040192,37.404716040192,49.806319812608,1.323118362624,5.36783880192,0.17785596600766837,48.0676182212828,39.7249243646181,0.44883176870379515,3.68215932928e-05,0.09741329760256,0.01235623936,0.01235623936,0.009884991488,0.0,0.0,0.0,0.0,0.0,0.0,1.267091177472,0.006198260724102175,0.4244820223257839,0.0
Llama-3.1-8B,LC64K,32,M3D_NMP_CPA,64000,128,32,106.00514940053331,20.59163033440841,,,,,125.3927144128512,81.63266143365912,,,,,,,,,574.1616630691624,13.401560811411866,3.9996882944e-07,2.9086404365516803,0.000134217728,0.000134217728,0.0001073741824,37.7477234950144,2.71509310406656,28.101791711232,28.101791711232,49.806319812608,0.767428657152,5.36783880192,0.17785596600766837,34.08442969242454,35.07998153500487,0.44883176870379515,3.68215932928e-05,0.09741329760256,0.01235623936,0.01235623936,0.009884991488,0.0,0.0,0.0,0.0,0.0,0.0,1.267091177472,0.006198260724102175,0.4245067471739345,0.0
Llama-3.1-8B,LC126K,1,HBM_HOST_OFFLOAD,126000,128,32,5.577000122776772,1.0833391165674058,0.772314169344,0.00616421891072,0.0,0.0,94.3171009773568,24.199923902363302,24.225182121984002,6.695786905600002e-05,0.0,0.0,0.0,0.0,0.0,0.0,150.18109158717206,,,,,,,,,,,,,,,,,,,,,,,,,,,,,,,,
Llama-3.1-8B,LC126K,1,HBM_RESIDENT_WAVE,126000,128,32,5.577000122776772,1.0833391165674058,0.772314169344,0.00616421891072,0.0,0.0,94.3171009773568,24.199923902363302,24.225182121984002,6.695786905600002e-05,0.0,0.0,0.0,0.0,0.0,0.0,150.18109158717206,,,,,,,,,,,,,,,,,,,,,,,,,,,,,,,,
Llama-3.1-8B,LC126K,1,HBM_BEST,126000,128,32,5.577000122776772,1.0833391165674058,0.772314169344,0.00616421891072,0.0,0.0,94.3171009773568,24.199923902363302,24.225182121984002,6.695786905600002e-05,0.0,0.0,0.0,0.0,0.0,0.0,150.18109158717206,,,,,,,,,,,,,,,,,,,,,,,,,,,,,,,,
Llama-3.1-8B,LC126K,1,M3D_GPU,126000,128,32,5.577000122776772,1.0833391165674058,,,,,94.3171009773568,23.16212530019313,,,,,,,,,131.5896864234293,1.4882336883605503,1.249902592e-08,0.32300242829312,4.194304e-06,4.194304e-06,3.3554432e-06,0.0,0.0,0.0,0.0,0.0,0.0,4.03754713088,0.019750575108530708,1.3483119972338338,0.0,0.047445833803366394,1.1506747904e-06,0.01029752225792,0.00038613248,0.00038613248,0.000308905984,0.0,0.0,0.0,0.0,0.0,0.0,0.130263558144,0.000637213652965414,0.043536880631902766,0.0
Llama-3.1-8B,LC126K,1,M3D_NMP_UNIFORM,126000,128,32,5.577000122776772,1.0833391165674058,,,,,4.6778591215616006,4.802633663493099,,,,,,,,,30.90957555957394,1.4882336883605503,1.249902592e-08,0.32300242829312,4.194304e-06,4.194304e-06,3.3554432e-06,2.6235287896064,0.08426138632192,1.1903685427200001,1.1903685427200001,2.596634886144,0.041347448832,0.20025081856,0.019750575108530708,2.7138655638416354,2.0638344662037915,0.047445833803366394,1.1506747904e-06,0.01029752225792,0.00038613248,0.00038613248,0.000308905984,0.0,0.0,0.0,0.0,0.0,0.0,0.130263558144,0.000637213652965414,0.04355819243585197,0.0
Llama-3.1-8B,LC126K,1,M3D_NMP_CPA,126000,128,32,5.577000122776772,1.0833391165674058,,,,,4.6778591215616006,4.548927322210261,,,,,,,,,28.58690438283819,1.4882336883605503,1.249902592e-08,0.32300242829312,4.194304e-06,4.194304e-06,3.3554432e-06,2.3104399343616002,0.08426138632192,0.7313706516480001,0.7313706516480001,2.596634886144,0.030677139456,0.20025081856,0.019750575108530708,1.9956808326237157,1.9548093087335987,0.047445833803366394,1.1506747904e-06,0.01029752225792,0.00038613248,0.00038613248,0.000308905984,0.0,0.0,0.0,0.0,0.0,0.0,0.130263558144,0.000637213652965414,0.04355819243585197,0.0
Llama-3.1-8B,LC126K,8,HBM_HOST_OFFLOAD,126000,128,32,44.616000982214175,8.666712932539246,3.5994190479359998,0.04931375128576,0.07670543155199999,0.024929265254399997,440.38340063789065,111.14144245802251,111.257906577408,0.0,2.472357658624,0.8035162390528,0.0,0.0,0.0,0.0,723.0917049817795,,,,,,,,,,,,,,,,,,,,,,,,,,,,,,,,
Llama-3.1-8B,LC126K,8,HBM_RESIDENT_WAVE,126000,128,32,44.616000982214175,8.666712932539246,4.017171726336,0.04931375128576,0.0,0.0,485.2624588065997,124.50885845836905,124.63852486655999,0.0005356629524479998,0.0,0.0,0.528482304,0.1717567488,0.263646609408,2.935378123648941,795.6588409727133,,,,,,,,,,,,,,,,,,,,,,,,,,,,,,,,
Llama-3.1-8B,LC126K,8,HBM_BEST,126000,128,32,44.616000982214175,8.666712932539246,3.5994190479359998,0.04931375128576,0.07670543155199999,0.024929265254399997,440.38340063789065,111.14144245802251,111.257906577408,0.0,2.472357658624,0.8035162390528,0.0,0.0,0.0,0.0,723.0917049817795,,,,,,,,,,,,,,,,,,,,,,,,,,,,,,,,
Llama-3.1-8B,LC126K,8,M3D_GPU,126000,128,32,44.616000982214175,8.666712932539246,,,,,440.3834006378906,105.68350611505117,,,,,,,,,634.1645550603182,6.948808467205324,9.999220736e-08,1.50815159353344,3.3554432e-05,3.3554432e-05,2.68435456e-05,0.0,0.0,0.0,0.0,0.0,0.0,18.852029136896,0.09221893889383871,6.2986179001908225,0.0,0.22465851293696,9.2053983232e-06,0.048759308288,0.00308905984,0.00308905984,0.002471247872,0.0,0.0,0.0,0.0,0.0,0.0,0.62184759296,0.003041907287023095,0.2080484090795074,0.0
Llama-3.1-8B,LC126K,8,M3D_NMP_UNIFORM,126000,128,32,44.616000982214175,8.666712932539246,,,,,37.422872972492804,28.33968750003107,,,,,,,,,215.1911890636708,6.948808467205324,9.999220736e-08,1.50815159353344,3.3554432e-05,3.3554432e-05,2.68435456e-05,15.6206721138688,0.68873927786496,9.515864162304,9.515864162304,20.773079089152,0.330779590656,1.60200654848,0.09221893889383871,16.25621372169222,12.178406250013353,0.22465851293696,9.2053983232e-06,0.048759308288,0.00308905984,0.00308905984,0.002471247872,0.0,0.0,0.0,0.0,0.0,0.0,0.62184759296,0.003041907287023095,0.20805081360150582,0.0
Llama-3.1-8B,LC126K,8,M3D_NMP_CPA,126000,128,32,44.616000982214175,8.666712932539246,,,,,37.422872972492804,25.550266385423807,,,,,,,,,198.69079306172162,6.948808467205324,9.999220736e-08,1.50815159353344,3.3554432e-05,3.3554432e-05,2.68435456e-05,13.528026474086401,0.68873927786496,6.658517630976,6.658517630976,20.773079089152,0.241915920384,1.60200654848,0.09221893889383871,11.64010862001806,10.979709068330772,0.22465851293696,9.2053983232e-06,0.048759308288,0.00308905984,0.00308905984,0.002471247872,0.0,0.0,0.0,0.0,0.0,0.0,0.62184759296,0.003041907287023095,0.20808058232672302,0.0
Llama-3.1-8B,LC126K,32,HBM_HOST_OFFLOAD,126000,128,32,178.4640039288567,70.99365749946678,3.960905662464,0.19725500514304,12.781621346304,4.1540269375487995,1626.896428045435,2272.1921511970418,111.05496937267205,0.0,409.0830184775679,132.95198100520957,0.0,0.0,0.0,0.0,4822.730018477709,,,,,,,,,,,,,,,,,,,,,,,,,,,,,,,,
Llama-3.1-8B,LC126K,32,HBM_RESIDENT_WAVE,126000,128,32,178.4640039288567,34.666851730156985,14.988016091135998,0.19725500514304,0.0,0.0,1806.4126607202713,463.4901674532075,463.97263341158396,0.0021426518097919993,0.0,0.0,13.212057599999998,4.29391872,6.5911652352,73.38445309122353,3059.6753256385887,,,,,,,,,,,,,,,,,,,,,,,,,,,,,,,,
Llama-3.1-8B,LC126K,32,HBM_BEST,126000,128,32,178.4640039288567,34.666851730156985,14.988016091135998,0.19725500514304,0.0,0.0,1806.4126607202713,463.4901674532075,463.97263341158396,0.0021426518097919993,0.0,0.0,13.212057599999998,4.29391872,6.5911652352,73.38445309122353,3059.6753256385887,,,,,,,,,,,,,,,,,,,,,,,,,,,,,,,,
Llama-3.1-8B,LC126K,32,M3D_GPU,126000,128,32,178.4640039288567,34.666851730156985,,,,,1626.896428045435,388.593793693039,,,,,,,,,2357.255162043405,25.670779137530264,3.9996882944e-07,5.57152016007168,0.000134217728,0.000134217728,0.0001073741824,0.0,0.0,0.0,0.0,0.0,0.0,69.644538871808,0.3406818688969267,23.268134894010615,0.0,0.8322448413949951,3.68215932928e-05,0.18062828896256,0.01235623936,0.01235623936,0.009884991488,0.0,0.0,0.0,0.0,0.0,0.0,2.307278569472,0.011286570189391498,0.7719809421724959,0.0
Llama-3.1-8B,LC126K,32,M3D_NMP_UNIFORM,126000,128,32,178.4640039288567,34.666851730156985,,,,,149.69149188997122,109.9744654455101,,,,,,,,,847.9068328956679,25.670779137530264,3.9996882944e-07,5.57152016007168,0.000134217728,0.000134217728,0.0001073741824,60.075721673932804,2.69614156087296,37.98811017216,37.98811017216,83.092316356608,1.323118362624,6.40802619392,0.3406818688969267,62.557722580649916,47.25929731307056,0.8322448413949951,3.68215932928e-05,0.18062828896256,0.01235623936,0.01235623936,0.009884991488,0.0,0.0,0.0,0.0,0.0,0.0,2.307278569472,0.011286570189391498,0.7720255772483482,0.0
Llama-3.1-8B,LC126K,32,M3D_NMP_CPA,126000,128,32,178.4640039288567,34.666851730156985,,,,,149.69149188997122,100.14051136236165,,,,,,,,,791.53122377015,25.670779137530264,3.9996882944e-07,5.57152016007168,0.000134217728,0.000134217728,0.0001073741824,52.9206316367872,2.69614156087296,28.811763646464,28.811763646464,83.092316356608,0.969831088128,6.40802619392,0.3406818688969267,46.103061643696456,43.033354882744604,0.8322448413949951,3.68215932928e-05,0.18062828896256,0.01235623936,0.01235623936,0.009884991488,0.0,0.0,0.0,0.0,0.0,0.0,2.307278569472,0.011286570189391498,0.7720442651919167,0.0
Qwen2.5-32B,LC20K,1,HBM_HOST_OFFLOAD,20000,128,32,6.180347798195291,1.7442412623023413,1.715460096,0.020360047292416,0.0,0.0,207.0604952266342,53.12767436388008,53.183145050112,0.00013391573811200004,0.0,0.0,0.0,0.0,0.0,0.0,323.0318577601544,,,,,,,,,,,,,,,,,,,,,,,,,,,,,,,,
Qwen2.5-32B,LC20K,1,HBM_RESIDENT_WAVE,20000,128,32,6.180347798195291,1.7442412623023413,1.715460096,0.020360047292416,0.0,0.0,207.0604952266342,53.12767436388008,53.183145050112,0.00013391573811200004,0.0,0.0,0.0,0.0,0.0,0.0,323.0318577601544,,,,,,,,,,,,,,,,,,,,,,,,,,,,,,,,
Qwen2.5-32B,LC20K,1,HBM_BEST,20000,128,32,6.180347798195291,1.7442412623023413,1.715460096,0.020360047292416,0.0,0.0,207.0604952266342,53.12767436388008,53.183145050112,0.00013391573811200004,0.0,0.0,0.0,0.0,0.0,0.0,323.0318577601544,,,,,,,,,,,,,,,,,,,,,,,,,,,,,,,,
Qwen2.5-32B,LC20K,1,M3D_GPU,20000,128,32,6.180347798195291,1.6531872729174297,,,,,207.06049522663426,50.63586042573863,,,,,,,,,281.8913364412128,3.2672178775785468,2.499805184e-08,0.7091086006681601,8.388608e-06,8.388608e-06,6.7108864e-06,0.0,0.0,0.0,0.0,0.0,0.0,8.863891062783999,0.04335973004977267,2.9564336719513307,0.0,0.10538643189759998,3.8006101811199996e-06,0.02287280128,0.0012753725439999999,0.0012753725439999999,0.0010202980352,0.0,0.0,0.0,0.0,0.0,0.0,0.29101150617599997,0.00142354864106419,0.09714212986686407,0.0
Qwen2.5-32B,LC20K,1,M3D_NMP_UNIFORM,20000,128,32,6.180347798195291,1.585411075857425,,,,,9.62935199367168,11.804129729764766,,,,,,,,,63.362697423587754,3.2672178775785468,2.499805184e-08,0.7091086006681601,8.388608e-06,8.388608e-06,6.7108864e-06,6.5394083627008,0.25642487775232,3.8248894932,3.8248894932,2.8918677504,0.10336862208,0.412215410688,0.04335973004977267,6.696526755298688,5.072585478466481,0.10538643189759998,3.8006101811199996e-06,0.02287280128,0.0012753725439999999,0.0012753725439999999,0.0010202980352,0.0,0.0,0.0,0.0,0.0,0.0,0.29101150617599997,0.00142354864106419,0.09730172918732694,0.0
Qwen2.5-32B,LC20K,1,M3D_NMP_CPA,20000,128,32,6.180347798195291,1.585411075857425,,,,,9.62935199367168,10.748224978037033,,,,,,,,,57.38864797307021,3.2672178775785468,2.499805184e-08,0.7091086006681601,8.388608e-06,8.388608e-06,6.7108864e-06,5.5490815983616,0.25642487775232,2.778279492564,2.778279492564,2.8918677504,0.03584557056,0.412215410688,0.04335973004977267,5.383200976036986,4.618831814886184,0.10538643189759998,3.8006101811199996e-06,0.02287280128,0.0012753725439999999,0.0012753725439999999,0.0010202980352,0.0,0.0,0.0,0.0,0.0,0.0,0.29101150617599997,0.00142354864106419,0.09730629037072447,0.0
Qwen2.5-32B,LC20K,8,HBM_HOST_OFFLOAD,20000,128,32,49.442782385562325,9.604321142374399,2.97699311616,0.162880378339328,0.0,0.0,317.58996956250104,81.48737626500564,81.57115554201602,0.0010713259048960003,0.0,0.0,0.0,0.0,0.0,0.0,542.8365497178637,,,,,,,,,,,,,,,,,,,,,,,,,,,,,,,,
Qwen2.5-32B,LC20K,8,HBM_RESIDENT_WAVE,20000,128,32,49.442782385562325,9.604321142374399,2.97699311616,0.162880378339328,0.0,0.0,317.58996956250104,81.48737626500564,81.57115554201602,0.0010713259048960003,0.0,0.0,0.0,0.0,0.0,0.0,542.8365497178637,,,,,,,,,,,,,,,,,,,,,,,,,,,,,,,,
Qwen2.5-32B,LC20K,8,HBM_BEST,20000,128,32,49.442782385562325,9.604321142374399,2.97699311616,0.162880378339328,0.0,0.0,317.58996956250104,81.48737626500564,81.57115554201602,0.0010713259048960003,0.0,0.0,0.0,0.0,0.0,0.0,542.8365497178637,,,,,,,,,,,,,,,,,,,,,,,,,,,,,,,,
Qwen2.5-32B,LC20K,8,M3D_GPU,20000,128,32,49.442782385562325,9.604321142374399,,,,,317.58996956250115,77.19446812732943,,,,,,,,,479.1089703963491,5.011187988797849,1.9998441472e-07,1.08761540722688,6.7108864e-05,6.7108864e-05,5.36870912e-05,0.0,0.0,0.0,0.0,0.0,0.0,13.595461025792,0.0665052978241486,4.545616031552147,0.0,0.18288661043609597,3.0404881448959997e-05,0.0396932415488,0.010202980351999999,0.010202980351999999,0.0081623842816,0.0,0.0,0.0,0.0,0.0,0.0,0.536977440768,0.002626747173074994,0.18007253279225055,0.0
Qwen2.5-32B,LC20K,8,M3D_NMP_UNIFORM,20000,128,32,49.442782385562325,9.604321142374399,,,,,77.03481594937344,59.26848924536944,,,,,,,,,377.8526542280737,5.011187988797849,1.9998441472e-07,1.08761540722688,6.7108864e-05,6.7108864e-05,5.36870912e-05,29.3679243722752,2.117364350976,30.429874642896003,30.429874642896003,23.1349420032,0.82694897664,3.297723285504,0.0665052978241486,30.291904197304113,25.469431864902003,0.18288661043609597,3.0404881448959997e-05,0.0396932415488,0.010202980351999999,0.010202980351999999,0.0081623842816,0.0,0.0,0.0,0.0,0.0,0.0,0.536977440768,0.002626747173074994,0.17997758035533098,0.0
Qwen2.5-32B,LC20K,8,M3D_NMP_CPA,20000,128,32,49.442782385562325,9.604321142374399,,,,,77.03481594937344,49.14296901645093,,,,,,,,,323.2279648056147,5.011187988797849,1.9998441472e-07,1.08761540722688,6.7108864e-05,6.7108864e-05,5.36870912e-05,20.3871175573504,2.117364350976,20.793106643784,20.793106643784,23.1349420032,0.22674407423999998,3.297723285504,0.0665052978241486,18.998446168349872,21.11819479355594,0.18288661043609597,3.0404881448959997e-05,0.0396932415488,0.010202980351999999,0.010202980351999999,0.0081623842816,0.0,0.0,0.0,0.0,0.0,0.0,0.536977440768,0.002626747173074994,0.1800512026639568,0.0
Qwen2.5-32B,LC20K,32,HBM_HOST_OFFLOAD,20000,128,32,197.7711295422493,38.417284569497596,5.1773225041919995,0.651521513357312,2.833235574784,0.9208015618047999,696.5481672854728,504.36654698571357,110.80371378585598,0.0,90.80560785817597,29.511822553907198,0.0,0.0,0.0,0.0,1677.8071537350106,,,,,,,,,,,,,,,,,,,,,,,,,,,,,,,,
Qwen2.5-32B,LC20K,32,HBM_RESIDENT_WAVE,20000,128,32,197.7711295422493,38.417284569497596,10.372731371519999,0.651521513357312,0.0,0.0,1079.0893079284942,276.87321668201747,277.15690718822395,0.0042853036195839985,0.0,0.0,3.0198988800000004,0.9814671359999999,1.5065520537600001,16.773589277993946,1902.6178914467334,,,,,,,,,,,,,,,,,,,,,,,,,,,,,,,,
Qwen2.5-32B,LC20K,32,HBM_BEST,20000,128,32,197.7711295422493,38.417284569497596,10.372731371519999,0.651521513357312,0.0,0.0,1079.0893079284942,276.87321668201747,277.15690718822395,0.0042853036195839985,0.0,0.0,3.0198988800000004,0.9814671359999999,1.5065520537600001,16.773589277993946,1902.6178914467334,,,,,,,,,,,,,,,,,,,,,,,,,,,,,,,,
Qwen2.5-32B,LC20K,32,M3D_GPU,20000,128,32,197.7711295422493,38.417284569497596,,,,,696.5481672854733,168.25283411734836,,,,,,,,,1156.8250100777468,10.990514084406886,7.9993765888e-07,2.38535302971392,0.000268435456,0.000268435456,0.0002147483648,0.0,0.0,0.0,0.0,0.0,0.0,29.817986613248,0.14586134387379052,9.983649753983306,0.0,0.44860150828236794,0.00012161952579583999,0.09736332247040001,0.040811921407999996,0.040811921407999996,0.0326495371264,0.0,0.0,0.0,0.0,0.0,0.0,1.380289216512,0.006751993460337356,0.4640762785447142,0.0
Qwen2.5-32B,LC20K,32,M3D_NMP_UNIFORM,20000,128,32,197.7711295422493,38.417284569497596,,,,,308.13926379749375,226.33484138651602,,,,,,,,,1462.280957166244,10.990514084406886,7.9993765888e-07,2.38535302971392,0.000268435456,0.000268435456,0.0002147483648,107.2956247638016,8.18968256315392,121.61238218299201,121.61238218299201,92.5397680128,3.30779590656,13.190893142016,0.14586134387379052,110.57377695617681,97.26281021744877,0.44860150828236794,0.00012161952579583999,0.09736332247040001,0.040811921407999996,0.040811921407999996,0.0326495371264,0.0,0.0,0.0,0.0,0.0,0.0,1.380289216512,0.006751993460337356,0.46344002514415295,0.0
Qwen2.5-32B,LC20K,32,M3D_NMP_CPA,20000,128,32,197.7711295422493,38.417284569497596,,,,,308.13926379749375,190.18696624449274,,,,,,,,,1300.2343206513774,10.990514084406886,7.9993765888e-07,2.38535302971392,0.000268435456,0.000268435456,0.0002147483648,79.2312380653568,8.18968256315392,98.113168984656,98.113168984656,92.5397680128,0.88092573696,13.190893142016,0.14586134387379052,77.6984417382125,81.7289936023631,0.44860150828236794,0.00012161952579583999,0.09736332247040001,0.040811921407999996,0.040811921407999996,0.0326495371264,0.0,0.0,0.0,0.0,0.0,0.0,1.380289216512,0.006751993460337356,0.4635137500673934,0.0
Qwen2.5-32B,LC64K,1,HBM_HOST_OFFLOAD,64000,128,32,10.197723805309995,2.0207755485073937,1.9922841599999999,0.020360047292416,0.0,0.0,241.54908261351423,61.97677152244176,62.041515098111994,0.00013391573811200004,0.0,0.0,0.0,0.0,0.0,0.0,379.7986467109159,,,,,,,,,,,,,,,,,,,,,,,,,,,,,,,,
Qwen2.5-32B,LC64K,1,HBM_RESIDENT_WAVE,64000,128,32,10.197723805309995,2.0207755485073937,1.9922841599999999,0.020360047292416,0.0,0.0,241.54908261351423,61.97677152244176,62.041515098111994,0.00013391573811200004,0.0,0.0,0.0,0.0,0.0,0.0,379.7986467109159,,,,,,,,,,,,,,,,,,,,,,,,,,,,,,,,
Qwen2.5-32B,LC64K,1,HBM_BEST,64000,128,32,10.197723805309995,2.0207755485073937,1.9922841599999999,0.020360047292416,0.0,0.0,241.54908261351423,61.97677152244176,62.041515098111994,0.00013391573811200004,0.0,0.0,0.0,0.0,0.0,0.0,379.7986467109159,,,,,,,,,,,,,,,,,,,,,,,,,,,,,,,,
Qwen2.5-32B,LC64K,1,M3D_GPU,64000,128,32,10.197723805309995,1.9809203613110857,,,,,241.54908261351426,58.901434213922386,,,,,,,,,331.7128179698469,3.8114170775273473,2.499805184e-08,0.82722020130816,8.388608e-06,8.388608e-06,6.7108864e-06,0.0,0.0,0.0,0.0,0.0,0.0,10.340286070784,0.0505818284403019,3.450226457895258,0.0,0.122392656896,3.8006101811199996e-06,0.026563788799999998,0.0012753725439999999,0.0012753725439999999,0.0010202980352,0.0,0.0,0.0,0.0,0.0,0.0,0.337148850176,0.0016492392157682282,0.11257244791262658,0.0
Qwen2.5-32B,LC64K,1,M3D_NMP_UNIFORM,64000,128,32,10.197723805309995,1.9809203613110857,,,,,10.97656243847168,12.704224932823188,,,,,,,,,74.30887635600384,3.8114170775273473,2.499805184e-08,0.82722020130816,8.388608e-06,8.388608e-06,6.7108864e-06,7.142635470848,0.25819382546432,3.8234880036,3.8234880036,4.7373615103999995,0.10336862208,0.469887090688,0.0505818284403019,7.33834643249556,5.459383146807802,0.122392656896,3.8006101811199996e-06,0.026563788799999998,0.0012753725439999999,0.0012753725439999999,0.0010202980352,0.0,0.0,0.0,0.0,0.0,0.0,0.337148850176,0.0016492392157682282,0.11272071290680163,0.0
Qwen2.5-32B,LC64K,1,M3D_NMP_CPA,64000,128,32,10.197723805309995,1.9809203613110857,,,,,10.97656243847168,11.96755657403409,,,,,,,,,69.13541272026643,3.8114170775273473,2.499805184e-08,0.82722020130816,8.388608e-06,8.388608e-06,6.7108864e-06,6.3619509256192,0.25819382546432,2.839868738232,2.839868738232,4.7373615103999995,0.06335496192,0.469887090688,0.0505818284403019,6.0060525042312705,5.14281485208492,0.122392656896,3.8006101811199996e-06,0.026563788799999998,0.0012753725439999999,0.0012753725439999999,0.0010202980352,0.0,0.0,0.0,0.0,0.0,0.0,0.337148850176,0.0016492392157682282,0.11272439507046825,0.0
Qwen2.5-32B,LC64K,8,HBM_HOST_OFFLOAD,64000,128,32,81.58179044247996,15.847362890488686,3.9035232583679997,0.162880378339328,1.7174164930559999,0.5581603602431999,593.4986686575412,305.4497631638757,111.19509268070398,0.0,54.992845144064,17.8726746718208,0.0,0.0,0.0,0.0,1186.7801781409808,,,,,,,,,,,,,,,,,,,,,,,,,,,,,,,,
Qwen2.5-32B,LC64K,8,HBM_RESIDENT_WAVE,64000,128,32,81.58179044247996,15.847362890488686,6.72682672128,0.162880378339328,0.0,0.0,784.7692389790517,201.35644191150408,201.56583090585602,0.0010713259048960003,0.0,0.0,2.147483648,0.6979321855999999,1.071325904896,11.927885708795696,1307.8560710021961,,,,,,,,,,,,,,,,,,,,,,,,,,,,,,,,
Qwen2.5-32B,LC64K,8,HBM_BEST,64000,128,32,81.58179044247996,15.847362890488686,6.72682672128,0.162880378339328,0.0,0.0,784.7692389790517,201.35644191150408,201.56583090585602,0.0010713259048960003,0.0,0.0,2.147483648,0.6979321855999999,1.071325904896,11.927885708795696,1307.8560710021961,,,,,,,,,,,,,,,,,,,,,,,,,,,,,,,,
Qwen2.5-32B,LC64K,8,M3D_GPU,64000,128,32,81.58179044247996,15.847362890488686,,,,,593.4986686575411,143.33091734622855,,,,,,,,,881.2962449329549,9.364781588388249,1.9998441472e-07,2.03250821234688,6.7108864e-05,6.7108864e-05,5.36870912e-05,0.0,0.0,0.0,0.0,0.0,0.0,25.406621089792,0.1242821791171571,8.478875176937796,0.0,0.31893641042329596,3.0404881448959997e-05,0.0692211417088,0.010202980351999999,0.010202980351999999,0.0081623842816,0.0,0.0,0.0,0.0,0.0,0.0,0.906076192768,0.00443227471348151,0.30298447535018963,0.0
Qwen2.5-32B,LC64K,8,M3D_NMP_UNIFORM,64000,128,32,81.58179044247996,15.847362890488686,,,,,87.81249950777344,66.27131391899088,,,,,,,,,468.1074182608682,9.364781588388249,1.9998441472e-07,2.03250821234688,6.7108864e-05,6.7108864e-05,5.36870912e-05,34.124177866752,2.0119128375296,30.525399618432,30.525399618432,37.898892083199996,0.82694897664,3.759096725504,0.1242821791171571,35.29156006619566,28.47875381924203,0.31893641042329596,3.0404881448959997e-05,0.0692211417088,0.010202980351999999,0.010202980351999999,0.0081623842816,0.0,0.0,0.0,0.0,0.0,0.0,0.906076192768,0.00443227471348151,0.303285035071372,0.0
Qwen2.5-32B,LC64K,8,M3D_NMP_CPA,64000,128,32,81.58179044247996,15.847362890488686,,,,,87.81249950777344,58.38252813423004,,,,,,,,,421.8683618133717,9.364781588388249,1.9998441472e-07,2.03250821234688,6.7108864e-05,6.7108864e-05,5.36870912e-05,27.430990590771202,2.0119128375296,21.927203815068,21.927203815068,37.898892083199996,0.49766989823999996,3.759096725504,0.1242821791171571,24.55012393903645,25.08870803606102,0.31893641042329596,3.0404881448959997e-05,0.0692211417088,0.010202980351999999,0.010202980351999999,0.0081623842816,0.0,0.0,0.0,0.0,0.0,0.0,0.906076192768,0.00443227471348151,0.30335424378473336,0.0
Qwen2.5-32B,LC64K,32,HBM_HOST_OFFLOAD,64000,128,32,326.3271617699198,81.34016648577605,5.1773225041919995,0.651521513357312,14.644395638784,4.7594285826048,1800.1829636656337,2603.674431733756,110.80371378585598,0.0,468.762729906176,152.3478872195072,0.0,0.0,0.0,0.0,5568.671722805563,,,,,,,,,,,,,,,,,,,,,,,,,,,,,,,,
Qwen2.5-32B,LC64K,32,HBM_RESIDENT_WAVE,64000,128,32,326.32716176991977,63.389451561954736,26.907306885119997,0.651521513357312,0.0,0.0,3139.0769559162068,805.4257676460164,806.2633236234241,0.004285303619584,0.0,0.0,15.032385536,4.885525299199999,7.499281334271999,83.49519996156988,5278.958166350661,,,,,,,,,,,,,,,,,,,,,,,,,,,,,,,,
Qwen2.5-32B,LC64K,32,HBM_BEST,64000,128,32,326.32716176991977,63.389451561954736,26.907306885119997,0.651521513357312,0.0,0.0,3139.0769559162068,805.4257676460164,806.2633236234241,0.004285303619584,0.0,0.0,15.032385536,4.885525299199999,7.499281334271999,83.49519996156988,5278.958166350661,,,,,,,,,,,,,,,,,,,,,,,,,,,,,,,,
Qwen2.5-32B,LC64K,32,M3D_GPU,64000,128,32,326.3271617699198,63.38945156195474,,,,,1800.1829636656332,432.76225184368525,,,,,,,,,2765.787684882609,28.404888482768484,7.9993765888e-07,6.16492425019392,0.000268435456,0.000268435456,0.0002147483648,0.0,0.0,0.0,0.0,0.0,0.0,77.06262686924799,0.37696911388463866,25.95911904030915,0.0,0.992800708231168,0.00012161952579583999,0.21547492311039998,0.040811921407999996,0.040811921407999996,0.0326495371264,0.0,0.0,0.0,0.0,0.0,0.0,2.856684224512,0.01397411127317636,0.9632468992024192,0.0
Qwen2.5-32B,LC64K,32,M3D_NMP_UNIFORM,64000,128,32,326.3271617699198,63.38945156195474,,,,,351.24999803109375,255.8949167534294,,,,,,,,,1834.0916292718928,28.404888482768484,7.9993765888e-07,6.16492425019392,0.000268435456,0.000268435456,0.0002147483648,128.3635130925056,8.94139914780672,123.38965974201601,123.38965974201601,151.59556833279999,3.30779590656,15.036386902016,0.37696911388463866,133.14288990667518,109.96565341566291,0.992800708231168,0.00012161952579583999,0.21547492311039998,0.040811921407999996,0.040811921407999996,0.0326495371264,0.0,0.0,0.0,0.0,0.0,0.0,2.856684224512,0.01397411127317636,0.9567117347795866,0.0
Qwen2.5-32B,LC64K,32,M3D_NMP_CPA,64000,128,32,326.3271617699198,63.38945156195474,,,,,351.24999803109375,228.1298535437951,,,,,,,,,1693.858399658647,28.404888482768484,7.9993765888e-07,6.16492425019392,0.000268435456,0.000268435456,0.0002147483648,107.2827079852032,8.94139914780672,101.39924896610401,101.39924896610401,151.59556833279999,1.8464636928,15.036386902016,0.37696911388463866,99.12917237451875,98.0341803066579,0.992800708231168,0.00012161952579583999,0.21547492311039998,0.040811921407999996,0.040811921407999996,0.0326495371264,0.0,0.0,0.0,0.0,0.0,0.0,2.856684224512,0.01397411127317636,0.9566948452165926,0.0
Qwen2.5-32B,LC126K,1,HBM_HOST_OFFLOAD,126000,128,32,15.85857181533526,3.080547032853943,2.382354432,0.020360047292416,0.0,0.0,290.14663756775417,74.44595388223321,74.523763802112,0.00013391573811200004,0.0,0.0,0.0,0.0,0.0,0.0,460.45832249531907,,,,,,,,,,,,,,,,,,,,,,,,,,,,,,,,
Qwen2.5-32B,LC126K,1,HBM_RESIDENT_WAVE,126000,128,32,15.85857181533526,3.080547032853943,2.382354432,0.020360047292416,0.0,0.0,290.14663756775417,74.44595388223321,74.523763802112,0.00013391573811200004,0.0,0.0,0.0,0.0,0.0,0.0,460.45832249531907,,,,,,,,,,,,,,,,,,,,,,,,,,,,,,,,
Qwen2.5-32B,LC126K,1,HBM_BEST,126000,128,32,15.85857181533526,3.080547032853943,2.382354432,0.020360047292416,0.0,0.0,290.14663756775417,74.44595388223321,74.523763802112,0.00013391573811200004,0.0,0.0,0.0,0.0,0.0,0.0,460.45832249531907,,,,,,,,,,,,,,,,,,,,,,,,,,,,,,,,
Qwen2.5-32B,LC126K,1,M3D_GPU,126000,128,32,15.85857181533526,3.080547032853943,,,,,290.1466375677542,70.54847957973057,,,,,,,,,402.5647727350944,4.578243222909747,2.499805184e-08,0.99365018402816,8.388608e-06,8.388608e-06,6.7108864e-06,0.0,0.0,0.0,0.0,0.0,0.0,12.420660854784,0.0607584752389523,4.156723632942404,0.0,0.14635597393919997,3.8006101811199996e-06,0.03176472576,0.0012753725439999999,0.0012753725439999999,0.0010202980352,0.0,0.0,0.0,0.0,0.0,0.0,0.402160562176,0.001967259428226053,0.1346534913798718,0.0
Qwen2.5-32B,LC126K,1,M3D_NMP_UNIFORM,126000,128,32,15.85857181533526,3.080547032853943,,,,,12.87490442887168,14.100474993057933,,,,,,,,,90.48436551260109,4.578243222909747,2.499805184e-08,0.99365018402816,8.388608e-06,8.388608e-06,6.7108864e-06,7.9937822261248,0.2521834717184,3.8403895326720003,3.8403895326720003,7.3378299903999995,0.10336862208,0.5511517306879999,0.0607584752389523,8.238441836121686,6.059393307827598,0.14635597393919997,3.8006101811199996e-06,0.03176472576,0.0012753725439999999,0.0012753725439999999,0.0010202980352,0.0,0.0,0.0,0.0,0.0,0.0,0.402160562176,0.001967259428226053,0.13443823186366696,0.0
Qwen2.5-32B,LC126K,1,M3D_NMP_CPA,126000,128,32,15.85857181533526,3.080547032853943,,,,,12.87490442887168,13.494345319059102,,,,,,,,,85.73565235743244,4.578243222909747,2.499805184e-08,0.99365018402816,8.388608e-06,8.388608e-06,6.7108864e-06,7.3300109688832,0.2521834717184,2.9159476752,2.9159476752,7.3378299903999995,0.07669284864,0.5511517306879999,0.0607584752389523,6.8956597463557845,5.798921366838912,0.14635597393919997,3.8006101811199996e-06,0.03176472576,0.0012753725439999999,0.0012753725439999999,0.0010202980352,0.0,0.0,0.0,0.0,0.0,0.0,0.402160562176,0.001967259428226053,0.1344395270740515,0.0
Qwen2.5-32B,LC126K,8,HBM_HOST_OFFLOAD,126000,128,32,126.86857452268208,32.64941878318682,3.9035232583679997,0.162880378339328,5.878166061056,1.9104039698431998,982.2791082914611,1044.9786771092088,111.19509268070398,0.0,188.136831320064,61.14447017902079,0.0,0.0,0.0,0.0,2559.107146553934,,,,,,,,,,,,,,,,,,,,,,,,,,,,,,,,
Qwen2.5-32B,LC126K,8,HBM_RESIDENT_WAVE,126000,128,32,126.86857452268208,24.644376262831543,12.91787108352,0.162880378339328,0.0,0.0,1556.090819255992,399.2624775458457,399.67925049753603,0.0010713259048960003,0.0,0.0,6.3417876479999995,2.0610809856,3.163759312896,35.22453748378729,2566.4184863029345,,,,,,,,,,,,,,,,,,,,,,,,,,,,,,,,
Qwen2.5-32B,LC126K,8,HBM_BEST,126000,128,32,126.86857452268208,24.644376262831543,12.91787108352,0.162880378339328,0.0,0.0,1556.090819255992,399.2624775458457,399.67925049753603,0.0010713259048960003,0.0,0.0,6.3417876479999995,2.0610809856,3.163759312896,35.22453748378729,2566.4184863029345,,,,,,,,,,,,,,,,,,,,,,,,,,,,,,,,
Qwen2.5-32B,LC126K,8,M3D_GPU,126000,128,32,126.86857452268208,24.644376262831543,,,,,982.2791082914612,236.5064675295879,,,,,,,,,1448.0280971761435,15.499390751447448,1.9998441472e-07,3.36394807410688,6.7108864e-05,6.7108864e-05,5.36870912e-05,0.0,0.0,0.0,0.0,0.0,0.0,42.049619361792,0.20569507123545824,14.050414423729872,0.0,0.510642946768896,3.0404881448959997e-05,0.1108286373888,0.010202980351999999,0.010202980351999999,0.0081623842816,0.0,0.0,0.0,0.0,0.0,0.0,1.4261698887679999,0.006976427592178421,0.4770981320807996,0.0
Qwen2.5-32B,LC126K,8,M3D_NMP_UNIFORM,126000,128,32,126.86857452268208,24.644376262831543,,,,,102.99923543097344,77.57043980617036,,,,,,,,,598.4493016033658,15.499390751447448,1.9998441472e-07,3.36394807410688,6.7108864e-05,6.7108864e-05,5.36870912e-05,41.104588564070404,2.04851468304384,30.812166538704002,30.812166538704002,58.702639923199996,0.82694897664,4.4092138455039995,0.20569507123545824,42.68670854413391,33.33432413292186,0.510642946768896,3.0404881448959997e-05,0.1108286373888,0.010202980351999999,0.010202980351999999,0.0081623842816,0.0,0.0,0.0,0.0,0.0,0.0,1.4261698887679999,0.006976427592178421,0.4769651818081068,0.0
Qwen2.5-32B,LC126K,8,M3D_NMP_CPA,126000,128,32,126.86857452268208,24.644376262831543,,,,,102.99923543097344,70.28750504498963,,,,,,,,,554.216013794946,15.499390751447448,1.9998441472e-07,3.36394807410688,6.7108864e-05,6.7108864e-05,5.36870912e-05,35.5037691772928,2.04851468304384,22.441398669192,22.441398669192,58.702639923199996,0.64938835968,4.4092138455039995,0.20569507123545824,31.385850894331984,30.20463054636041,0.510642946768896,3.0404881448959997e-05,0.1108286373888,0.010202980351999999,0.010202980351999999,0.0081623842816,0.0,0.0,0.0,0.0,0.0,0.0,1.4261698887679999,0.006976427592178421,0.4770791136938835,0.0
Qwen2.5-32B,LC126K,32,HBM_HOST_OFFLOAD,126000,128,32,507.4742980907283,173.7812807289427,5.1773225041919995,0.651521513357312,31.287393910784,10.1684030210048,3355.304722201313,5561.790087515087,110.80371378585598,0.0,1001.338674610176,325.4350692483071,0.0,0.0,0.0,0.0,11083.212487129747,,,,,,,,,,,,,,,,,,,,,,,,,,,,,,,,
Qwen2.5-32B,LC126K,32,HBM_RESIDENT_WAVE,126000,128,32,507.4742980907285,98.57750505132617,51.67148433408,0.6515215133573122,0.0,0.0,6224.363277023967,1597.0499101833823,1598.7170019901446,0.004285303619584,0.0,0.0,31.708938239999988,10.305404928,15.818796564480005,176.12268741893644,10312.465110642022,,,,,,,,,,,,,,,,,,,,,,,,,,,,,,,,
Qwen2.5-32B,LC126K,32,HBM_BEST,126000,128,32,507.4742980907285,98.57750505132617,51.67148433408,0.6515215133573122,0.0,0.0,6224.363277023967,1597.0499101833823,1598.7170019901446,0.004285303619584,0.0,0.0,31.708938239999988,10.305404928,15.818796564480005,176.12268741893644,10312.465110642022,,,,,,,,,,,,,,,,,,,,,,,,,,,,,,,,
Qwen2.5-32B,LC126K,32,M3D_GPU,126000,128,32,507.4742980907283,98.57750505132617,,,,,3355.3047222013133,805.4653481974791,,,,,,,,,5032.435673511263,52.94332513500528,7.9993765888e-07,11.49068369723392,0.000268435456,0.000268435456,0.0002147483648,0.0,0.0,0.0,0.0,0.0,0.0,143.634619957248,0.7026209118942315,47.973407245979,0.0,1.7596268536135677,0.00012161952579583999,0.38190490583040004,0.040811921407999996,0.040811921407999996,0.0326495371264,0.0,0.0,0.0,0.0,0.0,0.0,4.937059008512,0.024150729960976135,1.6512541064554223,0.0
Qwen2.5-32B,LC126K,32,M3D_NMP_UNIFORM,126000,128,32,507.4742980907283,98.57750505132617,,,,,411.99694172389377,298.9569548809341,,,,,,,,,2346.7955594881855,52.94332513500528,7.9993765888e-07,11.49068369723392,0.000268435456,0.000268435456,0.0002147483648,154.90011617034241,8.34195324665856,123.54753715944001,123.54753715944001,234.81055969279998,3.30779590656,17.636855382015998,0.7026209118942315,161.22050205468997,128.47069142180683,1.7596268536135677,0.00012161952579583999,0.38190490583040004,0.040811921407999996,0.040811921407999996,0.0326495371264,0.0,0.0,0.0,0.0,0.0,0.0,4.937059008512,0.024150729960976135,1.651792886816407,0.0
Qwen2.5-32B,LC126K,32,M3D_NMP_CPA,126000,128,32,507.4742980907283,98.57750505132617,,,,,411.99694172389377,272.73809592357196,,,,,,,,,2222.1587929382426,52.94332513500528,7.9993765888e-07,11.49068369723392,0.000268435456,0.000268435456,0.0002147483648,140.1452215926784,8.34195324665856,104.11513052978401,104.11513052978401,234.81055969279998,2.6217283584,17.636855382015998,0.7026209118942315,128.37535253386665,117.20366824823769,1.7596268536135677,0.00012161952579583999,0.38190490583040004,0.040811921407999996,0.040811921407999996,0.0326495371264,0.0,0.0,0.0,0.0,0.0,0.0,4.937059008512,0.024150729960976135,1.6518333737641937,0.0
