model,context,batch,path,H,P,G,E2E_s,decode_s,tokens_per_s,Decode_tokens_per_s,E2E_J,J_per_token,tokens_per_J,E2E_tokens_per_s,E2E_tokens_per_J,mean_TTFT,P95_TTFT,max_TTFT,mean_TPOT,P95_TPOT,mean_completion_latency,P95_completion_latency,max_completion_latency,Tmax_C,thermal_feasible,safe_resident_batch,num_waves,wave_sizes,selected_HBM_policy,HBM_host_read_GB,wave_admission_GB,C2C_GB_per_token,local_memory_GB,M3D_boundary_GB,traffic_phase,normalized_throughput,normalized_energy_efficiency,Decode_local_memory_GB,Decode_M3D_boundary_GB
Llama-3.1-8B,LC20K,1,HBM_BEST,20000,128,32,0.18903309756537046,0.18298356950252345,169.2825246591218,174.87908934664597,82.4681604666628,2.5771300145832123,0.3880285411839129,169.2825246591218,0.3880285411839129,0.011767106397049597,0.011767106397049597,0.011767106397049597,0.005718236546953858,0.005718236546953858,0.18903309756537046,0.18903309756537046,0.18903309756537046,85.0,True,48,1,[1],HBM_HOST_OFFLOAD,0.0,0.0,0.0,583.462816256,0.0,E2E_UNLESS_PREFIXED_DECODE,1.0,1.0,,
Llama-3.1-8B,LC20K,1,M3D_GPU,20000,128,32,0.18504608074357465,0.17918103014465045,172.92989871178958,178.5903338883967,72.34572906646285,2.260804033326964,0.4423205130824256,172.92989871178958,0.4423205130824256,0.011463646650431394,0.011463646650431394,0.011463646650431394,0.0055994071920203265,0.0055994071920203265,0.18504608074357465,0.18504608074357465,0.18504608074357465,81.1887637000383,True,1,1,[1],NOT_APPLICABLE,0.0,0.0,0.0,583.462816256,583.462816256,E2E_UNLESS_PREFIXED_DECODE,1.0215460754736045,1.1399174703305655,564.79055872,564.79055872
Llama-3.1-8B,LC20K,1,M3D_NMP_UNIFORM,20000,128,32,0.05766490394847134,0.05216624444428776,554.9302575548346,613.4234952292799,19.436488827693278,0.6073902758654149,1.6463878987446603,554.9302575548346,1.6463878987446603,0.007128781751272231,0.007128781751272231,0.007128781751272231,0.0016301951388839925,0.0016301951388839925,0.05766490394847134,0.05766490394847134,0.05766490394847134,62.504890719788136,True,1,1,[1],NOT_APPLICABLE,0.0,0.0,0.0,583.462816256,54.841330176,E2E_UNLESS_PREFIXED_DECODE,3.2781307974481,4.242955669501451,564.79055872,36.16907264
Llama-3.1-8B,LC20K,1,M3D_NMP_CPA,20000,128,32,0.05161618794403065,0.04611752843984707,619.9605448333144,693.8793357440842,16.64577318425436,0.5201804120079487,1.9224099503091616,619.9605448333144,1.9224099503091616,0.006939753188348681,0.006939753188348681,0.006939753188348681,0.001441172763745221,0.001441172763745221,0.05161618794403065,0.05161618794403065,0.05161618794403065,60.79326769504013,True,1,1,[1],NOT_APPLICABLE,0.0,0.0,0.0,583.462816256,54.841330176,E2E_UNLESS_PREFIXED_DECODE,3.6622831924423793,4.954300383275162,564.79055872,36.16907264
Llama-3.1-8B,LC20K,8,HBM_BEST,20000,128,32,0.4104235469714867,0.37460339988558955,623.7458885802794,683.389419525255,180.84397257551308,0.706421767873098,1.4155849175072994,623.7458885802794,1.4155849175072994,0.047521237630311776,0.047521237630311776,0.047521237630311776,0.011706356246424673,0.011706356246424673,0.4104235469714867,0.4104235469714867,0.4104235469714867,85.0,True,48,1,[8],HBM_HOST_OFFLOAD,0.0,0.0,0.0,1200.550334464,0.0,E2E_UNLESS_PREFIXED_DECODE,1.0,1.0,,
Llama-3.1-8B,LC20K,8,M3D_GPU,20000,128,32,0.39333314884328857,0.3575130017573914,650.8477629023718,716.057874095784,159.37482440763375,0.6225579078423193,1.606276279528488,650.8477629023718,1.606276279528488,0.04698733673123186,0.04698733673123186,0.04698733673123186,0.011172281304918482,0.011172281304918482,0.39333314884328857,0.39333314884328857,0.39333314884328857,82.45716342124024,True,8,1,[8],NOT_APPLICABLE,0.0,0.0,0.0,1200.5503344640001,1200.5503344640001,E2E_UNLESS_PREFIXED_DECODE,1.0434501851126898,1.134708529077137,1156.237492224,1156.237492224
Llama-3.1-8B,LC20K,8,M3D_NMP_UNIFORM,20000,128,32,0.3154565763403673,0.27963642925447013,811.5221529691123,915.4744275719495,122.60757106595766,0.4789358244763971,2.0879624135305876,811.5221529691123,2.0879624135305876,0.04455834261573659,0.04455834261573659,0.04455834261573659,0.008738638414202192,0.008738638414202192,0.3154565763403673,0.3154565763403673,0.3154565763403673,69.2586883464486,True,8,1,[8],NOT_APPLICABLE,0.0,0.0,0.0,1200.5503344640001,333.66542336000003,E2E_UNLESS_PREFIXED_DECODE,1.301046095576252,1.4749820994188583,1156.237492224,289.35258112
Llama-3.1-8B,LC20K,8,M3D_NMP_CPA,20000,128,32,0.2634664137433548,0.22764626665745763,971.6608518054682,1124.5517168318277,103.40254702886752,0.40391619933151374,2.4757610654264726,971.6608518054682,2.4757610654264726,0.04293336566828308,0.04293336566828308,0.04293336566828308,0.007113945833045551,0.007113945833045551,0.2634664137433548,0.2634664137433548,0.2634664137433548,70.51417424229373,True,8,1,[8],NOT_APPLICABLE,0.0,0.0,0.0,1200.5503344640001,333.66542336000003,E2E_UNLESS_PREFIXED_DECODE,1.5577831767630326,1.7489315086699533,1156.237492224,289.35258112
Llama-3.1-8B,LC20K,32,HBM_BEST,20000,128,32,1.174866263828262,1.0315856754846735,871.5885641854508,992.646587031068,518.531312546792,0.5063782349089766,1.9748084160444885,871.5885641854508,1.9748084160444885,0.17549657789444445,0.17549657789444445,0.17549657789444445,0.03223705235889605,0.03223705235889605,1.174866263828262,1.174866263828262,1.174866263828262,85.0,True,48,1,[32],HBM_HOST_OFFLOAD,0.0,0.0,0.0,3316.27896832,0.0,E2E_UNLESS_PREFIXED_DECODE,1.0,1.0,,
Llama-3.1-8B,LC20K,32,M3D_GPU,20000,128,32,1.1122140857457068,0.9689334974021183,920.6860559704547,1056.8320764485125,458.13242065085154,0.4473949420418472,2.235161612324318,920.6860559704547,2.235161612324318,0.1735399924124359,0.1735399924124359,0.1735399924124359,0.030279171793816197,0.030279171793816197,1.1122140857457068,1.1122140857457068,1.1122140857457068,83.28383360262313,True,32,1,[32],NOT_APPLICABLE,0.0,0.0,0.0,3316.27896832,3316.27896832,E2E_UNLESS_PREFIXED_DECODE,1.056331041735143,1.1318371919850905,3184.055549952,3184.055549952
Llama-3.1-8B,LC20K,32,M3D_NMP_UNIFORM,20000,128,32,1.22708174910861,1.0838011607650213,834.5002284842597,944.8227563044779,479.07498556996296,0.46784666559566696,2.137452446576252,834.5002284842597,2.137452446576252,0.1771476182909885,0.1771476182909885,0.1771476182909885,0.033868786273906916,0.033868786273906916,1.22708174910861,1.22708174910861,1.22708174910861,69.57397130150116,True,32,1,[32],NOT_APPLICABLE,0.0,0.0,0.0,3316.27896832,1289.633742848,E2E_UNLESS_PREFIXED_DECODE,0.9574474273468098,1.082359397099156,3184.055549952,1157.41032448
Llama-3.1-8B,LC20K,32,M3D_NMP_CPA,20000,128,32,1.0286504439415038,0.8853698555979154,995.4790823560191,1156.5787941904389,412.26583951948516,0.4026033589057472,2.4838342201563903,995.4790823560191,2.4838342201563903,0.170945354567083,0.170945354567083,0.170945354567083,0.027667807987434855,0.027667807987434855,1.0286504439415038,1.0286504439415038,1.0286504439415038,71.72686479470008,True,32,1,[32],NOT_APPLICABLE,0.0,0.0,0.0,3316.27896832,1289.633742848,E2E_UNLESS_PREFIXED_DECODE,1.1421433498113311,1.2577595882093073,3184.055549952,1157.41032448
Llama-3.1-8B,LC64K,1,HBM_BEST,64000,128,32,0.2514705563569978,0.24277476651983204,127.2514781196551,131.8094151987824,110.5073735695291,3.453355424047784,0.28957343719572,127.2514781196551,0.28957343719572,0.016281843078159212,0.016281843078159212,0.016281843078159212,0.007586711453744751,0.007586711453744751,0.2514705563569978,0.2514705563569978,0.2514705563569978,85.0,True,15,1,[1],HBM_HOST_OFFLOAD,0.0,0.0,0.0,773.779360256,0.0,E2E_UNLESS_PREFIXED_DECODE,1.0,1.0,,
Llama-3.1-8B,LC64K,1,M3D_GPU,64000,128,32,0.24342421043844173,0.23472842060127602,131.45775410902405,136.32776089929538,96.8825555422477,3.0275798606952407,0.33029681990630105,131.45775410902405,0.33029681990630105,0.016030457413531665,0.016030457413531665,0.016030457413531665,0.007335263143789876,0.007335263143789876,0.24342421043844173,0.24342421043844173,0.24342421043844173,81.82085569755606,True,1,1,[1],NOT_APPLICABLE,0.0,0.0,0.0,773.779360256,773.779360256,E2E_UNLESS_PREFIXED_DECODE,1.033054830101178,1.1406323145691588,749.33993472,749.33993472
Llama-3.1-8B,LC64K,1,M3D_NMP_UNIFORM,64000,128,32,0.06611689980548607,0.05742110996832036,483.9912351326671,557.2863362908629,24.16382900723091,0.7551196564759659,1.3242934300861073,483.9912351326671,1.3242934300861073,0.01049013539750538,0.01049013539750538,0.01049013539750538,0.0017944096865100112,0.0017944096865100112,0.06611689980548607,0.06611689980548607,0.06611689980548607,64.85036122683522,True,1,1,[1],NOT_APPLICABLE,0.0,0.0,0.0,773.779360256,66.37566617600001,E2E_UNLESS_PREFIXED_DECODE,3.803423286585073,4.573255899818704,749.33993472,41.93624064
Llama-3.1-8B,LC64K,1,M3D_NMP_CPA,64000,128,32,0.06164539575360818,0.05294960591644247,519.0979733166365,604.3482183889687,21.76545452310836,0.6801704538471363,1.4702196991119865,519.0979733166365,1.4702196991119865,0.010350416704074989,0.010350416704074989,0.010350416704074989,0.001654675184888827,0.001654675184888827,0.06164539575360818,0.06164539575360818,0.06164539575360818,63.21045535262681,True,1,1,[1],NOT_APPLICABLE,0.0,0.0,0.0,773.779360256,66.37566617600001,E2E_UNLESS_PREFIXED_DECODE,4.079308004803893,5.07719117247028,749.33993472,41.93624064
Llama-3.1-8B,LC64K,8,HBM_BEST,64000,128,32,0.9224992947213844,0.8529329760240587,277.50698723007457,300.14081668332517,406.08830712729247,1.5862824497159862,0.630404755583751,277.50698723007457,0.630404755583751,0.09621520849606749,0.09621520849606749,0.09621520849606749,0.026654155500751835,0.026654155500751835,0.9224992947213844,0.9224992947213844,0.9224992947213844,85.0,True,15,1,[8],HBM_HOST_OFFLOAD,0.0,0.0,0.0,2723.082686464,0.0,E2E_UNLESS_PREFIXED_DECODE,1.0,1.0,,
Llama-3.1-8B,LC64K,8,M3D_GPU,64000,128,32,0.8715431607851387,0.801976842087813,293.73186724267305,319.21121230077756,356.46227071325126,1.3924307449736377,0.7181685721963376,293.73186724267305,0.7181685721963376,0.09462322122365541,0.09462322122365541,0.09462322122365541,0.025061776315244155,0.025061776315244155,0.8715431607851387,0.8715431607851387,0.8715431607851387,83.23336565282324,True,8,1,[8],NOT_APPLICABLE,0.0,0.0,0.0,2723.0826864640003,2723.0826864640003,E2E_UNLESS_PREFIXED_DECODE,1.0584665639396922,1.1392182020126385,2632.632500224,2632.632500224
Llama-3.1-8B,LC64K,8,M3D_NMP_UNIFORM,64000,128,32,0.39243890537187853,0.3228725866745528,652.3308379871567,792.8824265840858,161.0851880217205,0.6292390157098458,1.5892212260104344,652.3308379871567,1.5892212260104344,0.07965558845904275,0.07965558845904275,0.07965558845904275,0.010089768333579776,0.010089768333579776,0.39243890537187853,0.39243890537187853,0.39243890537187853,71.5367909252675,True,8,1,[8],NOT_APPLICABLE,0.0,0.0,0.0,2723.0826864640003,425.94011136,E2E_UNLESS_PREFIXED_DECODE,2.3506825701881313,2.5209537395364747,2632.632500224,335.48992512
Llama-3.1-8B,LC64K,8,M3D_NMP_CPA,64000,128,32,0.3538589425121879,0.2842926238148622,723.4521139484348,900.4806264924869,144.3836081261585,0.5639984692428066,1.7730544576522436,723.4521139484348,1.7730544576522436,0.0784499842311346,0.0784499842311346,0.0784499842311346,0.008884144494214444,0.008884144494214444,0.3538589425121879,0.3538589425121879,0.3538589425121879,71.43578822299287,True,8,1,[8],NOT_APPLICABLE,0.0,0.0,0.0,2723.0826864640003,425.94011136,E2E_UNLESS_PREFIXED_DECODE,2.6069690034458035,2.81256516856445,2632.632500224,335.48992512
Llama-3.1-8B,LC64K,32,HBM_BEST,64000,128,32,3.8769116158824017,3.256122596077006,264.12776494697914,314.48447341439805,1589.741535916245,1.552481968668208,0.6441298644246715,264.12776494697914,0.6441298644246715,1.2761044260690149,2.740323210371369,3.5572807064683523,0.04350841407801702,0.04572159954775891,2.624874600880951,3.663715822152179,3.8769116158824017,85.0,True,15,3,"[15, 15, 2]",HBM_RESIDENT_WAVE,142.606336,142.606336,0.139264,10539.629625344,0.0,E2E_UNLESS_PREFIXED_DECODE,1.0,1.0,,
Llama-3.1-8B,LC64K,32,M3D_GPU,64000,128,32,3.024816591020845,2.746551316231542,338.53292230667455,372.8311915922979,1246.4427866441663,1.2172292838321936,0.8215379084963415,338.53292230667455,0.8215379084963415,0.36407545356723897,0.36407545356723897,0.36407545356723897,0.08582972863223569,0.08582972863223569,3.024816591020845,3.024816591020845,3.024816591020845,83.64851147615059,True,32,1,[32],NOT_APPLICABLE,0.0,0.0,0.0,9406.40837632,9406.40837632,E2E_UNLESS_PREFIXED_DECODE,1.2817013855950792,1.2754227895179624,9089.635581952,9089.635581952
Llama-3.1-8B,LC64K,32,M3D_NMP_UNIFORM,64000,128,32,1.5274767327961611,1.2492114580068583,670.3866435500402,819.7171050878867,631.2782682821589,0.6164826838692958,1.622105577602916,670.3866435500402,1.622105577602916,0.31730141081445123,0.31730141081445123,0.31730141081445123,0.03903785806271432,0.03903785806271432,1.5274767327961611,1.5274767327961611,1.5274767327961611,72.00844124920184,True,32,1,[32],NOT_APPLICABLE,0.0,0.0,0.0,9406.40837632,1658.732494848,E2E_UNLESS_PREFIXED_DECODE,2.538115005382388,2.518289660504656,9089.635581952,1341.95970048
Llama-3.1-8B,LC64K,32,M3D_NMP_CPA,64000,128,32,1.3814093482171288,1.103144073427826,741.2719490581068,928.255904795917,574.1616630691624,0.5607047490909789,1.783469823683876,741.2719490581068,1.783469823683876,0.31273652548649683,0.31273652548649683,0.31273652548649683,0.03447325229461956,0.03447325229461956,1.3814093482171288,1.3814093482171288,1.3814093482171288,72.61772493729814,True,32,1,[32],NOT_APPLICABLE,0.0,0.0,0.0,9406.40837632,1658.732494848,E2E_UNLESS_PREFIXED_DECODE,2.806490068194494,2.768804742933086,9089.635581952,1341.95970048
Llama-3.1-8B,LC126K,1,HBM_BEST,126000,128,32,0.3416657164720366,0.3270259986805852,93.65879705586153,97.85154736659098,150.18109158717206,4.693159112099127,0.21307609141611358,93.65879705586153,0.21307609141611358,0.02485862203746846,0.02485862203746846,0.02485862203746846,0.010219562458768287,0.010219562458768287,0.3416657164720366,0.3416657164720366,0.3416657164720366,85.0,True,7,1,[1],HBM_HOST_OFFLOAD,0.0,0.0,0.0,1041.952672256,0.0,E2E_UNLESS_PREFIXED_DECODE,1.0,1.0,,
Llama-3.1-8B,LC126K,1,M3D_GPU,126000,128,32,0.3276414110373045,0.3130016932458531,97.66775176156396,102.23586865667528,131.5896864234293,4.112177700732166,0.24318015240974433,97.66775176156396,0.24318015240974433,0.024420468389186843,0.024420468389186843,0.024420468389186843,0.009781302913932909,0.009781302913932909,0.3276414110373045,0.3276414110373045,0.3276414110373045,82.32162335415774,True,1,1,[1],NOT_APPLICABLE,0.0,0.0,0.0,1041.9526722560001,1041.9526722560001,E2E_UNLESS_PREFIXED_DECODE,1.0428038244321176,1.141283148163446,1009.38678272,1009.38678272
Llama-3.1-8B,LC126K,1,M3D_NMP_UNIFORM,126000,128,32,0.07954017270352033,0.0649004549120689,402.31242795106135,493.06279968846985,30.90957555957394,0.9659242362366857,1.0352778846258959,402.31242795106135,1.0352778846258959,0.01666777921722074,0.01666777921722074,0.01666777921722074,0.002028139216002153,0.002028139216002153,0.07954017270352033,0.07954017270352033,0.07954017270352033,67.41185789736545,True,1,1,[1],NOT_APPLICABLE,0.0,0.0,0.0,1041.9526722560001,82.62859417600001,E2E_UNLESS_PREFIXED_DECODE,4.295511373171999,4.858723837786732,1009.38678272,50.06270464
Llama-3.1-8B,LC126K,1,M3D_NMP_CPA,126000,128,32,0.07611170863213063,0.061471990840679204,420.43465552277945,520.5622847474779,28.58690438283819,0.8933407619636934,1.1193936766098684,420.43465552277945,1.1193936766098684,0.016560661508991815,0.016560661508991815,0.016560661508991815,0.0019209997137712251,0.0019209997137712251,0.07611170863213063,0.07611170863213063,0.07611170863213063,65.5664569295181,True,1,1,[1],NOT_APPLICABLE,0.0,0.0,0.0,1041.9526722560001,82.62859417600001,E2E_UNLESS_PREFIXED_DECODE,4.48900336902701,5.253492633407747,1009.38678272,50.06270464
Llama-3.1-8B,LC126K,8,HBM_BEST,126000,128,32,1.619029126899482,1.5019113845678707,158.11945303927433,170.4494703418579,723.0917049817795,2.824576972585076,0.35403531562632257,158.11945303927433,0.35403531562632257,0.1640524730993574,0.1640524730993574,0.1640524730993574,0.04693473076774596,0.04693473076774596,1.619029126899482,1.619029126899482,1.619029126899482,85.0,True,7,1,[8],HBM_HOST_OFFLOAD,79.624667136,0.0,0.311164928,4788.810960896,0.0,E2E_UNLESS_PREFIXED_DECODE,1.0,1.0,,
Llama-3.1-8B,LC126K,8,M3D_GPU,126000,128,32,1.5452732303728436,1.4281554880412322,165.66649506911622,179.25219077588915,634.1645550603182,2.477205293204368,0.4036807134004055,165.66649506911622,0.4036807134004055,0.1617427275439854,0.1617427275439854,0.1617427275439854,0.044629859001288505,0.044629859001288505,1.5452732303728436,1.5452732303728436,1.5452732303728436,83.50259014639363,True,8,1,[8],NOT_APPLICABLE,0.0,0.0,0.0,4868.4691824639995,4868.4691824639995,E2E_UNLESS_PREFIXED_DECODE,1.0477300033915962,1.140227247347501,4713.007284224,4713.007284224
Llama-3.1-8B,LC126K,8,M3D_NMP_UNIFORM,126000,128,32,0.5000864923320313,0.38296875000041986,511.91144717028146,668.4618523044487,215.1911890636708,0.8405905822799641,1.1896397855037395,511.91144717028146,1.1896397855037395,0.12908518039243344,0.12908518039243344,0.12908518039243344,0.01196777343751312,0.01196777343751312,0.5000864923320313,0.5000864923320313,0.5000864923320313,73.97939042108044,True,8,1,[8],NOT_APPLICABLE,0.0,0.0,0.0,4868.4691824639995,555.96353536,E2E_UNLESS_PREFIXED_DECODE,3.237498216257622,3.3602291438049114,4713.007284224,400.50163712
Llama-3.1-8B,LC126K,8,M3D_NMP_CPA,126000,128,32,0.4623916124049061,0.3452738700732947,553.6432606736527,741.4404106098627,198.69079306172162,0.7761359103973501,1.2884341345422874,553.6432606736527,1.2884341345422874,0.12790717863179424,0.12790717863179424,0.12790717863179424,0.010789808439790459,0.010789808439790459,0.4623916124049061,0.4623916124049061,0.4623916124049061,74.10255685829242,True,8,1,[8],NOT_APPLICABLE,0.0,0.0,0.0,4868.4691824639995,555.96353536,E2E_UNLESS_PREFIXED_DECODE,3.5014240818056495,3.6392813871207266,4713.007284224,400.50163712
Llama-3.1-8B,LC126K,32,HBM_BEST,126000,128,32,7.723533409116053,6.26338064125956,132.5818049535951,163.4899838682125,3059.6753256385887,2.9879641851939343,0.33467603291740755,132.5818049535951,0.33467603291740755,3.2683710111288775,6.908544582808662,6.908544582808662,0.040351402614084916,0.042360191957772686,4.519268852824986,7.723533409116053,7.723533409116053,85.0,True,7,5,"[7, 7, 7, 7, 4]",HBM_RESIDENT_WAVE,412.8768,412.8768,0.4032,20382.060986368,0.0,E2E_UNLESS_PREFIXED_DECODE,1.0,1.0,,
Llama-3.1-8B,LC126K,32,M3D_GPU,126000,128,32,5.719738451664811,5.251267482338365,179.0291651713463,195.00054100158263,2357.255162043405,2.302006994183013,0.4344035454831023,179.0291651713463,0.4344035454831023,0.6325535282952197,0.6325535282952197,0.6325535282952197,0.1641021088230739,0.1641021088230739,5.719738451664811,5.719738451664811,5.719738451664811,83.74461457175073,True,32,1,[32],NOT_APPLICABLE,0.0,0.0,0.0,17987.95436032,17987.95436032,E2E_UNLESS_PREFIXED_DECODE,1.350329822663134,1.297982235824774,17411.134717952,17411.134717952
Llama-3.1-8B,LC126K,32,M3D_NMP_UNIFORM,126000,128,32,1.9546123942657714,1.4861414249393257,523.8890344725633,689.0326740214557,847.9068328956679,0.8280340164996757,1.207679853814788,523.8890344725633,1.207679853814788,0.5149112070370906,0.5149112070370906,0.5149112070370906,0.04644191952935393,0.04644191952935393,1.9546123942657714,1.9546123942657714,1.9546123942657714,74.5797286722813,True,32,1,[32],NOT_APPLICABLE,0.0,0.0,0.0,17987.95436032,2178.826190848,E2E_UNLESS_PREFIXED_DECODE,3.9514399027523375,3.6085041503788324,17411.134717952,1602.00654848
Llama-3.1-8B,LC126K,32,M3D_NMP_CPA,126000,128,32,1.8217211228718735,1.3532501535454278,562.10579497794,756.69675508049,791.53122377015,0.7729797107130371,1.293695017010922,562.10579497794,1.293695017010922,0.5107582093660115,0.5107582093660115,0.5107582093660115,0.04228906729829462,0.04228906729829462,1.8217211228718735,1.8217211228718735,1.8217211228718735,74.90371774517263,True,32,1,[32],NOT_APPLICABLE,0.0,0.0,0.0,17987.95436032,2178.826190848,E2E_UNLESS_PREFIXED_DECODE,4.2396903193065025,3.8655143773924925,17411.134717952,1602.00654848
Qwen2.5-32B,LC20K,1,HBM_BEST,20000,128,32,0.7415123733267895,0.717941545457839,43.15504521715834,44.57187385582103,323.0318577601544,10.094745555004826,0.09906143691796321,43.15504521715834,0.09906143691796321,0.046005184739005514,0.046005184739005514,0.046005184739005514,0.022435673295557467,0.022435673295557467,0.7415123733267895,0.7415123733267895,0.7415123733267895,85.0,True,14,1,[1],HBM_HOST_OFFLOAD,0.0,0.0,0.0,2288.72564224,0.0,E2E_UNLESS_PREFIXED_DECODE,1.0,1.0,,
Qwen2.5-32B,LC20K,1,M3D_GPU,20000,128,32,0.7066087526845413,0.6842683841316031,45.28673028521923,46.76527623092045,281.8913364412128,8.8091042637879,0.1135189197510987,45.28673028521923,0.1135189197510987,0.04372298760285638,0.04372298760285638,0.04372298760285638,0.021383387004112596,0.021383387004112596,0.7066087526845413,0.7066087526845413,0.7066087526845413,82.53021133161491,True,1,1,[1],NOT_APPLICABLE,0.0,0.0,0.0,2288.72564224,2288.72564224,E2E_UNLESS_PREFIXED_DECODE,1.0493959641875972,1.145944610566353,2215.972765696,2215.972765696
Qwen2.5-32B,LC20K,1,M3D_NMP_UNIFORM,20000,128,32,0.1809397406165161,0.15951526661844279,176.85445934080803,200.60775798057836,63.362697423587754,1.9800842944871173,0.5050290044641865,176.85445934080803,0.5050290044641865,0.026409114390054753,0.026409114390054753,0.026409114390054753,0.004984852081826337,0.004984852081826337,0.1809397406165161,0.1809397406165161,0.1809397406165161,64.22378051056103,True,1,1,[1],NOT_APPLICABLE,0.0,0.0,0.0,2288.72564224,175.806729216,E2E_UNLESS_PREFIXED_DECODE,4.098117808725899,5.098139297963359,2215.972765696,103.053852672
Qwen2.5-32B,LC20K,1,M3D_NMP_CPA,20000,128,32,0.16667075748506024,0.14524628348698693,191.99528749287867,220.31544788453732,57.38864797307021,1.7933952491584442,0.5576015663414147,191.99528749287867,0.5576015663414147,0.025963049444460047,0.025963049444460047,0.025963049444460047,0.0045389463589683415,0.0045389463589683415,0.16667075748506024,0.16667075748506024,0.16667075748506024,63.57467944747498,True,1,1,[1],NOT_APPLICABLE,0.0,0.0,0.0,2288.72564224,175.806729216,E2E_UNLESS_PREFIXED_DECODE,4.4489650405126175,5.628845933288724,2215.972765696,103.053852672
Qwen2.5-32B,LC20K,8,HBM_BEST,20000,128,32,1.230968883883514,1.101180760337914,207.96626409626222,232.47772683700222,542.8365497178637,2.120455272335405,0.47159683726723006,207.96626409626222,0.47159683726723006,0.1641894909021397,0.1641894909021397,0.1641894909021397,0.03441189876055981,0.03441189876055981,1.230968883883514,1.230968883883514,1.230968883883514,85.0,True,14,1,[8],HBM_HOST_OFFLOAD,0.0,0.0,0.0,3533.10961664,0.0,E2E_UNLESS_PREFIXED_DECODE,1.0,1.0,,
Qwen2.5-32B,LC20K,8,M3D_GPU,20000,128,32,1.1729566117527543,1.0431684882071544,218.25189221403343,245.40618595561241,479.1089703963491,1.8715194156107386,0.534325207453788,218.25189221403343,0.534325207453788,0.16237776351640434,0.16237776351640434,0.16237776351640434,0.032599015256473574,0.032599015256473574,1.1729566117527543,1.1729566117527543,1.1729566117527543,82.8530214580345,True,8,1,[8],NOT_APPLICABLE,0.0,0.0,0.0,3533.10961664,3533.10961664,E2E_UNLESS_PREFIXED_DECODE,1.0494581568913035,1.1330127032870938,3398.865256448,3398.865256448
Qwen2.5-32B,LC20K,8,M3D_NMP_UNIFORM,20000,128,32,0.9307136538884302,0.8009255303428302,275.0577462041705,319.6302156711387,377.8526542280737,1.4759869305784128,0.6775127741870437,275.0577462041705,0.6775127741870437,0.15481600989617159,0.15481600989617159,0.15481600989617159,0.025028922823213444,0.025028922823213444,0.9307136538884302,0.9307136538884302,0.9307136538884302,71.27374681461401,True,8,1,[8],NOT_APPLICABLE,0.0,0.0,0.0,3533.10961664,958.675181568,E2E_UNLESS_PREFIXED_DECODE,1.322607526751807,1.4366355340995034,3398.865256448,824.430821376
Qwen2.5-32B,LC20K,8,M3D_NMP_CPA,20000,128,32,0.7938822994435855,0.6640941758979855,322.4659375570217,385.4874945316872,323.2279648056147,1.2626092375219324,0.792010679379042,322.4659375570217,0.792010679379042,0.15053910471122822,0.15053910471122822,0.15053910471122822,0.020752942996812046,0.020752942996812046,0.7938822994435855,0.7938822994435855,0.7938822994435855,71.93688507180087,True,8,1,[8],NOT_APPLICABLE,0.0,0.0,0.0,3533.10961664,958.675181568,E2E_UNLESS_PREFIXED_DECODE,1.550568497050851,1.6794232208352358,3398.865256448,824.430821376
Qwen2.5-32B,LC20K,32,HBM_BEST,20000,128,32,4.487352574723095,3.7415299551623993,228.19691186471763,273.6848327479323,1902.6178914467334,1.8580252846159506,0.5382058082200413,228.19691186471763,0.5382058082200413,1.4938867362395243,3.6327287271094875,3.6327287271094875,0.042538623183239976,0.044677234873418965,2.8126008393451207,4.487352574723095,4.487352574723095,85.0,True,14,3,"[14, 14, 4]",HBM_RESIDENT_WAVE,94.37184,94.37184,0.09216,12115.85380352,0.0,E2E_UNLESS_PREFIXED_DECODE,1.0,1.0,,
Qwen2.5-32B,LC20K,32,M3D_GPU,20000,128,32,2.7928394417141345,2.2736869475317345,366.6519402101788,450.3698282261911,1156.8250100777468,1.1297119239040496,0.8851814155808924,366.6519402101788,0.8851814155808924,0.5901663251563272,0.5901663251563272,0.5901663251563272,0.0710527171103667,0.0710527171103667,2.7928394417141345,2.7928394417141345,2.7928394417141345,83.16707890112292,True,32,1,[32],NOT_APPLICABLE,0.0,0.0,0.0,7799.568957439999,7799.568957439999,E2E_UNLESS_PREFIXED_DECODE,1.60673489055602,1.6446894516214376,7454.496653312,7454.496653312
Qwen2.5-32B,LC20K,32,M3D_NMP_UNIFORM,20000,128,32,3.577731431838022,3.058578937655622,286.21488770439396,334.79600195798395,1462.280957166244,1.4280087472326601,0.7002758224961165,286.21488770439396,0.7002758224961165,0.6147290660799816,0.6147290660799816,0.6147290660799816,0.09558059180173818,0.09558059180173818,3.577731431838022,3.577731431838022,3.577731431838022,71.76106746164902,True,32,1,[32],NOT_APPLICABLE,0.0,0.0,0.0,7799.568957439999,3642.795589632,E2E_UNLESS_PREFIXED_DECODE,1.2542452277972598,1.3011301844030159,7454.496653312,3297.723285504
Qwen2.5-32B,LC20K,32,M3D_NMP_CPA,20000,128,32,3.089246632621491,2.570094138439091,331.47240145441157,398.42898541526245,1300.2343206513774,1.2697600787611107,0.7875503543753617,331.47240145441157,0.7875503543753617,0.5994601092944565,0.5994601092944565,0.5994601092944565,0.08031544182622159,0.08031544182622159,3.089246632621491,3.089246632621491,3.089246632621491,73.8997932115289,True,32,1,[32],NOT_APPLICABLE,0.0,0.0,0.0,7799.568957439999,3642.795589632,E2E_UNLESS_PREFIXED_DECODE,1.4525718106602552,1.4632884713376744,7454.496653312,3297.723285504
Qwen2.5-32B,LC64K,1,HBM_BEST,64000,128,32,0.8648317171749884,0.8375239394924561,37.00141815396114,38.20786307241817,379.7986467109159,11.868707709716121,0.08425517119958785,37.00141815396114,0.08425517119958785,0.05347908436616909,0.05347908436616909,0.05347908436616909,0.026172623109139252,0.026172623109139252,0.8648317171749884,0.8648317171749884,0.8648317171749884,85.0,True,4,1,[1],HBM_HOST_OFFLOAD,0.0,0.0,0.0,2669.35873024,0.0,E2E_UNLESS_PREFIXED_DECODE,1.0,1.0,,
Qwen2.5-32B,LC64K,1,M3D_GPU,64000,128,32,0.8227345212869388,0.7959653272151673,38.894684946421016,40.20275620793427,331.7128179698469,10.366025561557716,0.09646898843356978,38.894684946421016,0.09646898843356978,0.05164186636886393,0.05164186636886393,0.05164186636886393,0.02487391647547398,0.02487391647547398,0.8227345212869388,0.8227345212869388,0.8227345212869388,82.6824548943789,True,1,1,[1],NOT_APPLICABLE,0.0,0.0,0.0,2669.3587302399997,2669.3587302399997,E2E_UNLESS_PREFIXED_DECODE,1.0511674115997955,1.144962226770025,2585.071517696,2585.071517696
Qwen2.5-32B,LC64K,1,M3D_NMP_UNIFORM,64000,128,32,0.19844790938019288,0.17167871530842146,161.25138380114336,186.3946846439984,74.30887635600384,2.32215238612512,0.43063496003751023,161.25138380114336,0.43063496003751023,0.032134020924186865,0.032134020924186865,0.032134020924186865,0.005364959853388171,0.005364959853388171,0.19844790938019288,0.19844790938019288,0.19844790938019288,65.81140901658853,True,1,1,[1],NOT_APPLICABLE,0.0,0.0,0.0,2669.3587302399997,201.75898521599999,E2E_UNLESS_PREFIXED_DECODE,4.35797847342456,5.111080470270491,2585.071517696,117.471772672
Qwen2.5-32B,LC64K,1,M3D_NMP_CPA,64000,128,32,0.18849293155871857,0.16172373748694716,169.76763921798036,197.8682937783499,69.13541272026643,2.160481647508326,0.46285975220076303,169.76763921798036,0.46285975220076303,0.03182293611921893,0.03182293611921893,0.03182293611921893,0.005053866796467099,0.005053866796467099,0.18849293155871857,0.18849293155871857,0.18849293155871857,64.79667600368373,True,1,1,[1],NOT_APPLICABLE,0.0,0.0,0.0,2669.3587302399997,201.75898521599999,E2E_UNLESS_PREFIXED_DECODE,4.588138717050933,5.493547109462489,2585.071517696,117.471772672
Qwen2.5-32B,LC64K,8,HBM_BEST,64000,128,32,3.0963741960917357,2.721032998804109,82.67734575592476,94.08191672519655,1307.8560710021961,5.108812777352329,0.1957401931879476,82.67734575592476,0.1957401931879476,0.9639781113926875,1.7783685715939852,1.7783685715939852,0.0425161406063142,0.0425161406063142,2.281983735890438,3.0963741960917357,3.0963741960917357,85.0,True,4,2,"[4, 4]",HBM_RESIDENT_WAVE,67.108864,67.108864,0.262144,8756.23968768,0.0,E2E_UNLESS_PREFIXED_DECODE,1.0,1.0,,
Qwen2.5-32B,LC64K,8,M3D_GPU,64000,128,32,2.151057841036719,1.9369042884625478,119.01121165417793,132.16966967593663,881.2962449329549,3.442563456769355,0.29048121045775627,119.01121165417793,0.29048121045775627,0.27467196552179995,0.27467196552179995,0.27467196552179995,0.06052825901445462,0.06052825901445462,2.151057841036719,2.151057841036719,2.151057841036719,83.16388987531195,True,8,1,[8],NOT_APPLICABLE,0.0,0.0,0.0,6578.17432064,6578.17432064,E2E_UNLESS_PREFIXED_DECODE,1.439465800045346,1.4840141195673562,6351.655272448,6351.655272448
Qwen2.5-32B,LC64K,8,M3D_NMP_UNIFORM,64000,128,32,1.109711848776751,0.8955582962025795,230.69051689606806,285.855204608692,468.1074182608682,1.8285446025815164,0.5468830230272822,230.69051689606806,0.5468830230272822,0.2421386648012358,0.2421386648012358,0.2421386648012358,0.02798619675633061,0.02798619675633061,1.109711848776751,1.109711848776751,1.109711848776751,73.07711033289337,True,8,1,[8],NOT_APPLICABLE,0.0,0.0,0.0,6578.17432064,1166.293229568,E2E_UNLESS_PREFIXED_DECODE,2.790250639843944,2.7939229757588473,6351.655272448,939.774181376
Qwen2.5-32B,LC64K,8,M3D_NMP_CPA,64000,128,32,1.003106635469172,0.7889530828950005,255.2071643711777,324.4806383931328,421.8683618133717,1.6479232883334831,0.6068243631724405,255.2071643711777,0.6068243631724405,0.23880738836755244,0.23880738836755244,0.23880738836755244,0.024654783840468767,0.024654783840468767,1.003106635469172,1.003106635469172,1.003106635469172,73.17742591582544,True,8,1,[8],NOT_APPLICABLE,0.0,0.0,0.0,6578.17432064,1166.293229568,E2E_UNLESS_PREFIXED_DECODE,3.0867846813150654,3.1001520601840538,6351.655272448,939.774181376
Qwen2.5-32B,LC64K,32,HBM_BEST,64000,128,32,12.869059718507309,10.884131995216435,79.57069299533676,94.08191672519655,5278.958166350661,5.155232584326817,0.19397766902704788,79.57069299533676,0.19397766902704788,5.850320872600474,11.551054094009558,11.551054094009558,0.0425161406063142,0.0425161406063142,7.168326497098224,12.869059718507309,12.869059718507309,85.0,True,4,8,"[4, 4, 4, 4, 4, 4, 4, 4]",HBM_RESIDENT_WAVE,469.762048,469.762048,0.458752,35226.28534272,0.0,E2E_UNLESS_PREFIXED_DECODE,1.0,1.0,,
Qwen2.5-32B,LC64K,32,M3D_GPU,64000,128,32,6.704752748724864,5.848138538428179,152.72748129224425,175.09845111761382,2765.787684882609,2.700964536018173,0.370238108151625,152.72748129224425,0.370238108151625,1.0393291827049702,1.0393291827049702,1.0393291827049702,0.1827543293258806,0.1827543293258806,6.704752748724864,6.704752748724864,6.704752748724864,83.418561668998,True,32,1,[32],NOT_APPLICABLE,0.0,0.0,0.0,19979.82777344,19979.82777344,E2E_UNLESS_PREFIXED_DECODE,1.9193936302803702,1.9086635591027732,19265.656717312,19265.656717312
Qwen2.5-32B,LC64K,32,M3D_NMP_UNIFORM,64000,128,32,4.31465362588357,3.458039415586884,237.33075439869214,296.12155239885,1834.0916292718928,1.7911051067108328,0.5583145267428721,237.33075439869214,0.5583145267428721,0.9646739166745233,0.9646739166745233,0.9646739166745233,0.10806373173709012,0.10806373173709012,4.31465362588357,4.31465362588357,4.31465362588357,73.6636680278524,True,32,1,[32],NOT_APPLICABLE,0.0,0.0,0.0,19979.82777344,4473.267781632,E2E_UNLESS_PREFIXED_DECODE,2.9826402845655866,2.87824124056786,19265.656717312,3759.096725504
Qwen2.5-32B,LC64K,32,M3D_NMP_CPA,64000,128,32,3.9394500689966194,3.0828358586999336,259.9347579142724,332.16170011459263,1693.858399658647,1.6541585934166474,0.6045369555131412,259.9347579142724,0.6045369555131412,0.9529476026379978,0.9529476026379978,0.9529476026379978,0.09633862058437292,0.09633862058437292,3.9394500689966194,3.9394500689966194,3.9394500689966194,74.66896188054864,True,32,1,[32],NOT_APPLICABLE,0.0,0.0,0.0,19979.82777344,4473.267781632,E2E_UNLESS_PREFIXED_DECODE,3.266714768080578,3.116528611491077,19265.656717312,3759.096725504
Qwen2.5-32B,LC126K,1,HBM_BEST,126000,128,32,1.047655417771448,1.0060264038139624,30.544394136833432,31.80831027762721,460.45832249531907,14.38932257797872,0.06949597485085159,30.544394136833432,0.06949597485085159,0.07306602265116953,0.07306602265116953,0.07306602265116953,0.031438325119186324,0.031438325119186324,1.047655417771448,1.047655417771448,1.047655417771448,85.0,True,2,1,[1],HBM_HOST_OFFLOAD,0.0,0.0,0.0,3205.70535424,0.0,E2E_UNLESS_PREFIXED_DECODE,1.0,1.0,,
Qwen2.5-32B,LC126K,1,M3D_GPU,126000,128,32,0.994986846116007,0.9533578321585212,32.161229191033016,33.565570996094934,402.5647727350944,12.5801491479717,0.07949031352789886,32.161229191033016,0.07949031352789886,0.07142030411077044,0.07142030411077044,0.07142030411077044,0.029792432254953788,0.029792432254953788,0.994986846116007,0.994986846116007,0.994986846116007,82.8329452213573,True,1,1,[1],NOT_APPLICABLE,0.0,0.0,0.0,3205.70535424,3205.70535424,E2E_UNLESS_PREFIXED_DECODE,1.0529339376304683,1.1438117631776024,3105.165213696,3105.165213696
Qwen2.5-32B,LC126K,1,M3D_NMP_UNIFORM,126000,128,32,0.23217597332313347,0.19054695936564775,137.82649230230058,167.9376050215212,90.48436551260109,2.827636422268784,0.35365225604133343,137.82649230230058,0.35365225604133343,0.04758330058028059,0.04758330058028059,0.04758330058028059,0.005954592480176492,0.005954592480176492,0.23217597332313347,0.23217597332313347,0.23217597332313347,67.45156977177737,True,1,1,[1],NOT_APPLICABLE,0.0,0.0,0.0,3205.70535424,238.328073216,E2E_UNLESS_PREFIXED_DECODE,4.512333480404375,5.0888163926086705,3105.165213696,137.787932672
Qwen2.5-32B,LC126K,1,M3D_NMP_CPA,126000,128,32,0.22398503178260873,0.182356017825123,142.86668955208566,175.48091026361178,85.73565235743244,2.679239136169764,0.37324029292495275,142.86668955208566,0.37324029292495275,0.0473273410155012,0.0473273410155012,0.0473273410155012,0.005698625557035094,0.005698625557035094,0.22398503178260873,0.22398503178260873,0.22398503178260873,66.48143399769748,True,1,1,[1],NOT_APPLICABLE,0.0,0.0,0.0,3205.70535424,238.328073216,E2E_UNLESS_PREFIXED_DECODE,4.677345666509815,5.3706749739964135,3105.165213696,137.787932672
Qwen2.5-32B,LC126K,8,HBM_BEST,126000,128,32,6.2044782607089815,5.395438885754673,41.26052010225708,47.447483962037815,2566.4184863029345,10.025072212120838,0.09974990492247503,41.26052010225708,0.09974990492247503,2.5115875170365958,4.897767772714267,4.897767772714267,0.04215186629495838,0.04215186629495838,3.818298005031311,6.2044782607089815,6.2044782607089815,85.0,True,2,4,"[2, 2, 2, 2]",HBM_RESIDENT_WAVE,198.180864,198.180864,0.774144,17399.99768576,0.0,E2E_UNLESS_PREFIXED_DECODE,1.0,1.0,,
Qwen2.5-32B,LC126K,8,M3D_GPU,126000,128,32,3.5290654566543167,3.196033344994431,72.54045104697417,80.09928945232768,1448.0280971761435,5.656359754594311,0.17679214961314332,72.54045104697417,0.17679214961314332,0.43289830762413517,0.43289830762413517,0.43289830762413517,0.09987604203107597,0.09987604203107597,3.5290654566543167,3.5290654566543167,3.5290654566543167,83.33205828163062,True,8,1,[8],NOT_APPLICABLE,0.0,0.0,0.0,10868.94731264,10868.94731264,E2E_UNLESS_PREFIXED_DECODE,1.7581080138397474,1.772354066407833,10512.404840448,10512.404840448
Qwen2.5-32B,LC126K,8,M3D_NMP_UNIFORM,126000,128,32,1.3812812982297555,1.0482491865698698,185.3351669410775,244.21674090460803,598.4493016033658,2.3376925843881478,0.427772242885278,185.3351669410775,0.427772242885278,0.3657891941181544,0.3657891941181544,0.3657891941181544,0.03275778708030843,0.03275778708030843,1.3812812982297555,1.3812812982297555,1.3812812982297555,74.46565602399261,True,8,1,[8],NOT_APPLICABLE,0.0,0.0,0.0,10868.94731264,1458.845933568,E2E_UNLESS_PREFIXED_DECODE,4.491828180589005,4.288447625265806,10512.404840448,1102.303461376
Qwen2.5-32B,LC126K,8,M3D_NMP_CPA,126000,128,32,1.2828632609165023,0.9498311492566166,199.55361401269585,269.52158833741964,554.216013794946,2.1649063038865077,0.46191375497626325,199.55361401269585,0.46191375497626325,0.3627134927587559,0.3627134927587559,0.3627134927587559,0.02968222341426927,0.02968222341426927,1.2828632609165023,1.2828632609165023,1.2828632609165023,74.47664352976756,True,8,1,[8],NOT_APPLICABLE,0.0,0.0,0.0,10868.94731264,1458.845933568,E2E_UNLESS_PREFIXED_DECODE,4.836429921826885,4.63071874940893,10512.404840448,1102.303461376
Qwen2.5-32B,LC126K,32,HBM_BEST,126000,128,32,25.293920306130346,21.58175554301869,40.48403678064167,47.447483962037815,10312.465110642022,10.07076670961135,0.09929730564065384,40.48403678064167,0.09929730564065384,12.05630853974728,23.112277057720487,23.987209818135632,0.04215186629495838,0.04215186629495838,13.363019027741993,24.4189875457152,25.293920306130346,85.0,True,2,16,"[2, 2, 2, 2, 2, 2, 2, 2, 2, 2, 2, 2, 2, 2, 2, 2]",HBM_RESIDENT_WAVE,990.90432,990.90432,0.96768,69798.17160704,0.0,E2E_UNLESS_PREFIXED_DECODE,1.0,1.0,,
Qwen2.5-32B,LC126K,32,M3D_GPU,126000,128,32,12.216795314173044,10.884666867533502,83.8190354889575,94.07729354164805,5032.435673511263,4.914487962413343,0.20347999784476692,83.8190354889575,0.20347999784476692,1.6722349293323675,1.6722349293323675,1.6722349293323675,0.34014583961042194,0.34014583961042194,12.216795314173044,12.216795314173044,12.216795314173044,83.48500277206779,True,32,1,[32],NOT_APPLICABLE,0.0,0.0,0.0,37142.919741440004,37142.919741440004,E2E_UNLESS_PREFIXED_DECODE,2.0704218787054707,2.049199588366868,35908.654989312,35908.654989312
Qwen2.5-32B,LC126K,32,M3D_NMP_UNIFORM,126000,128,32,5.372087296381896,4.039958849742353,190.61492181812915,253.46792828479062,2346.7955594881855,2.291792538562681,0.43633967000658763,190.61492181812915,0.43633967000658763,1.4583739604801933,1.4583739604801933,1.4583739604801933,0.12624871405444854,0.12624871405444854,5.372087296381896,5.372087296381896,5.372087296381896,75.11415660084248,True,32,1,[32],NOT_APPLICABLE,0.0,0.0,0.0,37142.919741440004,5643.478597632,E2E_UNLESS_PREFIXED_DECODE,4.708397110963891,4.394275022785145,35908.654989312,4409.213845504
Qwen2.5-32B,LC126K,32,M3D_NMP_CPA,126000,128,32,5.017778391552677,3.6856499449131346,204.07437716338413,277.8343074640894,2222.1587929382426,2.1700769462287526,0.46081315307175647,204.07437716338413,0.46081315307175647,1.4473007083907687,1.4473007083907687,1.4473007083907687,0.11517656077853546,0.11517656077853546,5.017778391552677,5.017778391552677,5.017778391552677,76.28621771088638,True,32,1,[32],NOT_APPLICABLE,0.0,0.0,0.0,37142.919741440004,5643.478597632,E2E_UNLESS_PREFIXED_DECODE,5.04086038329475,4.640741761306084,35908.654989312,4409.213845504
