model,context,batch,HBM_overflow,safe_resident_batch,wave_sizes,num_waves,selected_HBM_policy,host_tokens_per_s,host_tokens_per_J,host_mean_TTFT,host_P95_TTFT,host_max_TTFT,host_mean_TPOT,host_P95_TPOT,host_mean_completion_latency,host_P95_completion_latency,host_max_completion_latency,wave_tokens_per_s,wave_tokens_per_J,wave_mean_TTFT,wave_P95_TTFT,wave_max_TTFT,wave_mean_TPOT,wave_P95_TPOT,wave_mean_completion_latency,wave_P95_completion_latency,wave_max_completion_latency
Llama-3.1-8B,LC20K,1,False,48,[1],1,HBM_HOST_OFFLOAD,169.2825246591218,0.3880285411839129,0.011767106397049597,0.011767106397049597,0.011767106397049597,0.005718236546953858,0.005718236546953858,0.18903309756537046,0.18903309756537046,0.18903309756537046,169.2825246591218,0.3880285411839129,0.011767106397049597,0.011767106397049597,0.011767106397049597,0.005718236546953858,0.005718236546953858,0.18903309756537046,0.18903309756537046,0.18903309756537046
Llama-3.1-8B,LC20K,8,False,48,[8],1,HBM_HOST_OFFLOAD,623.7458885802794,1.4155849175072994,0.047521237630311776,0.047521237630311776,0.047521237630311776,0.011706356246424673,0.011706356246424673,0.4104235469714867,0.4104235469714867,0.4104235469714867,623.7458885802794,1.4155849175072994,0.047521237630311776,0.047521237630311776,0.047521237630311776,0.011706356246424673,0.011706356246424673,0.4104235469714867,0.4104235469714867,0.4104235469714867
Llama-3.1-8B,LC20K,32,False,48,[32],1,HBM_HOST_OFFLOAD,871.5885641854508,1.9748084160444885,0.17549657789444445,0.17549657789444445,0.17549657789444445,0.03223705235889605,0.03223705235889605,1.174866263828262,1.174866263828262,1.174866263828262,871.5885641854508,1.9748084160444885,0.17549657789444445,0.17549657789444445,0.17549657789444445,0.03223705235889605,0.03223705235889605,1.174866263828262,1.174866263828262,1.174866263828262
Llama-3.1-8B,LC64K,1,False,15,[1],1,HBM_HOST_OFFLOAD,127.2514781196551,0.28957343719572,0.016281843078159212,0.016281843078159212,0.016281843078159212,0.007586711453744751,0.007586711453744751,0.2514705563569978,0.2514705563569978,0.2514705563569978,127.2514781196551,0.28957343719572,0.016281843078159212,0.016281843078159212,0.016281843078159212,0.007586711453744751,0.007586711453744751,0.2514705563569978,0.2514705563569978,0.2514705563569978
Llama-3.1-8B,LC64K,8,False,15,[8],1,HBM_HOST_OFFLOAD,277.50698723007457,0.630404755583751,0.09621520849606749,0.09621520849606749,0.09621520849606749,0.026654155500751835,0.026654155500751835,0.9224992947213844,0.9224992947213844,0.9224992947213844,277.50698723007457,0.630404755583751,0.09621520849606749,0.09621520849606749,0.09621520849606749,0.026654155500751835,0.026654155500751835,0.9224992947213844,0.9224992947213844,0.9224992947213844
Llama-3.1-8B,LC64K,32,True,15,"[15, 15, 2]",3,HBM_RESIDENT_WAVE,92.6461819586715,0.4914631436241791,0.6695539573233416,0.6695539573233416,0.6695539573233416,0.3349384811260028,0.3349384811260028,11.052803022760244,11.052803022760244,11.052803022760244,264.12776494697914,0.6441298644246715,1.2761044260690149,2.740323210371369,3.5572807064683523,0.04350841407801702,0.04572159954775891,2.624874600880951,3.663715822152179,3.8769116158824017
Llama-3.1-8B,LC126K,1,False,7,[1],1,HBM_HOST_OFFLOAD,93.65879705586153,0.21307609141611358,0.02485862203746846,0.02485862203746846,0.02485862203746846,0.010219562458768287,0.010219562458768287,0.3416657164720366,0.3416657164720366,0.3416657164720366,93.65879705586153,0.21307609141611358,0.02485862203746846,0.02485862203746846,0.02485862203746846,0.010219562458768287,0.010219562458768287,0.3416657164720366,0.3416657164720366,0.3416657164720366
Llama-3.1-8B,LC126K,8,True,7,"[7, 1]",2,HBM_HOST_OFFLOAD,158.11945303927433,0.35403531562632257,0.1640524730993574,0.1640524730993574,0.1640524730993574,0.04693473076774596,0.04693473076774596,1.619029126899482,1.619029126899482,1.619029126899482,139.1805734040076,0.3217459378532556,0.3170456655285342,1.0403363029119468,1.5225300611675563,0.03834261327039713,0.042360191957772686,1.5056707907405409,1.7058706096574907,1.8393371556021245
Llama-3.1-8B,LC126K,32,True,7,"[7, 7, 7, 7, 4]",5,HBM_RESIDENT_WAVE,32.33887800052591,0.21232787157412242,1.9187582038526205,1.9187582038526205,1.9187582038526205,0.9595406043906423,0.9595406043906423,31.664673090493345,31.664673090493345,31.664673090493345,132.5818049535951,0.33467603291740755,3.2683710111288775,6.908544582808662,6.908544582808662,0.040351402614084916,0.042360191957772686,4.519268852824986,7.723533409116053,7.723533409116053
Qwen2.5-32B,LC20K,1,False,14,[1],1,HBM_HOST_OFFLOAD,43.15504521715834,0.09906143691796321,0.046005184739005514,0.046005184739005514,0.046005184739005514,0.022435673295557467,0.022435673295557467,0.7415123733267895,0.7415123733267895,0.7415123733267895,43.15504521715834,0.09906143691796321,0.046005184739005514,0.046005184739005514,0.046005184739005514,0.022435673295557467,0.022435673295557467,0.7415123733267895,0.7415123733267895,0.7415123733267895
Qwen2.5-32B,LC20K,8,False,14,[8],1,HBM_HOST_OFFLOAD,207.96626409626222,0.47159683726723006,0.1641894909021397,0.1641894909021397,0.1641894909021397,0.03441189876055981,0.03441189876055981,1.230968883883514,1.230968883883514,1.230968883883514,207.96626409626222,0.47159683726723006,0.1641894909021397,0.1641894909021397,0.1641894909021397,0.03441189876055981,0.03441189876055981,1.230968883883514,1.230968883883514,1.230968883883514
Qwen2.5-32B,LC20K,32,True,14,"[14, 14, 4]",3,HBM_RESIDENT_WAVE,139.60622184135963,0.6103204398195864,0.7318328227600048,0.7318328227600048,0.7318328227600048,0.21299262963923718,0.21299262963923718,7.33491664263799,7.33491664263799,7.33491664263799,228.19691186471763,0.5382058082200413,1.4938867362395243,3.6327287271094875,3.6327287271094875,0.042538623183239976,0.044677234873418965,2.8126008393451207,4.487352574723095,4.487352574723095
Qwen2.5-32B,LC64K,1,False,4,[1],1,HBM_HOST_OFFLOAD,37.00141815396114,0.08425517119958785,0.05347908436616909,0.05347908436616909,0.05347908436616909,0.026172623109139252,0.026172623109139252,0.8648317171749884,0.8648317171749884,0.8648317171749884,37.00141815396114,0.08425517119958785,0.05347908436616909,0.05347908436616909,0.05347908436616909,0.026172623109139252,0.026172623109139252,0.8648317171749884,0.8648317171749884,0.8648317171749884
Qwen2.5-32B,LC64K,8,True,4,"[4, 4]",2,HBM_RESIDENT_WAVE,58.96100046906308,0.2157097032080604,0.34306608675296757,0.34306608675296757,0.34306608675296757,0.12899060944420426,0.12899060944420426,4.341853054788708,4.341853054788708,4.341853054788708,82.67734575592476,0.1957401931879476,0.9639781113926875,1.7783685715939852,1.7783685715939852,0.0425161406063142,0.0425161406063142,2.281983735890438,3.0963741960917357,3.0963741960917357
Qwen2.5-32B,LC64K,32,True,4,"[4, 4, 4, 4, 4, 4, 4, 4]",8,HBM_RESIDENT_WAVE,28.221820488517288,0.1838858620102132,2.198403813498583,2.198403813498583,2.198403813498583,1.0995246755632415,1.0995246755632415,36.2839810570207,36.2839810570207,36.2839810570207,79.57069299533676,0.19397766902704788,5.850320872600474,11.551054094009558,11.551054094009558,0.0425161406063142,0.0425161406063142,7.168326497098224,12.869059718507309,12.869059718507309
Qwen2.5-32B,LC126K,1,False,2,[1],1,HBM_HOST_OFFLOAD,30.544394136833432,0.06949597485085159,0.07306602265116953,0.07306602265116953,0.07306602265116953,0.031438325119186324,0.031438325119186324,1.047655417771448,1.047655417771448,1.047655417771448,30.544394136833432,0.06949597485085159,0.07306602265116953,0.07306602265116953,0.07306602265116953,0.031438325119186324,0.031438325119186324,1.047655417771448,1.047655417771448,1.047655417771448
Qwen2.5-32B,LC126K,8,True,2,"[2, 2, 2, 2]",4,HBM_RESIDENT_WAVE,17.579348638188822,0.10003488925609341,0.8824219577460729,0.8824219577460729,0.8824219577460729,0.441291671076524,0.441291671076524,14.562541836383724,14.562541836383724,14.562541836383724,41.26052010225708,0.09974990492247503,2.5115875170365958,4.897767772714267,4.897767772714267,0.04215186629495838,0.04215186629495838,3.818298005031311,6.2044782607089815,6.2044782607089815
Qwen2.5-32B,LC126K,32,True,2,"[2, 2, 2, 2, 2, 2, 2, 2, 2, 2, 2, 2, 2, 2, 2, 2]",16,HBM_RESIDENT_WAVE,13.211586977985615,0.09239198483193461,4.696812306557141,4.696812306557141,4.696812306557141,2.348728922092521,2.348728922092521,77.50772119248693,77.50772119248693,77.50772119248693,40.48403678064167,0.09929730564065384,12.05630853974728,23.112277057720487,23.987209818135632,0.04215186629495838,0.04215186629495838,13.363019027741993,24.4189875457152,25.293920306130346
