model,context,batch,path,H,P,G,Tmax_C,thermal_feasible,thermal_metric,GPU_power_W,memory_power_W,mapping,operator_signature,hotspot_component,hotspot_x,hotspot_y,hotspot_z,hotspot_die,thermal_solve_s,iterations,relative_residual,max_temperature_update_K,thermal_status
Llama-3.1-8B,LC20K,1,HBM_BEST,20000,128,32,85.0,True,THERMAL_CLOSED_ACTIVE_SERVICE_DESIGN_POINT,,,,,,,,,,,,,,
Llama-3.1-8B,LC20K,1,M3D_GPU,20000,128,32,81.1887637000383,True,PEAK_DECODE_STEADY_STATE,368.52911261975123,22.539412918415987,DIE_GROUPED_BEOL_UNIFORM,2fcecd86ccbe1599b61790bab556d55d334ecb78086df9888d84bc638a674dcd,gpu/FEOL,0.01595,0.002250000000000001,0.00037179,,8.075140400003875,2290,0.0005400370209682286,0.007674744161055198,THERMAL_FEASIBLE
Llama-3.1-8B,LC20K,1,M3D_NMP_UNIFORM,20000,128,32,62.504890719788136,True,PEAK_DECODE_STEADY_STATE,138.7859201574491,190.73631767858282,DIE_GROUPED_BEOL_UNIFORM,2fcecd86ccbe1599b61790bab556d55d334ecb78086df9888d84bc638a674dcd,gpu/FEOL,0.010195348000000003,0.0002500000000000002,0.00037179,,7.140997499998775,2130,0.0005770243521240638,0.009075278142579978,THERMAL_FEASIBLE
Llama-3.1-8B,LC20K,1,M3D_NMP_CPA,20000,128,32,60.79326769504013,True,PEAK_DECODE_STEADY_STATE,147.2831585259344,164.94563580629463,DIE_GROUPED_BEOL_UNIFORM,2fcecd86ccbe1599b61790bab556d55d334ecb78086df9888d84bc638a674dcd,gpu/FEOL,0.010595348000000001,-0.0012500000000000011,0.00037179,,7.244810000003781,2160,0.0005187300413423078,0.00824087202997958,THERMAL_FEASIBLE
Llama-3.1-8B,LC20K,8,HBM_BEST,20000,128,32,85.0,True,THERMAL_CLOSED_ACTIVE_SERVICE_DESIGN_POINT,,,,,,,,,,,,,,
Llama-3.1-8B,LC20K,8,M3D_GPU,20000,128,32,82.45716342124024,True,PEAK_DECODE_STEADY_STATE,376.1955306305917,23.113939096393,DIE_GROUPED_BEOL_UNIFORM,2fcecd86ccbe1599b61790bab556d55d334ecb78086df9888d84bc638a674dcd,gpu/FEOL,0.01595,0.002250000000000001,0.00037179,,7.676365699997405,2290,0.0005500776816516296,0.007823408053482165,THERMAL_FEASIBLE
Llama-3.1-8B,LC20K,8,M3D_NMP_UNIFORM,20000,128,32,69.2586883464486,True,PEAK_DECODE_STEADY_STATE,170.68663432706379,208.34464780730434,DIE_GROUPED_BEOL_UNIFORM,2fcecd86ccbe1599b61790bab556d55d334ecb78086df9888d84bc638a674dcd,gpu/FEOL,0.011095348000000001,-0.0007500000000000007,0.00037179,,7.41148370000883,2210,0.0005215125888273044,0.00786824283400596,THERMAL_FEASIBLE
Llama-3.1-8B,LC20K,8,M3D_NMP_CPA,20000,128,32,70.51417424229373,True,PEAK_DECODE_STEADY_STATE,192.7680587818991,188.46339230225513,DIE_GROUPED_BEOL_UNIFORM,2fcecd86ccbe1599b61790bab556d55d334ecb78086df9888d84bc638a674dcd,gpu/FEOL,0.01595,0.0002500000000000002,0.00037179,,7.343516799999634,2190,0.0005751256921090865,0.009427082379002484,THERMAL_FEASIBLE
Llama-3.1-8B,LC20K,32,HBM_BEST,20000,128,32,85.0,True,THERMAL_CLOSED_ACTIVE_SERVICE_DESIGN_POINT,,,,,,,,,,,,,,
Llama-3.1-8B,LC20K,32,M3D_GPU,20000,128,32,83.28383360262313,True,PEAK_DECODE_STEADY_STATE,381.05734850246535,23.49863731696371,DIE_GROUPED_BEOL_UNIFORM,2fcecd86ccbe1599b61790bab556d55d334ecb78086df9888d84bc638a674dcd,gpu/FEOL,0.01595,-0.002250000000000001,0.00037179,,7.676660400000401,2290,0.0005577559159888731,0.0079363078113345,THERMAL_FEASIBLE
Llama-3.1-8B,LC20K,32,M3D_NMP_UNIFORM,20000,128,32,69.57397130150116,True,PEAK_DECODE_STEADY_STATE,173.7862196817289,207.21580214306917,DIE_GROUPED_BEOL_UNIFORM,2fcecd86ccbe1599b61790bab556d55d334ecb78086df9888d84bc638a674dcd,gpu/FEOL,0.011095348000000001,0.0007500000000000007,0.00037179,,7.410253100009868,2210,0.000524996028089621,0.00796832209970837,THERMAL_FEASIBLE
Llama-3.1-8B,LC20K,32,M3D_NMP_CPA,20000,128,32,71.72686479470008,True,PEAK_DECODE_STEADY_STATE,196.1505566691962,194.7835095692473,DIE_GROUPED_BEOL_UNIFORM,2fcecd86ccbe1599b61790bab556d55d334ecb78086df9888d84bc638a674dcd,gpu/FEOL,0.01595,0.0002500000000000002,0.00037179,,7.3452346999984,2190,0.0005884252675646839,0.00981600962221957,THERMAL_FEASIBLE
Llama-3.1-8B,LC64K,1,HBM_BEST,64000,128,32,85.0,True,THERMAL_CLOSED_ACTIVE_SERVICE_DESIGN_POINT,,,,,,,,,,,,,,
Llama-3.1-8B,LC64K,1,M3D_GPU,64000,128,32,81.82085569755606,True,PEAK_DECODE_STEADY_STATE,372.29503952218124,22.847046742477882,DIE_GROUPED_BEOL_UNIFORM,2fcecd86ccbe1599b61790bab556d55d334ecb78086df9888d84bc638a674dcd,gpu/FEOL,0.01595,-0.002250000000000001,0.00037179,,7.682688299988513,2290,0.0005457472735617022,0.007757608409924474,THERMAL_FEASIBLE
Llama-3.1-8B,LC64K,1,M3D_NMP_UNIFORM,64000,128,32,64.85036122683522,True,PEAK_DECODE_STEADY_STATE,142.24184219990656,206.6281846419252,DIE_GROUPED_BEOL_UNIFORM,2fcecd86ccbe1599b61790bab556d55d334ecb78086df9888d84bc638a674dcd,gpu/FEOL,0.010195348000000003,-0.0002500000000000002,0.00037179,,7.150997800010373,2130,0.0006074713794415882,0.009540708587198384,THERMAL_FEASIBLE
Llama-3.1-8B,LC64K,1,M3D_NMP_CPA,64000,128,32,63.21045535262681,True,PEAK_DECODE_STEADY_STATE,148.00474956480798,185.03131920627914,DIE_GROUPED_BEOL_UNIFORM,2fcecd86ccbe1599b61790bab556d55d334ecb78086df9888d84bc638a674dcd,gpu/FEOL,0.010195348000000003,0.0002500000000000002,0.00037179,,7.15146839999943,2130,0.0005893457734243071,0.009723832476269777,THERMAL_FEASIBLE
Llama-3.1-8B,LC64K,8,HBM_BEST,64000,128,32,85.0,True,THERMAL_CLOSED_ACTIVE_SERVICE_DESIGN_POINT,,,,,,,,,,,,,,
Llama-3.1-8B,LC64K,8,M3D_GPU,64000,128,32,83.23336565282324,True,PEAK_DECODE_STEADY_STATE,380.73352135770944,23.47135187862847,DIE_GROUPED_BEOL_UNIFORM,2fcecd86ccbe1599b61790bab556d55d334ecb78086df9888d84bc638a674dcd,gpu/FEOL,0.01595,-0.002250000000000001,0.00037179,,7.691167600001791,2290,0.0005573600615586185,0.00792967920916396,THERMAL_FEASIBLE
Llama-3.1-8B,LC64K,8,M3D_NMP_UNIFORM,64000,128,32,71.5367909252675,True,PEAK_DECODE_STEADY_STATE,171.0914840621355,227.78361971327294,DIE_GROUPED_BEOL_UNIFORM,2fcecd86ccbe1599b61790bab556d55d334ecb78086df9888d84bc638a674dcd,gpu/FEOL,0.011095348000000001,0.0007500000000000007,0.00037179,,7.4125125999999,2210,0.0005416978192638227,0.008560086240319297,THERMAL_FEASIBLE
Llama-3.1-8B,LC64K,8,M3D_NMP_CPA,64000,128,32,71.43578822299287,True,PEAK_DECODE_STEADY_STATE,184.26729495320092,209.98927449177617,DIE_GROUPED_BEOL_UNIFORM,2fcecd86ccbe1599b61790bab556d55d334ecb78086df9888d84bc638a674dcd,gpu/FEOL,0.011095348000000001,0.0007500000000000007,0.00037179,,7.417273600003682,2210,0.0005459546491605909,0.008398984036128819,THERMAL_FEASIBLE
Llama-3.1-8B,LC64K,32,HBM_BEST,64000,128,32,85.0,True,THERMAL_CLOSED_ACTIVE_SERVICE_DESIGN_POINT,,,,,,,,,,,,,,
Llama-3.1-8B,LC64K,32,M3D_GPU,64000,128,32,83.64851147615059,True,PEAK_DECODE_STEADY_STATE,383.237094445751,23.661402331263584,DIE_GROUPED_BEOL_UNIFORM,2fcecd86ccbe1599b61790bab556d55d334ecb78086df9888d84bc638a674dcd,gpu/FEOL,0.01595,-0.002250000000000001,0.00037179,,7.685305899998639,2290,0.000560828571873962,0.00797978083569468,THERMAL_FEASIBLE
Llama-3.1-8B,LC64K,32,M3D_NMP_UNIFORM,64000,128,32,72.00844124920184,True,PEAK_DECODE_STEADY_STATE,174.3774930250142,227.7984832746122,DIE_GROUPED_BEOL_UNIFORM,2fcecd86ccbe1599b61790bab556d55d334ecb78086df9888d84bc638a674dcd,gpu/FEOL,0.011095348000000001,0.0007500000000000007,0.00037179,,7.421776100003626,2210,0.0005462744923068666,0.008467535127471405,THERMAL_FEASIBLE
Llama-3.1-8B,LC64K,32,M3D_NMP_CPA,64000,128,32,72.61772493729814,True,PEAK_DECODE_STEADY_STATE,187.6684839571457,215.98342200568524,DIE_GROUPED_BEOL_UNIFORM,2fcecd86ccbe1599b61790bab556d55d334ecb78086df9888d84bc638a674dcd,gpu/FEOL,0.011095348000000001,-0.0007500000000000007,0.00037179,,7.417208400001982,2210,0.0005573263883753614,0.008545896126384431,THERMAL_FEASIBLE
Llama-3.1-8B,LC126K,1,HBM_BEST,126000,128,32,85.0,True,THERMAL_CLOSED_ACTIVE_SERVICE_DESIGN_POINT,,,,,,,,,,,,,,
Llama-3.1-8B,LC126K,1,M3D_GPU,126000,128,32,82.32162335415774,True,PEAK_DECODE_STEADY_STATE,375.33096086248213,23.056928228045212,DIE_GROUPED_BEOL_UNIFORM,2fcecd86ccbe1599b61790bab556d55d334ecb78086df9888d84bc638a674dcd,gpu/FEOL,0.01595,0.002250000000000001,0.00037179,,7.685055000009015,2290,0.0005497910250810408,0.007817242484767206,THERMAL_FEASIBLE
Llama-3.1-8B,LC126K,1,M3D_NMP_UNIFORM,126000,128,32,67.41185789736545,True,PEAK_DECODE_STEADY_STATE,146.07744734454405,223.9654392708912,DIE_GROUPED_BEOL_UNIFORM,2fcecd86ccbe1599b61790bab556d55d334ecb78086df9888d84bc638a674dcd,gpu/FEOL,0.010195348000000003,0.0012500000000000011,0.00037179,,7.247535799993784,2160,0.0005938809452478101,0.009756880476367523,THERMAL_FEASIBLE
Llama-3.1-8B,LC126K,1,M3D_NMP_CPA,126000,128,32,65.5664569295181,True,PEAK_DECODE_STEADY_STATE,150.09740725146676,202.7995821726265,DIE_GROUPED_BEOL_UNIFORM,2fcecd86ccbe1599b61790bab556d55d334ecb78086df9888d84bc638a674dcd,gpu/FEOL,0.010195348000000003,-0.0002500000000000002,0.00037179,,7.1463793000002624,2130,0.0006188880122121191,0.009740510245111042,THERMAL_FEASIBLE
Llama-3.1-8B,LC126K,8,HBM_BEST,126000,128,32,85.0,True,THERMAL_CLOSED_ACTIVE_SERVICE_DESIGN_POINT,,,,,,,,,,,,,,
Llama-3.1-8B,LC126K,8,M3D_GPU,126000,128,32,83.50259014639363,True,PEAK_DECODE_STEADY_STATE,382.3581615065546,23.596814472450678,DIE_GROUPED_BEOL_UNIFORM,2fcecd86ccbe1599b61790bab556d55d334ecb78086df9888d84bc638a674dcd,gpu/FEOL,0.01595,-0.002250000000000001,0.00037179,,7.681106399992132,2290,0.0005595465107391366,0.007961391949674641,THERMAL_FEASIBLE
Llama-3.1-8B,LC126K,8,M3D_NMP_UNIFORM,126000,128,32,73.97939042108044,True,PEAK_DECODE_STEADY_STATE,171.71782416307278,248.14269563316995,DIE_GROUPED_BEOL_UNIFORM,2fcecd86ccbe1599b61790bab556d55d334ecb78086df9888d84bc638a674dcd,gpu/FEOL,0.011095348000000001,0.0007500000000000007,0.00037179,,7.41280919998826,2210,0.0005641653136704014,0.009588795521766615,THERMAL_FEASIBLE
Llama-3.1-8B,LC126K,8,M3D_NMP_CPA,126000,128,32,74.10255685829242,True,PEAK_DECODE_STEADY_STATE,182.3860558708039,235.52287143837438,DIE_GROUPED_BEOL_UNIFORM,2fcecd86ccbe1599b61790bab556d55d334ecb78086df9888d84bc638a674dcd,gpu/FEOL,0.011095348000000001,0.0007500000000000007,0.00037179,,7.412480800005142,2210,0.0005698975429453568,0.008729145616900486,THERMAL_FEASIBLE
Llama-3.1-8B,LC126K,32,HBM_BEST,126000,128,32,85.0,True,THERMAL_CLOSED_ACTIVE_SERVICE_DESIGN_POINT,,,,,,,,,,,,,,
Llama-3.1-8B,LC126K,32,M3D_GPU,126000,128,32,83.74461457175073,True,PEAK_DECODE_STEADY_STATE,383.81023791250215,23.70780607932148,DIE_GROUPED_BEOL_UNIFORM,2fcecd86ccbe1599b61790bab556d55d334ecb78086df9888d84bc638a674dcd,gpu/FEOL,0.01595,-0.002250000000000001,0.00037179,,7.684574099999736,2290,0.0005617143432101707,0.00799296597244101,THERMAL_FEASIBLE
Llama-3.1-8B,LC126K,32,M3D_NMP_UNIFORM,126000,128,32,74.5797286722813,True,PEAK_DECODE_STEADY_STATE,174.72493060078898,249.62087425646587,DIE_GROUPED_BEOL_UNIFORM,2fcecd86ccbe1599b61790bab556d55d334ecb78086df9888d84bc638a674dcd,gpu/FEOL,0.011095348000000001,0.0007500000000000007,0.00037179,,7.416719999993802,2210,0.0005703595470149277,0.009604714449056858,THERMAL_FEASIBLE
Llama-3.1-8B,LC126K,32,M3D_NMP_CPA,126000,128,32,74.90371774517263,True,PEAK_DECODE_STEADY_STATE,184.61627556279169,239.74151946837398,DIE_GROUPED_BEOL_UNIFORM,2fcecd86ccbe1599b61790bab556d55d334ecb78086df9888d84bc638a674dcd,gpu/FEOL,0.011095348000000001,0.0007500000000000007,0.00037179,,7.417458600000828,2210,0.0005774810220016899,0.008897882847462258,THERMAL_FEASIBLE
Qwen2.5-32B,LC20K,1,HBM_BEST,20000,128,32,85.0,True,THERMAL_CLOSED_ACTIVE_SERVICE_DESIGN_POINT,,,,,,,,,,,,,,
Qwen2.5-32B,LC20K,1,M3D_GPU,20000,128,32,82.53021133161491,True,PEAK_DECODE_STEADY_STATE,376.60128924327296,23.148862089010102,DIE_GROUPED_BEOL_UNIFORM,2fcecd86ccbe1599b61790bab556d55d334ecb78086df9888d84bc638a674dcd,gpu/FEOL,0.01595,-0.002250000000000001,0.00037179,,7.681348400001298,2290,0.0005507142620084625,0.00783008007456389,THERMAL_FEASIBLE
Qwen2.5-32B,LC20K,1,M3D_NMP_UNIFORM,20000,128,32,64.22378051056103,True,PEAK_DECODE_STEADY_STATE,134.366334820509,210.90072867855292,DIE_GROUPED_BEOL_UNIFORM,2fcecd86ccbe1599b61790bab556d55d334ecb78086df9888d84bc638a674dcd,gpu/FEOL,0.010195348000000003,-0.0002500000000000002,0.00037179,,7.147616400005063,2130,0.0005997979654374766,0.009415330898248957,THERMAL_FEASIBLE
Qwen2.5-32B,LC20K,1,M3D_NMP_CPA,20000,128,32,63.57467944747498,True,PEAK_DECODE_STEADY_STATE,140.29671866636372,197.75884116018352,DIE_GROUPED_BEOL_UNIFORM,2fcecd86ccbe1599b61790bab556d55d334ecb78086df9888d84bc638a674dcd,gpu/FEOL,0.010195348000000003,0.0002500000000000002,0.00037179,,7.148866800009273,2130,0.0005919225894839979,0.00929971978459492,THERMAL_FEASIBLE
Qwen2.5-32B,LC20K,8,HBM_BEST,20000,128,32,85.0,True,THERMAL_CLOSED_ACTIVE_SERVICE_DESIGN_POINT,,,,,,,,,,,,,,
Qwen2.5-32B,LC20K,8,M3D_GPU,20000,128,32,82.8530214580345,True,PEAK_DECODE_STEADY_STATE,378.44743409411114,23.300717123627116,DIE_GROUPED_BEOL_UNIFORM,2fcecd86ccbe1599b61790bab556d55d334ecb78086df9888d84bc638a674dcd,gpu/FEOL,0.01595,-0.002250000000000001,0.00037179,,7.687265799992019,2290,0.0005542884356337588,0.007886463970934508,THERMAL_FEASIBLE
Qwen2.5-32B,LC20K,8,M3D_NMP_UNIFORM,20000,128,32,71.27374681461401,True,PEAK_DECODE_STEADY_STATE,170.18224545345592,226.65213962844058,DIE_GROUPED_BEOL_UNIFORM,2fcecd86ccbe1599b61790bab556d55d334ecb78086df9888d84bc638a674dcd,gpu/FEOL,0.011095348000000001,0.0007500000000000007,0.00037179,,7.416962700008298,2210,0.0005390725850393526,0.008520750685858532,THERMAL_FEASIBLE
Qwen2.5-32B,LC20K,8,M3D_NMP_CPA,20000,128,32,71.93688507180087,True,PEAK_DECODE_STEADY_STATE,189.99983668763136,206.344592819388,DIE_GROUPED_BEOL_UNIFORM,2fcecd86ccbe1599b61790bab556d55d334ecb78086df9888d84bc638a674dcd,gpu/FEOL,0.01595,-0.0002500000000000002,0.00037179,,7.413892600001418,2210,0.0005523657176993816,0.00862530625533038,THERMAL_FEASIBLE
Qwen2.5-32B,LC20K,32,HBM_BEST,20000,128,32,85.0,True,THERMAL_CLOSED_ACTIVE_SERVICE_DESIGN_POINT,,,,,,,,,,,,,,
Qwen2.5-32B,LC20K,32,M3D_GPU,20000,128,32,83.16707890112292,True,PEAK_DECODE_STEADY_STATE,380.3518344254168,23.452708519230374,DIE_GROUPED_BEOL_UNIFORM,2fcecd86ccbe1599b61790bab556d55d334ecb78086df9888d84bc638a674dcd,gpu/FEOL,0.01595,-0.002250000000000001,0.00037179,,7.6799763000017265,2290,0.00055601426124191,0.00791282887693829,THERMAL_FEASIBLE
Qwen2.5-32B,LC20K,32,M3D_NMP_UNIFORM,20000,128,32,71.76106746164902,True,PEAK_DECODE_STEADY_STATE,174.74589215398188,225.3031917277722,DIE_GROUPED_BEOL_UNIFORM,2fcecd86ccbe1599b61790bab556d55d334ecb78086df9888d84bc638a674dcd,gpu/FEOL,0.011095348000000001,0.0007500000000000007,0.00037179,,7.412227900000289,2210,0.0005426798149771489,0.008294130027738893,THERMAL_FEASIBLE
Qwen2.5-32B,LC20K,32,M3D_NMP_CPA,20000,128,32,73.8997932115289,True,PEAK_DECODE_STEADY_STATE,193.89415453265755,219.13935107818273,DIE_GROUPED_BEOL_UNIFORM,2fcecd86ccbe1599b61790bab556d55d334ecb78086df9888d84bc638a674dcd,gpu/FEOL,0.01595,-0.0002500000000000002,0.00037179,,7.411819099987042,2210,0.000570902706638619,0.008807184009487856,THERMAL_FEASIBLE
Qwen2.5-32B,LC64K,1,HBM_BEST,64000,128,32,85.0,True,THERMAL_CLOSED_ACTIVE_SERVICE_DESIGN_POINT,,,,,,,,,,,,,,
Qwen2.5-32B,LC64K,1,M3D_GPU,64000,128,32,82.6824548943789,True,PEAK_DECODE_STEADY_STATE,377.4668400175403,23.216784094993656,DIE_GROUPED_BEOL_UNIFORM,2fcecd86ccbe1599b61790bab556d55d334ecb78086df9888d84bc638a674dcd,gpu/FEOL,0.01595,0.002250000000000001,0.00037179,,7.681917699999758,2290,0.0005524624370594,0.007858226578845351,THERMAL_FEASIBLE
Qwen2.5-32B,LC64K,1,M3D_NMP_UNIFORM,64000,128,32,65.81140901658853,True,PEAK_DECODE_STEADY_STATE,137.9366529435652,220.4431379764845,DIE_GROUPED_BEOL_UNIFORM,2fcecd86ccbe1599b61790bab556d55d334ecb78086df9888d84bc638a674dcd,gpu/FEOL,0.010195348000000003,-0.0002500000000000002,0.00037179,,7.147387099990738,2130,0.0006202144255550676,0.009833750116991386,THERMAL_FEASIBLE
Qwen2.5-32B,LC64K,1,M3D_NMP_CPA,64000,128,32,64.79667600368373,True,PEAK_DECODE_STEADY_STATE,141.87230253912236,206.57818256237383,DIE_GROUPED_BEOL_UNIFORM,2fcecd86ccbe1599b61790bab556d55d334ecb78086df9888d84bc638a674dcd,gpu/FEOL,0.010195348000000003,0.0002500000000000002,0.00037179,,7.145868599996902,2130,0.0006067944891153925,0.009529035131981394,THERMAL_FEASIBLE
Qwen2.5-32B,LC64K,8,HBM_BEST,64000,128,32,85.0,True,THERMAL_CLOSED_ACTIVE_SERVICE_DESIGN_POINT,,,,,,,,,,,,,,
Qwen2.5-32B,LC64K,8,M3D_GPU,64000,128,32,83.16388987531195,True,PEAK_DECODE_STEADY_STATE,380.4161054280288,23.443211222082915,DIE_GROUPED_BEOL_UNIFORM,2fcecd86ccbe1599b61790bab556d55d334ecb78086df9888d84bc638a674dcd,gpu/FEOL,0.01595,0.002250000000000001,0.00037179,,7.682263099995907,2290,0.0005565183388487627,0.007917213565262161,THERMAL_FEASIBLE
Qwen2.5-32B,LC64K,8,M3D_NMP_UNIFORM,64000,128,32,73.07711033289337,True,PEAK_DECODE_STEADY_STATE,172.05335942966892,240.0333988396856,DIE_GROUPED_BEOL_UNIFORM,2fcecd86ccbe1599b61790bab556d55d334ecb78086df9888d84bc638a674dcd,gpu/FEOL,0.011095348000000001,0.0007500000000000007,0.00037179,,7.416067199999816,2210,0.0005551440942031884,0.009161421076919626,THERMAL_FEASIBLE
Qwen2.5-32B,LC64K,8,M3D_NMP_CPA,64000,128,32,73.17742591582544,True,PEAK_DECODE_STEADY_STATE,185.30256210616793,223.8581300386898,DIE_GROUPED_BEOL_UNIFORM,2fcecd86ccbe1599b61790bab556d55d334ecb78086df9888d84bc638a674dcd,gpu/FEOL,0.011095348000000001,-0.0007500000000000007,0.00037179,,7.416744100002688,2210,0.0005616054846387429,0.00849615631711898,THERMAL_FEASIBLE
Qwen2.5-32B,LC64K,32,HBM_BEST,64000,128,32,85.0,True,THERMAL_CLOSED_ACTIVE_SERVICE_DESIGN_POINT,,,,,,,,,,,,,,
Qwen2.5-32B,LC64K,32,M3D_GPU,64000,128,32,83.418561668998,True,PEAK_DECODE_STEADY_STATE,381.82153190055476,23.591999277893496,DIE_GROUPED_BEOL_UNIFORM,2fcecd86ccbe1599b61790bab556d55d334ecb78086df9888d84bc638a674dcd,gpu/FEOL,0.01595,-0.002250000000000001,0.00037179,,7.687731199999689,2290,0.0005612408860610986,0.007986522827116278,THERMAL_FEASIBLE
Qwen2.5-32B,LC64K,32,M3D_NMP_UNIFORM,64000,128,32,73.6636680278524,True,PEAK_DECODE_STEADY_STATE,175.57489716509812,240.62191330254203,DIE_GROUPED_BEOL_UNIFORM,2fcecd86ccbe1599b61790bab556d55d334ecb78086df9888d84bc638a674dcd,gpu/FEOL,0.011095348000000001,0.0007500000000000007,0.00037179,,7.414494299999205,2210,0.0005619094066551948,0.0091269141078387,THERMAL_FEASIBLE
Qwen2.5-32B,LC64K,32,M3D_NMP_CPA,64000,128,32,74.66896188054864,True,PEAK_DECODE_STEADY_STATE,187.93730128052286,233.4253083599271,DIE_GROUPED_BEOL_UNIFORM,2fcecd86ccbe1599b61790bab556d55d334ecb78086df9888d84bc638a674dcd,gpu/FEOL,0.011095348000000001,-0.0007500000000000007,0.00037179,,7.415143000005628,2210,0.0005760753963523133,0.008653043458138266,THERMAL_FEASIBLE
Qwen2.5-32B,LC126K,1,HBM_BEST,126000,128,32,85.0,True,THERMAL_CLOSED_ACTIVE_SERVICE_DESIGN_POINT,,,,,,,,,,,,,,
Qwen2.5-32B,LC126K,1,M3D_GPU,126000,128,32,82.8329452213573,True,PEAK_DECODE_STEADY_STATE,378.3417988299587,23.29666693220253,DIE_GROUPED_BEOL_UNIFORM,2fcecd86ccbe1599b61790bab556d55d334ecb78086df9888d84bc638a674dcd,gpu/FEOL,0.01595,-0.002250000000000001,0.00037179,,7.678867399998126,2290,0.0005535300066071653,0.007875024215394173,THERMAL_FEASIBLE
Qwen2.5-32B,LC126K,1,M3D_NMP_UNIFORM,126000,128,32,67.45156977177737,True,PEAK_DECODE_STEADY_STATE,141.5681442083027,230.12492978928708,DIE_GROUPED_BEOL_UNIFORM,2fcecd86ccbe1599b61790bab556d55d334ecb78086df9888d84bc638a674dcd,gpu/FEOL,0.010195348000000003,0.0012500000000000011,0.00037179,,7.2470071999996435,2160,0.0005930836419664035,0.00977791174316787,THERMAL_FEASIBLE
Qwen2.5-32B,LC126K,1,M3D_NMP_CPA,126000,128,32,66.48143399769748,True,PEAK_DECODE_STEADY_STATE,144.60312339798153,217.74450518699146,DIE_GROUPED_BEOL_UNIFORM,2fcecd86ccbe1599b61790bab556d55d334ecb78086df9888d84bc638a674dcd,gpu/FEOL,0.010195348000000003,-0.0002500000000000002,0.00037179,,7.145298599993112,2130,0.0006290943442876239,0.009879016654253834,THERMAL_FEASIBLE
Qwen2.5-32B,LC126K,8,HBM_BEST,126000,128,32,85.0,True,THERMAL_CLOSED_ACTIVE_SERVICE_DESIGN_POINT,,,,,,,,,,,,,,
Qwen2.5-32B,LC126K,8,M3D_GPU,126000,128,32,83.33205828163062,True,PEAK_DECODE_STEADY_STATE,381.3431977266096,23.51954678596953,DIE_GROUPED_BEOL_UNIFORM,2fcecd86ccbe1599b61790bab556d55d334ecb78086df9888d84bc638a674dcd,gpu/FEOL,0.01595,0.002250000000000001,0.00037179,,7.685363700002199,2290,0.00055823710611455,0.007941170750022921,THERMAL_FEASIBLE
Qwen2.5-32B,LC126K,8,M3D_NMP_UNIFORM,126000,128,32,74.46565602399261,True,PEAK_DECODE_STEADY_STATE,172.25834997116704,251.66391458099338,DIE_GROUPED_BEOL_UNIFORM,2fcecd86ccbe1599b61790bab556d55d334ecb78086df9888d84bc638a674dcd,gpu/FEOL,0.011095348000000001,-0.0007500000000000007,0.00037179,,7.411401899997145,2210,0.0005688182350175791,0.009753444456481151,THERMAL_FEASIBLE
Qwen2.5-32B,LC126K,8,M3D_NMP_CPA,126000,128,32,74.47664352976756,True,PEAK_DECODE_STEADY_STATE,182.43952160506169,238.8382681984465,DIE_GROUPED_BEOL_UNIFORM,2fcecd86ccbe1599b61790bab556d55d334ecb78086df9888d84bc638a674dcd,gpu/FEOL,0.011095348000000001,-0.0007500000000000007,0.00037179,,7.418271599992295,2210,0.0005723303806581763,0.008892485315522225,THERMAL_FEASIBLE
Qwen2.5-32B,LC126K,32,HBM_BEST,126000,128,32,85.0,True,THERMAL_CLOSED_ACTIVE_SERVICE_DESIGN_POINT,,,,,,,,,,,,,,
Qwen2.5-32B,LC126K,32,M3D_GPU,126000,128,32,83.48500277206779,True,PEAK_DECODE_STEADY_STATE,382.25975319551833,23.587805900829963,DIE_GROUPED_BEOL_UNIFORM,2fcecd86ccbe1599b61790bab556d55d334ecb78086df9888d84bc638a674dcd,gpu/FEOL,0.01595,0.002250000000000001,0.00037179,,7.684035199999926,2290,0.0005594773816791549,0.007960119475435125,THERMAL_FEASIBLE
Qwen2.5-32B,LC126K,32,M3D_NMP_UNIFORM,126000,128,32,75.11415660084248,True,PEAK_DECODE_STEADY_STATE,175.98047976408685,252.70577457050362,DIE_GROUPED_BEOL_UNIFORM,2fcecd86ccbe1599b61790bab556d55d334ecb78086df9888d84bc638a674dcd,gpu/FEOL,0.011095348000000001,-0.0007500000000000007,0.00037179,,7.411092900001677,2210,0.0005752234474063737,0.00972714977563184,THERMAL_FEASIBLE
Qwen2.5-32B,LC126K,32,M3D_NMP_CPA,126000,128,32,76.28621771088638,True,PEAK_DECODE_STEADY_STATE,185.7840673644344,250.29587618617842,DIE_GROUPED_BEOL_UNIFORM,2fcecd86ccbe1599b61790bab556d55d334ecb78086df9888d84bc638a674dcd,gpu/FEOL,0.011095348000000001,0.0007500000000000007,0.00037179,,7.410325400007423,2210,0.0005901831264063386,0.00943409550933453,THERMAL_FEASIBLE
