model,workload_id,H,P,G,batch_size,system,status,weight_GB,initial_KV_GB,final_KV_GB,workspace_GB,peak_state_GB,capacity_GB,capacity_utilization,capacity_violation_GB,physical_slot_excess_GB,HBM_capacity_GB,Grace_capacity_GB,HBM_only_fit,physical_slot_status,kv_state_fraction,prefill_s,decode_s,decode_generated_tokens,decode_tok_s,first_step_ms,last_step_ms,mean_TPOT_ms,E2E_s,E2E_generated_tokens,E2E_tok_s,TTFT,prefill_host_GB,HBM_resident_GB,Grace_resident_GB,residency_policy,effective_bandwidth_TBps,placement_policy,energy_status,E2E_J_per_token,E2E_tokens_per_J,optimizer_runtime_s,accepted_moves,moved_fraction,resident_moved_fraction,selected_executor,CPA_moves,CPA_optimizer_runtime,NMP_MAC_status,NMP_Fabric_status,NMP_NoC_status,NMP_reduction_status,NMP_background_status,selector_objective,selector_overhead_status,selector_latency_s,selector_energy_J
Llama-3.1-8B,W1,2000,512,256,1,HBM_GPU,EVALUATED,16.060522496,0.262144,0.362807296,0.044040192,16.467369984,624.95514624,0.02634968298617078,0.0,0.0,144.95514624,480.0,True,PASS,0.022090970625014653,0.011076572657371428,1.1921522536921827,256,214.7376723125333,4.65177658292004,4.661912899050139,4.656844740985089,1.203228826349554,256,212.76086010727653,0.01572834924029147,0.0,16.423329792,0.0,HBM_LOCAL,3.2973872924850354,NOT_APPLICABLE_GPU_EXECUTION,ENERGY_INCOMPLETE_HBM_WRITE_UNRESOLVED,,,,,,,,,,,,,,,,,,
Llama-3.1-8B,W1,2000,512,256,1,M3D_GPU,EVALUATED,16.060522496,0.262144,0.362807296,0.044040192,16.467369984,1493.84331264,0.011023492119061657,0.0,0.0,144.95514624,480.0,True,PASS,0.022090970625014653,0.011076572657371428,1.1576084355063407,256,221.14558960346983,4.516986648141257,4.52682925425203,4.521907951196644,1.1686850081637121,256,219.0496140634491,0.015593559305512684,0,,,,3.3957835581187483,NOT_APPLICABLE_GPU_EXECUTION,MODELED_EVENT_ENERGY__WORKLOAD_THERMAL_CLOSURE_PENDING,1.8994673102365476,0.5264633903467738,0,0,0,0,GPU,0,0,INACTIVE,INACTIVE,INACTIVE,INACTIVE,INACTIVE,,,,
Llama-3.1-8B,W1,2000,512,256,1,M3D_MAC_NMP,EVALUATED,16.060522496,0.262144,0.362807296,0.044040192,16.467369984,1493.84331264,0.011023492119061657,0.0,0.0,144.95514624,480.0,True,PASS,0.022090970625014653,0.011076572657371428,0.3363037655869758,256,761.2165732167296,1.3134241841063574,1.3139489850084318,1.313686584324124,0.3473803382443472,256,736.9444145682468,0.012389996841477785,0,,,,3.4,CRITICAL_PATH_AWARE,MODELED_EVENT_ENERGY__WORKLOAD_THERMAL_CLOSURE_PENDING,0.4198058140829373,2.382053717346656,38.086287699785316,173,0.5984977524407401,0.0,NMP_CPA,173,38.086287699785316,,,,,,MINIMUM_DECODE_LATENCY,PRE_DISPATCH_NOT_IN_INFERENCE_CRITICAL_PATH,0.0,0.0
Llama-3.1-8B,W1,2000,512,256,8,HBM_GPU,EVALUATED,16.060522496,2.097152,2.902458368,0.352321536,19.3153024,624.95514624,0.030906701890862406,0.0,0.0,144.95514624,480.0,True,PASS,0.15305918351213077,0.08861258125897142,1.3802460288303102,2048,1483.793437707318,5.351040785598005,5.432131314638798,5.391586050118399,1.4688586100892818,2048,1394.279875498375,0.09396362204456943,0.0,18.962980864,0.0,HBM_LOCAL,3.2973872924850354,NOT_APPLICABLE_GPU_EXECUTION,ENERGY_INCOMPLETE_HBM_WRITE_UNRESOLVED,,,,,,,,,,,,,,,,,,
Llama-3.1-8B,W1,2000,512,256,8,M3D_GPU,EVALUATED,16.060522496,2.097152,2.902458368,0.352321536,19.3153024,1493.84331264,0.01292993865994216,0.0,0.0,144.95514624,480.0,True,PASS,0.15305918351213077,0.08861258125897142,1.3402520031310097,2048,1528.0708368393373,5.195988962787417,5.274729811673596,5.235359387230506,1.4288645843899812,2048,1433.3058726305708,0.09380857022175884,0,,,,3.3957835581187483,NOT_APPLICABLE_GPU_EXECUTION,MODELED_EVENT_ENERGY__WORKLOAD_THERMAL_CLOSURE_PENDING,0.2918336778769192,3.426609318276658,0,0,0,0,GPU,0,0,INACTIVE,INACTIVE,INACTIVE,INACTIVE,INACTIVE,,,,
Llama-3.1-8B,W1,2000,512,256,8,M3D_MAC_NMP,EVALUATED,16.060522496,2.097152,2.902458368,0.352321536,19.3153024,1493.84331264,0.01292993865994216,0.0,0.0,144.95514624,480.0,True,PASS,0.15305918351213077,0.08861258125897142,1.3402520031310097,2048,1528.0708368393373,5.195988962787417,5.274729811673596,5.235359387230506,1.4288645843899812,2048,1433.3058726305708,0.09380857022175884,0,,,,3.3957835581187483,NOT_APPLICABLE_GPU_EXECUTION,MODELED_EVENT_ENERGY__WORKLOAD_THERMAL_CLOSURE_PENDING,0.2918336778769192,3.426609318276658,0,0,0,0,GPU,0,0,INACTIVE,INACTIVE,INACTIVE,INACTIVE,INACTIVE,MINIMUM_DECODE_LATENCY,PRE_DISPATCH_NOT_IN_INFERENCE_CRITICAL_PATH,0.0,0.0
Llama-3.1-8B,W2,20000,512,256,1,HBM_GPU,EVALUATED,16.060522496,2.62144,2.722103296,0.044040192,18.826665984,624.95514624,0.030124827513253315,0.0,0.0,144.95514624,480.0,True,PASS,0.14492666393638173,0.0179791986688,1.3753214487019747,256,186.1383026067195,5.3672812509270384,5.377417567057138,5.372349408992089,1.3933006473707747,256,183.7363676555267,0.023346479919727037,0.0,18.782625792,0.0,HBM_LOCAL,3.2973872924850354,NOT_APPLICABLE_GPU_EXECUTION,ENERGY_INCOMPLETE_HBM_WRITE_UNRESOLVED,,,,,,,,,,,,,,,,,,
Llama-3.1-8B,W2,20000,512,256,1,M3D_GPU,EVALUATED,16.060522496,2.62144,2.722103296,0.044040192,18.826665984,1493.84331264,0.012602838480247642,0.0,0.0,144.95514624,480.0,True,PASS,0.14492666393638173,0.0179791986688,1.3354701176962986,256,191.69279537426337,5.21175884419578,5.221601450306552,5.216680147251166,1.3534493163650987,256,189.14635140348537,0.02319095751299578,0,,,,3.3957835581187483,NOT_APPLICABLE_GPU_EXECUTION,MODELED_EVENT_ENERGY__WORKLOAD_THERMAL_CLOSURE_PENDING,2.2005365987233048,0.45443461407557345,0,0,0,0,GPU,0,0,INACTIVE,INACTIVE,INACTIVE,INACTIVE,INACTIVE,,,,
Llama-3.1-8B,W2,20000,512,256,1,M3D_MAC_NMP,EVALUATED,16.060522496,2.62144,2.722103296,0.044040192,18.826665984,1493.84331264,0.012602838480247642,0.0,0.0,144.95514624,480.0,True,PASS,0.14492666393638173,0.0179791986688,0.3698597065447979,256,692.1543370904961,1.4441895282423804,1.4452220270054945,1.4447644786906166,0.3878389052135979,256,660.0678698260323,0.01942338819704238,0,,,,3.4,CRITICAL_PATH_AWARE,MODELED_EVENT_ENERGY__WORKLOAD_THERMAL_CLOSURE_PENDING,0.4848328590209947,2.06256647294753,57.340156300517265,206,0.6401255006976272,0.0001494874057510349,NMP_CPA,206,57.340156300517265,,,,,,MINIMUM_DECODE_LATENCY,PRE_DISPATCH_NOT_IN_INFERENCE_CRITICAL_PATH,0.0,0.0
Llama-3.1-8B,W2,20000,512,256,8,HBM_GPU,EVALUATED,16.060522496,20.97152,21.776826368,0.352321536,38.1896704,624.95514624,0.06110785810752267,0.0,0.0,144.95514624,480.0,True,PASS,0.5755378487608407,0.1438335893504,2.8455995889086427,2048,719.7077227528903,11.07507812965399,11.156168658694783,11.115623394174385,2.9894331782590426,2048,685.0797050405035,0.154908667480054,0.0,37.837348864,0.0,HBM_LOCAL,3.2973872924850354,NOT_APPLICABLE_GPU_EXECUTION,ENERGY_INCOMPLETE_HBM_WRITE_UNRESOLVED,,,,,,,,,,,,,,,,,,
Llama-3.1-8B,W2,20000,512,256,8,M3D_GPU,EVALUATED,16.060522496,20.97152,21.776826368,0.352321536,38.1896704,1493.84331264,0.02556470954943003,0.0,0.0,144.95514624,480.0,True,PASS,0.5755378487608407,0.1438335893504,2.76314546065067,2048,741.1842876768904,10.754166531223591,10.83290738010977,10.79353695566668,2.9069790500010697,2048,704.5114411812656,0.1545877558816236,0,,,,3.3957835581187483,NOT_APPLICABLE_GPU_EXECUTION,MODELED_EVENT_ENERGY__WORKLOAD_THERMAL_CLOSURE_PENDING,0.5929025544808088,1.686617796537708,0,0,0,0,GPU,0,0,INACTIVE,INACTIVE,INACTIVE,INACTIVE,INACTIVE,,,,
Llama-3.1-8B,W2,20000,512,256,8,M3D_MAC_NMP,EVALUATED,16.060522496,20.97152,21.776826368,0.352321536,38.1896704,1493.84331264,0.02556470954943003,0.0,0.0,144.95514624,480.0,True,PASS,0.5755378487608407,0.1438335893504,1.8255678483169295,2048,1121.842719725887,7.125765534566712,7.1361017652164005,7.131124407488006,1.9694014376673294,2048,1039.9098735429823,0.1509593548849667,0,,,,3.4,CRITICAL_PATH_AWARE,MODELED_EVENT_ENERGY__WORKLOAD_THERMAL_CLOSURE_PENDING,0.37227073835089103,2.686217037712565,350.5986246993707,956,0.7631962176338649,0.013818859041406562,NMP_CPA,956,350.5986246993707,,,,,,MINIMUM_DECODE_LATENCY,PRE_DISPATCH_NOT_IN_INFERENCE_CRITICAL_PATH,0.0,0.0
Llama-3.1-8B,W3,126000,512,512,1,HBM_GPU,EVALUATED,16.060522496,16.515072,16.649289728,0.044040192,32.753852416,624.95514624,0.052409925117124515,0.0,0.0,144.95514624,480.0,True,PASS,0.5089998564951713,0.058627996291657145,4.910574044959411,512,104.26479578809243,9.580808740301583,9.601121122821114,9.590964931561349,4.969202041251068,512,103.03465138863557,0.06820880503195872,0.0,32.709812224,0.0,HBM_LOCAL,3.2973872924850354,NOT_APPLICABLE_GPU_EXECUTION,ENERGY_INCOMPLETE_HBM_WRITE_UNRESOLVED,,,,,,,,,,,,,,,,,,
Llama-3.1-8B,W3,126000,512,512,1,M3D_GPU,EVALUATED,16.060522496,16.515072,16.649289728,0.044040192,32.753852416,1493.84331264,0.021925895533257526,0.0,0.0,144.95514624,480.0,True,PASS,0.5089998564951713,0.058627996291657145,4.768285191776576,512,107.37612777083876,9.303195109850185,9.322918920527066,9.313057015188624,4.826913188068232,512,106.07193045560166,0.06793119140150733,0,,,,3.3957835581187483,NOT_APPLICABLE_GPU_EXECUTION,MODELED_EVENT_ENERGY__WORKLOAD_THERMAL_CLOSURE_PENDING,3.9229507373811474,0.25491015996483607,0,0,0,0,GPU,0,0,INACTIVE,INACTIVE,INACTIVE,INACTIVE,INACTIVE,,,,
Llama-3.1-8B,W3,126000,512,512,1,M3D_MAC_NMP,EVALUATED,16.060522496,16.515072,16.649289728,0.044040192,32.753852416,1493.84331264,0.021925895533257526,0.0,0.0,144.95514624,480.0,True,PASS,0.5089998564951713,0.058627996291657145,0.9842138231017101,512,520.2121612013665,1.9216676431282707,1.9228849408034707,1.9222926232455275,1.0428418193933673,512,490.9661182343417,0.06054966393478541,0,,,,3.4,CRITICAL_PATH_AWARE,MODELED_EVENT_ENERGY__WORKLOAD_THERMAL_CLOSURE_PENDING,0.7298213285007812,1.370198377257934,45.420574699906865,174,0.7641428839800278,0.0,NMP_CPA,174,45.420574699906865,,,,,,MINIMUM_DECODE_LATENCY,PRE_DISPATCH_NOT_IN_INFERENCE_CRITICAL_PATH,0.0,0.0
Llama-3.1-8B,W3,126000,512,512,8,HBM_GPU,EVALUATED,16.060522496,132.120576,133.194317824,0.352321536,149.607161856,624.95514624,0.23938863893849227,0.0,0.0,144.95514624,480.0,False,PASS,0.8923952987952251,0.46902397033325716,22.453124149893494,4096,182.42450238353265,43.85375810526093,43.85375810526093,43.85375810526073,22.92214812022675,4096,178.69180403671004,0.5128777284385181,3.063939072,144.602824704,4.652015616,GRACE_C2C_STATE_OFFLOAD,3.2973872924850354,NOT_APPLICABLE_GPU_EXECUTION,ENERGY_INCOMPLETE_HBM_WRITE_UNRESOLVED,,,,,,,,,,,,,,,,,,
Llama-3.1-8B,W3,126000,512,512,8,M3D_GPU,EVALUATED,16.060522496,132.120576,133.194317824,0.352321536,149.607161856,1493.84331264,0.10014916597350909,0.0,0.0,144.95514624,480.0,False,PASS,0.8923952987952251,0.46902397033325716,22.305050572373172,4096,183.63553970477284,43.48565665645883,43.64344714187388,43.564551899166354,22.77407454270643,4096,179.8536310364267,0.512509626989716,0,,,,3.3957835581187483,NOT_APPLICABLE_GPU_EXECUTION,MODELED_EVENT_ENERGY__WORKLOAD_THERMAL_CLOSURE_PENDING,2.315501609148888,0.4318718657110203,0,0,0,0,GPU,0,0,INACTIVE,INACTIVE,INACTIVE,INACTIVE,INACTIVE,,,,
Llama-3.1-8B,W3,126000,512,512,8,M3D_MAC_NMP,EVALUATED,16.060522496,132.120576,133.194317824,0.352321536,149.607161856,1493.84331264,0.10014916597350909,0.0,0.0,144.95514624,480.0,False,PASS,0.8923952987952251,0.46902397033325716,5.535560910880577,4096,739.9430818201264,10.803687415260768,10.81934247081575,10.811642404063626,6.004584881213834,4096,682.1454073894262,0.47982765774851793,0,,,,3.4,CRITICAL_PATH_AWARE,MODELED_EVENT_ENERGY__WORKLOAD_THERMAL_CLOSURE_PENDING,0.6178448049572081,1.618529430006715,219.85577329975786,644,0.6399302240573129,0.0030667840566585064,NMP_CPA,644,219.85577329975786,,,,,,MINIMUM_DECODE_LATENCY,PRE_DISPATCH_NOT_IN_INFERENCE_CRITICAL_PATH,0.0,0.0
Llama-3.1-70B,W1,2000,512,256,1,HBM_GPU,EVALUATED,141.107412992,0.65536,0.90701824,0.088080384,142.102511616,624.95514624,0.22738033676648647,0.0,0.0,144.95514624,480.0,True,PASS,0.0063868033138002826,0.10446370092763428,10.859016549051761,256,23.574878889226355,42.40536299957085,42.43070378989609,42.41803339473344,10.963480249979396,256,23.350249570658104,0.1468690639272051,0.0,142.014431232,0.0,HBM_LOCAL,3.2973872924850354,NOT_APPLICABLE_GPU_EXECUTION,ENERGY_INCOMPLETE_HBM_WRITE_UNRESOLVED,,,,,,,,,,,,,,,,,,
Llama-3.1-70B,W1,2000,512,256,1,M3D_GPU,EVALUATED,141.107412992,0.65536,0.90701824,0.088080384,142.102511616,1493.84331264,0.09512544616534703,0.0,0.0,144.95514624,480.0,True,PASS,0.0063868033138002826,0.10446370092763428,10.54436555360572,256,24.278369210412947,41.176624686133884,41.201231201410806,41.18892794377234,10.648829254533355,256,24.04020140439544,0.14564032561376816,0,,,,3.3957835581187483,NOT_APPLICABLE_GPU_EXECUTION,MODELED_EVENT_ENERGY__WORKLOAD_THERMAL_CLOSURE_PENDING,17.30758300371519,0.05777814266644529,0,0,0,0,GPU,0,0,INACTIVE,INACTIVE,INACTIVE,INACTIVE,INACTIVE,,,,
Llama-3.1-70B,W1,2000,512,256,1,M3D_MAC_NMP,EVALUATED,141.107412992,0.65536,0.90701824,0.088080384,142.102511616,1493.84331264,0.09512544616534703,0.0,0.0,144.95514624,480.0,True,PASS,0.0063868033138002826,0.10446370092763428,1.8841393716578139,256,135.87105277395221,7.3586074200714435,7.361231422507036,7.359919420538335,1.9886030725854482,256,128.73358365436195,0.11182230834770572,0,,,,3.4,CRITICAL_PATH_AWARE,MODELED_EVENT_ENERGY__WORKLOAD_THERMAL_CLOSURE_PENDING,2.703304880955741,0.36991758016078996,116.93555249963538,571,0.5922108101792433,0.0037238906084884095,NMP_CPA,571,116.93555249963538,,,,,,MINIMUM_DECODE_LATENCY,PRE_DISPATCH_NOT_IN_INFERENCE_CRITICAL_PATH,0.0,0.0
Llama-3.1-70B,W1,2000,512,256,8,HBM_GPU,EVALUATED,141.107412992,5.24288,7.25614592,0.704643072,149.068201984,624.95514624,0.23852624125244615,0.0,0.0,144.95514624,480.0,False,PASS,0.04890787180633684,0.8357096074210743,11.199208808492008,2048,182.87006118209584,43.74690940817189,43.74690940817189,43.74690940817191,12.034918415913083,2048,170.17149009436133,0.8794565168292461,1.337982976,144.250503168,4.113055744,GRACE_C2C_STATE_OFFLOAD,3.2973872924850354,NOT_APPLICABLE_GPU_EXECUTION,ENERGY_INCOMPLETE_HBM_WRITE_UNRESOLVED,,,,,,,,,,,,,,,,,,
Llama-3.1-70B,W1,2000,512,256,8,M3D_GPU,EVALUATED,141.107412992,5.24288,7.25614592,0.704643072,149.068201984,1493.84331264,0.09978837855528414,0.0,0.0,144.95514624,480.0,False,PASS,0.04890787180633684,0.8357096074210743,11.000972311153895,2048,186.16536266740087,42.87412202933717,43.070974151552626,42.9725480904449,11.83668191857497,2048,173.02146108920368,0.8785837294504114,0,,,,3.3957835581187483,NOT_APPLICABLE_GPU_EXECUTION,MODELED_EVENT_ENERGY__WORKLOAD_THERMAL_CLOSURE_PENDING,2.4190898861943904,0.41337860395636544,0,0,0,0,GPU,0,0,INACTIVE,INACTIVE,INACTIVE,INACTIVE,INACTIVE,,,,
Llama-3.1-70B,W1,2000,512,256,8,M3D_MAC_NMP,EVALUATED,141.107412992,5.24288,7.25614592,0.704643072,149.068201984,1493.84331264,0.09978837855528414,0.0,0.0,144.95514624,480.0,False,PASS,0.04890787180633684,0.8357096074210743,8.434794743861845,2048,242.80377438827034,32.9379209681161,32.95891296832322,32.94841696821033,9.27050435128292,2048,220.9157045179082,0.8686475283891903,0,,,,3.4,CRITICAL_PATH_AWARE,MODELED_EVENT_ENERGY__WORKLOAD_THERMAL_CLOSURE_PENDING,1.9637129390868475,0.5092394005740031,607.5521925002686,1963,0.7887774983236204,0.02046495784238694,NMP_CPA,1963,607.5521925002686,,,,,,MINIMUM_DECODE_LATENCY,PRE_DISPATCH_NOT_IN_INFERENCE_CRITICAL_PATH,0.0,0.0
Llama-3.1-70B,W2,20000,512,256,1,HBM_GPU,EVALUATED,141.107412992,6.5536,6.80525824,0.088080384,148.000751616,624.95514624,0.2368181980841928,0.0,0.0,144.95514624,480.0,False,PASS,0.046008622407515035,0.13897683098477714,11.247077024787847,256,22.761469440974945,43.93389462807772,43.93389462807772,43.93389462807753,11.386053855772625,256,22.483645628481753,0.18291072561285487,0.857735168,144.867065856,3.045605376,GRACE_C2C_STATE_OFFLOAD,3.2973872924850354,NOT_APPLICABLE_GPU_EXECUTION,ENERGY_INCOMPLETE_HBM_WRITE_UNRESOLVED,,,,,,,,,,,,,,,,,,
Llama-3.1-70B,W2,20000,512,256,1,M3D_GPU,EVALUATED,141.107412992,6.5536,6.80525824,0.088080384,148.000751616,1493.84331264,0.09907381206831199,0.0,0.0,144.95514624,480.0,False,PASS,0.046008622407515035,0.13897683098477714,10.989019759080614,256,23.295981408028517,42.91355517627019,42.938161691547116,42.92585843390865,11.127996590065392,256,23.005039400222863,0.18189038616104733,0,,,,3.3957835581187483,NOT_APPLICABLE_GPU_EXECUTION,MODELED_EVENT_ENERGY__WORKLOAD_THERMAL_CLOSURE_PENDING,18.09093669204648,0.055276297574997385,0,0,0,0,GPU,0,0,INACTIVE,INACTIVE,INACTIVE,INACTIVE,INACTIVE,,,,
Llama-3.1-70B,W2,20000,512,256,1,M3D_MAC_NMP,EVALUATED,141.107412992,6.5536,6.80525824,0.088080384,148.000751616,1493.84331264,0.09907381206831199,0.0,0.0,144.95514624,480.0,False,PASS,0.046008622407515035,0.13897683098477714,2.0416233042663663,256,125.39041823486171,7.971738032290472,7.977690032290499,7.975091032290493,2.1806001352511433,256,117.39887376028071,0.14694856901706763,0,,,,3.4,CRITICAL_PATH_AWARE,MODELED_EVENT_ENERGY__WORKLOAD_THERMAL_CLOSURE_PENDING,3.0143549982281113,0.33174592925777385,146.9589113999391,633,0.5843672389919115,0.003189559423632186,NMP_CPA,633,146.9589113999391,,,,,,MINIMUM_DECODE_LATENCY,PRE_DISPATCH_NOT_IN_INFERENCE_CRITICAL_PATH,0.0,0.0
Llama-3.1-70B,W2,20000,512,256,8,HBM_GPU,EVALUATED,141.107412992,52.4288,54.44206592,0.704643072,196.254121984,624.95514624,0.3140291317940968,0.0,0.0,144.95514624,480.0,False,PASS,0.2784055791040982,1.1118146478782172,30.043684504318588,2048,68.16740469051368,116.55535256761301,118.16093262237594,117.35814259499448,31.155499152196803,2048,65.73478376948404,1.2283700004458302,48.523902976,144.250503168,51.298975744,GRACE_C2C_STATE_OFFLOAD,3.2973872924850354,NOT_APPLICABLE_GPU_EXECUTION,ENERGY_INCOMPLETE_HBM_WRITE_UNRESOLVED,,,,,,,,,,,,,,,,,,
Llama-3.1-70B,W2,20000,512,256,8,M3D_GPU,EVALUATED,141.107412992,52.4288,54.44206592,0.704643072,196.254121984,1493.84331264,0.13137530577900383,0.0,0.0,144.95514624,480.0,False,PASS,0.2784055791040982,1.1118146478782172,14.558205954953044,2048,140.67667447053958,56.769565950427605,56.96641807264305,56.86799201153533,15.670020602831261,2048,130.69542484391928,1.1685842138286449,0,,,,3.3957835581187483,NOT_APPLICABLE_GPU_EXECUTION,MODELED_EVENT_ENERGY__WORKLOAD_THERMAL_CLOSURE_PENDING,3.2024287796440545,0.3122629943736481,0,0,0,0,GPU,0,0,INACTIVE,INACTIVE,INACTIVE,INACTIVE,INACTIVE,,,,
Llama-3.1-70B,W2,20000,512,256,8,M3D_MAC_NMP,EVALUATED,141.107412992,52.4288,54.44206592,0.704643072,196.254121984,1493.84331264,0.13137530577900383,0.0,0.0,144.95514624,480.0,False,PASS,0.2784055791040982,1.1118146478782172,9.732151038521872,2048,210.43652034309696,37.99254088643241,38.03850535299628,38.01621499422606,10.84396568640009,2048,188.86079679950387,1.1498071887646495,0,,,,3.4,CRITICAL_PATH_AWARE,MODELED_EVENT_ENERGY__WORKLOAD_THERMAL_CLOSURE_PENDING,2.2395842395733707,0.4465114472275867,634.1019856004277,2050,0.7373784203931641,0.015201345532929008,NMP_CPA,2050,634.1019856004277,,,,,,MINIMUM_DECODE_LATENCY,PRE_DISPATCH_NOT_IN_INFERENCE_CRITICAL_PATH,0.0,0.0
Llama-3.1-70B,W3,126000,512,512,1,HBM_GPU,EVALUATED,141.107412992,41.28768,41.62322432,0.088080384,182.818717696,624.95514624,0.2925309420938708,0.0,0.0,144.95514624,480.0,False,PASS,0.22778459557896252,0.3422208190990629,43.872919521698584,512,11.670069044454086,85.48820490944901,85.89038697218619,85.68929594081754,44.215140340797646,512,11.579743862705186,0.4277090240085119,35.591815168,144.867065856,37.863571456,GRACE_C2C_STATE_OFFLOAD,3.2973872924850354,NOT_APPLICABLE_GPU_EXECUTION,ENERGY_INCOMPLETE_HBM_WRITE_UNRESOLVED,,,,,,,,,,,,,,,,,,
Llama-3.1-70B,W3,126000,512,512,1,M3D_GPU,EVALUATED,141.107412992,41.28768,41.62322432,0.088080384,182.818717696,1493.84331264,0.12238145470083671,0.0,0.0,144.95514624,480.0,False,PASS,0.22778459557896252,0.3422208190990629,27.221401909121177,512,18.80873004664915,53.1421458404062,53.1914553670984,53.1668006037523,27.56362272822024,512,18.575207078124865,0.3953629649394691,0,,,,3.3957835581187483,NOT_APPLICABLE_GPU_EXECUTION,MODELED_EVENT_ENERGY__WORKLOAD_THERMAL_CLOSURE_PENDING,22.40214510042678,0.04463858239990371,0,0,0,0,GPU,0,0,INACTIVE,INACTIVE,INACTIVE,INACTIVE,INACTIVE,,,,
Llama-3.1-70B,W3,126000,512,512,1,M3D_MAC_NMP,EVALUATED,141.107412992,41.28768,41.62322432,0.088080384,182.818717696,1493.84331264,0.12238145470083671,0.0,0.0,144.95514624,480.0,False,PASS,0.22778459557896252,0.3422208190990629,5.2844965241741955,512,96.88718644393656,10.318164003679689,10.324382293875773,10.321282273777726,5.626717343273258,512,90.9944411215353,0.35253898310274256,0,,,,3.4,CRITICAL_PATH_AWARE,MODELED_EVENT_ENERGY__WORKLOAD_THERMAL_CLOSURE_PENDING,4.063432398439313,0.24609736349596487,156.00886749988422,487,0.5620231080769001,0.002740241438763722,NMP_CPA,487,156.00886749988422,,,,,,MINIMUM_DECODE_LATENCY,PRE_DISPATCH_NOT_IN_INFERENCE_CRITICAL_PATH,0.0,0.0
Llama-3.1-70B,W3,126000,512,512,8,HBM_GPU,EVALUATED,141.107412992,330.30144,332.98579456,0.704643072,474.797850624,624.95514624,0.7597310838715208,0.0,0.0,144.95514624,480.0,False,PASS,0.7023635632313443,2.737766552792503,402.21781617162895,4096,10.183536967572342,783.9729439592641,787.1904004611615,785.5816722102128,404.95558272442145,4096,10.114689548032214,3.521739496751767,326.396542976,144.250503168,329.842704384,GRACE_C2C_STATE_OFFLOAD,3.2973872924850354,NOT_APPLICABLE_GPU_EXECUTION,ENERGY_INCOMPLETE_HBM_WRITE_UNRESOLVED,,,,,,,,,,,,,,,,,,
Llama-3.1-70B,W3,126000,512,512,8,M3D_GPU,EVALUATED,141.107412992,330.30144,332.98579456,0.704643072,474.797850624,1493.84331264,0.3178364468392015,0.0,0.0,144.95514624,480.0,False,PASS,0.7023635632313443,2.737766552792503,71.06331103758568,4096,57.63874410289733,138.5982912635157,138.99276747705332,138.79552937028453,73.80107759037818,4096,55.50054462258985,2.8763648440560186,0,,,,3.3957835581187483,NOT_APPLICABLE_GPU_EXECUTION,MODELED_EVENT_ENERGY__WORKLOAD_THERMAL_CLOSURE_PENDING,7.515347945616481,0.13306103818962575,0,0,0,0,GPU,0,0,INACTIVE,INACTIVE,INACTIVE,INACTIVE,INACTIVE,,,,
Llama-3.1-70B,W3,126000,512,512,8,M3D_MAC_NMP,EVALUATED,141.107412992,330.30144,332.98579456,0.704643072,474.797850624,1493.84331264,0.3178364468392015,0.0,0.0,144.95514624,480.0,False,PASS,0.7023635632313443,2.737766552792503,28.45465011813046,4096,143.94835230780612,55.53483910118916,55.61396142275779,55.57548851197355,31.192416670922963,4096,131.3139678535463,2.793301391893692,0,,,,3.4,CRITICAL_PATH_AWARE,MODELED_EVENT_ENERGY__WORKLOAD_THERMAL_CLOSURE_PENDING,3.2647935452761767,0.3062980816802024,471.6758110994124,1503,0.5906678317304648,0.006216967435639957,NMP_CPA,1503,471.6758110994124,,,,,,MINIMUM_DECODE_LATENCY,PRE_DISPATCH_NOT_IN_INFERENCE_CRITICAL_PATH,0.0,0.0
Llama-3.1-405B,W1,2000,512,256,1,HBM_GPU,SYSTEM_CAPACITY_INFEASIBLE,811.7067776,1.032192,1.428553728,0.163577856,813.298909184,624.95514624,1.3013716489529807,188.343762944,0.0,144.95514624,480.0,False,TOTAL_CAPACITY_GATE,0.0017568462136147843,,,,,,,,,,,,,,,,,NOT_APPLICABLE_GPU_EXECUTION,,,,,,,,,,,,,,,,,,,
Llama-3.1-405B,W1,2000,512,256,1,M3D_GPU,EVALUATED,811.7067776,1.032192,1.428553728,0.163577856,813.298909184,1493.84331264,0.5444338789097597,0.0,0.0,144.95514624,480.0,False,PASS,0.0017568462136147843,0.6011863335848228,60.977913540631754,256,4.1982413817655155,238.1755971373123,238.21435239887347,238.19497476809278,61.579099874216574,256,4.157254661450293,0.839361930722135,0,,,,3.3957835581187483,NOT_APPLICABLE_GPU_EXECUTION,MODELED_EVENT_ENERGY__WORKLOAD_THERMAL_CLOSURE_PENDING,100.08262681180061,0.009991744140373536,0,0,0,0,GPU,0,0,INACTIVE,INACTIVE,INACTIVE,INACTIVE,INACTIVE,,,,
Llama-3.1-405B,W1,2000,512,256,1,M3D_MAC_NMP,EVALUATED,811.7067776,1.032192,1.428553728,0.163577856,813.298909184,1493.84331264,0.5444338789097597,0.0,0.0,144.95514624,480.0,False,PASS,0.0017568462136147843,0.6011863335848228,6.453605902715027,256,39.66774604137216,25.205265257480587,25.213530857480706,25.209398057480573,7.05479223629985,256,36.287390390148296,0.6263915988423033,0,,,,3.4,CRITICAL_PATH_AWARE,MODELED_EVENT_ENERGY__WORKLOAD_THERMAL_CLOSURE_PENDING,11.51591599240319,0.08683634030151655,251.39747160041588,898,0.620319013957962,0.0018420659916070427,NMP_CPA,898,251.39747160041588,,,,,,MINIMUM_DECODE_LATENCY,PRE_DISPATCH_NOT_IN_INFERENCE_CRITICAL_PATH,0.0,0.0
Llama-3.1-405B,W1,2000,512,256,8,HBM_GPU,SYSTEM_CAPACITY_INFEASIBLE,811.7067776,8.257536,11.428429824,1.308622848,824.443830272,624.95514624,1.3192048025081642,199.488684032,0.0,144.95514624,480.0,False,TOTAL_CAPACITY_GATE,0.013884025031276755,,,,,,,,,,,,,,,,,NOT_APPLICABLE_GPU_EXECUTION,,,,,,,,,,,,,,,,,,,
Llama-3.1-405B,W1,2000,512,256,8,M3D_GPU,EVALUATED,811.7067776,8.257536,11.428429824,1.308622848,824.443830272,1493.84331264,0.5518944478956087,0.0,0.0,144.95514624,480.0,False,PASS,0.013884025031276755,4.809490668678582,61.6970728583431,2048,33.19444351439852,240.84916980665807,241.1592118991474,241.00419085290272,66.50656352702168,2048,30.793953128669706,5.0503398384852405,0,,,,3.3957835581187483,NOT_APPLICABLE_GPU_EXECUTION,MODELED_EVENT_ENERGY__WORKLOAD_THERMAL_CLOSURE_PENDING,13.592693657218774,0.07356893528376714,0,0,0,0,GPU,0,0,INACTIVE,INACTIVE,INACTIVE,INACTIVE,INACTIVE,,,,
Llama-3.1-405B,W1,2000,512,256,8,M3D_MAC_NMP,EVALUATED,811.7067776,8.257536,11.428429824,1.308622848,824.443830272,1493.84331264,0.5518944478956087,0.0,0.0,144.95514624,480.0,False,PASS,0.013884025031276755,4.809490668678582,27.50906556807705,2048,74.44818490587356,107.4242249743425,107.4903497756124,107.45728737530098,32.31855623675563,2048,63.369167390925284,4.916914893652924,0,,,,3.4,CRITICAL_PATH_AWARE,MODELED_EVENT_ENERGY__WORKLOAD_THERMAL_CLOSURE_PENDING,7.869172075575258,0.1270781716800744,628.405755500251,2240,0.4532410003003411,0.014662175874886522,NMP_CPA,2240,628.405755500251,,,,,,MINIMUM_DECODE_LATENCY,PRE_DISPATCH_NOT_IN_INFERENCE_CRITICAL_PATH,0.0,0.0
Llama-3.1-405B,W2,20000,512,256,1,HBM_GPU,SYSTEM_CAPACITY_INFEASIBLE,811.7067776,10.32192,10.718281728,0.163577856,822.588637184,624.95514624,1.3162362805283683,197.633490944,0.0,144.95514624,480.0,False,TOTAL_CAPACITY_GATE,0.013032533002773362,,,,,,,,,,,,,,,,,NOT_APPLICABLE_GPU_EXECUTION,,,,,,,,,,,,,,,,,,,
Llama-3.1-405B,W2,20000,512,256,1,M3D_GPU,EVALUATED,811.7067776,10.32192,10.718281728,0.163577856,822.588637184,1493.84331264,0.5506525552069295,0.0,0.0,144.95514624,480.0,False,PASS,0.013032533002773362,0.7099026932648228,61.67824391425474,256,4.150572126467996,240.91126265927699,240.95001792083815,240.9306402900576,62.388146607519566,256,4.103343566374588,0.9508139559240998,0,,,,3.3957835581187483,NOT_APPLICABLE_GPU_EXECUTION,MODELED_EVENT_ENERGY__WORKLOAD_THERMAL_CLOSURE_PENDING,101.41297885859457,0.009860670806192887,0,0,0,0,GPU,0,0,INACTIVE,INACTIVE,INACTIVE,INACTIVE,INACTIVE,,,,
Llama-3.1-405B,W2,20000,512,256,1,M3D_MAC_NMP,EVALUATED,811.7067776,10.32192,10.718281728,0.163577856,822.588637184,1493.84331264,0.5506525552069295,0.0,0.0,144.95514624,480.0,False,PASS,0.013032533002773362,0.7099026932648228,6.9426603357321595,256,36.87347322501594,27.112330053825254,27.126152210456258,27.119766936453747,7.652563028996982,256,33.45284436468781,0.7370150233186481,0,,,,3.4,CRITICAL_PATH_AWARE,MODELED_EVENT_ENERGY__WORKLOAD_THERMAL_CLOSURE_PENDING,12.501145814893338,0.07999266745682161,277.4228018997528,1006,0.6038486748947093,0.0017321515540383162,NMP_CPA,1006,277.4228018997528,,,,,,MINIMUM_DECODE_LATENCY,PRE_DISPATCH_NOT_IN_INFERENCE_CRITICAL_PATH,0.0,0.0
Llama-3.1-405B,W2,20000,512,256,8,HBM_GPU,SYSTEM_CAPACITY_INFEASIBLE,811.7067776,82.57536,85.746253824,1.308622848,898.761654272,624.95514624,1.4381218551112638,273.806508032,0.0,144.95514624,480.0,False,TOTAL_CAPACITY_GATE,0.09554400154841011,,,,,,,,,,,,,,,,,NOT_APPLICABLE_GPU_EXECUTION,,,,,,,,,,,,,,,,,,,
Llama-3.1-405B,W2,20000,512,256,8,M3D_GPU,EVALUATED,811.7067776,82.57536,85.746253824,1.308622848,898.761654272,1493.84331264,0.6016438582729672,0.0,0.0,144.95514624,480.0,False,PASS,0.09554400154841011,5.679221546118582,67.29971584732675,2048,30.431034874590033,262.73449398237545,263.0445360748648,262.8895150286201,72.97893739344534,2048,28.062891474546777,5.941956040100958,0,,,,3.3957835581187483,NOT_APPLICABLE_GPU_EXECUTION,MODELED_EVENT_ENERGY__WORKLOAD_THERMAL_CLOSURE_PENDING,14.923061395233594,0.06701037900436425,0,0,0,0,GPU,0,0,INACTIVE,INACTIVE,INACTIVE,INACTIVE,INACTIVE,,,,
Llama-3.1-405B,W2,20000,512,256,8,M3D_MAC_NMP,EVALUATED,811.7067776,82.57536,85.746253824,1.308622848,898.761654272,1493.84331264,0.6016438582729672,0.0,0.0,144.95514624,480.0,False,PASS,0.09554400154841011,5.679221546118582,31.831049830978262,2048,64.33969381703736,124.26210363514198,124.41104993506511,124.34003840225884,37.51027137709684,2048,54.59837865237294,5.8034836497537245,0,,,,3.4,CRITICAL_PATH_AWARE,MODELED_EVENT_ENERGY__WORKLOAD_THERMAL_CLOSURE_PENDING,8.759943418441967,0.11415598848443918,598.5024658990442,1937,0.4573022722256143,0.010743322421941582,NMP_CPA,1937,598.5024658990442,,,,,,MINIMUM_DECODE_LATENCY,PRE_DISPATCH_NOT_IN_INFERENCE_CRITICAL_PATH,0.0,0.0
Llama-3.1-405B,W3,126000,512,512,1,HBM_GPU,SYSTEM_CAPACITY_INFEASIBLE,811.7067776,65.028096,65.556578304,0.163577856,877.42693376,624.95514624,1.403983852343611,252.47178752,0.0,144.95514624,480.0,False,TOTAL_CAPACITY_GATE,0.0747285041177235,,,,,,,,,,,,,,,,,NOT_APPLICABLE_GPU_EXECUTION,,,,,,,,,,,,,,,,,,,
Llama-3.1-405B,W3,126000,512,512,1,M3D_GPU,EVALUATED,811.7067776,65.028096,65.556578304,0.163577856,877.42693376,1493.84331264,0.5873620923531558,0.0,0.0,144.95514624,480.0,False,PASS,0.0747285041177235,1.3501212558248228,131.6147835942714,512,3.8901404995531603,257.0212929552912,257.0989554598314,257.06012420756133,132.96490485009622,512,3.850640141300635,1.6071425487801139,0,,,,3.3957835581187483,NOT_APPLICABLE_GPU_EXECUTION,MODELED_EVENT_ENERGY__WORKLOAD_THERMAL_CLOSURE_PENDING,108.04266278257231,0.009255603057584988,0,0,0,0,GPU,0,0,INACTIVE,INACTIVE,INACTIVE,INACTIVE,INACTIVE,,,,
Llama-3.1-405B,W3,126000,512,512,1,M3D_MAC_NMP,EVALUATED,811.7067776,65.028096,65.556578304,0.163577856,877.42693376,1493.84331264,0.5873620923531558,0.0,0.0,144.95514624,480.0,False,PASS,0.0747285041177235,1.3501212558248228,17.68339027410916,512,28.953723921913106,34.52813732206067,34.5476449361783,34.53787162911946,19.033511529933985,512,26.899923285032198,1.3846493931468835,0,,,,3.4,CRITICAL_PATH_AWARE,MODELED_EVENT_ENERGY__WORKLOAD_THERMAL_CLOSURE_PENDING,15.250311669024859,0.06557243036751277,229.3142729998217,778,0.6090899234207484,0.0017664383027959898,NMP_CPA,778,229.3142729998217,,,,,,MINIMUM_DECODE_LATENCY,PRE_DISPATCH_NOT_IN_INFERENCE_CRITICAL_PATH,0.0,0.0
Llama-3.1-405B,W3,126000,512,512,8,HBM_GPU,SYSTEM_CAPACITY_INFEASIBLE,811.7067776,520.224768,524.452626432,1.308622848,1337.46802688,624.95514624,2.1401024296332065,712.51288064,0.0,144.95514624,480.0,False,TOTAL_CAPACITY_GATE,0.3925075293033224,,,,,,,,,,,,,,,,,NOT_APPLICABLE_GPU_EXECUTION,,,,,,,,,,,,,,,,,,,
Llama-3.1-405B,W3,126000,512,512,8,M3D_GPU,EVALUATED,811.7067776,520.224768,524.452626432,1.308622848,1337.46802688,1493.84331264,0.8953201554427785,0.0,0.0,144.95514624,480.0,False,PASS,0.3925075293033224,10.800970046598582,200.66579782074882,4096,20.41204851291541,391.6147363504893,392.236036386811,391.92538636865004,211.46676786734741,4096,19.369473706475766,11.192584782949071,0,,,,3.3957835581187483,NOT_APPLICABLE_GPU_EXECUTION,MODELED_EVENT_ENERGY__WORKLOAD_THERMAL_CLOSURE_PENDING,21.562600198875362,0.046376596086596125,0,0,0,0,GPU,0,0,INACTIVE,INACTIVE,INACTIVE,INACTIVE,INACTIVE,,,,
Llama-3.1-405B,W3,126000,512,512,8,M3D_MAC_NMP,EVALUATED,811.7067776,520.224768,524.452626432,1.308622848,1337.46802688,1493.84331264,0.8953201554427785,0.0,0.0,144.95514624,480.0,False,PASS,0.3925075293033224,10.800970046598582,92.00203769886433,4096,44.52075304469654,179.56602567412412,179.80643858706472,179.6914798805944,102.8030077454629,4096,39.843192235596554,10.980536072272706,0,,,,3.4,CRITICAL_PATH_AWARE,MODELED_EVENT_ENERGY__WORKLOAD_THERMAL_CLOSURE_PENDING,11.425019087538324,0.08752720606749233,1103.9028204977512,1927,0.4891716993756618,0.004006633562816622,NMP_CPA,1927,1103.9028204977512,,,,,,MINIMUM_DECODE_LATENCY,PRE_DISPATCH_NOT_IN_INFERENCE_CRITICAL_PATH,0.0,0.0
