model,context,batch,H,P,G,feol_frequency_ghz,t_prefill,t_decode,t_e2e,e_prefill,e_decode,e_e2e,tokens_per_s,tokens_per_j,tmax_c,thermal_feasible,dominant_bottleneck,bottleneck_definition,source,ARRAY_service_s,LOCAL_FABRIC_service_s,MAC_service_s,INTER_REGION_NOC_service_s,EXTERNAL_BOUNDARY_service_s,GPU_COMPUTE_service_s,normalized_throughput,normalized_energy_efficiency,noc_service_s,GPU_power_W,local_array_bytes,boundary_bytes,event_conservation,energy_conservation,elapsed_s,reduction_service_s
Llama-3.1-8B,LC20K,1,20000,128,32,1.0,0.005498659504183582,0.04611752843984707,0.05161618794403065,2.24655288189863,14.39922030235573,16.64577318425436,619.9605448333144,1.9224099503091616,60.79326769504013,True,ARRAY,LARGEST_SERVICE_SUM; NOMINAL_STAGE_CLASSIFICATION_NOT_STORED,FROZEN_V3_NOMINAL,0.026983780927674814,0.02179240269025319,0.013895008000000037,0.005258336000000005,0.010774501744535455,0.0017088546399999973,1.0,1.0,,,,,,,,
Llama-3.1-8B,LC20K,1,20000,128,32,1.25,0.005498659504183582,0.04452199848372753,0.05002065798791111,2.24655288189863,14.230413232998282,16.47696611489691,639.7356869582502,1.9421051045962057,61.73134500017437,True,ARRAY,EXISTING_PER_STAGE_BOTTLENECK_TIME,NEW_PHYSICAL_EXECUTION,0.026983780927674814,0.0174569505902532,0.01111600639999999,0.0042307339036195555,0.010774501744535455,0.0017088546399999973,1.0318974203918938,1.0102450334715947,0.003391873103619557,149.9093990068041,564790558720.0,36169072640.0,PASS,PASS,28.41755670000566,0.0008388607999999984
Llama-3.1-8B,LC20K,1,20000,128,32,1.5,0.005498659504183582,0.04347050118614052,0.0489691606903241,2.24655288189863,14.119164818913577,16.365717700812205,653.4725028751194,1.9553068545482666,62.38720678813246,True,ARRAY,EXISTING_PER_STAGE_BOTTLENECK_TIME,NEW_PHYSICAL_EXECUTION,0.026983780927674814,0.014566649190253193,0.009263338666666659,0.003545665839365941,0.010774501744535455,0.0017088546399999973,1.0540549851455712,1.0171123252008836,0.002846615172699268,151.74555285226646,564790558720.0,36169072640.0,PASS,PASS,29.5424697999988,0.0006990506666666729
Llama-3.1-8B,LC20K,1,20000,128,32,2.0,0.005498659504183582,0.04219903094573141,0.04769769044991499,2.24655288189863,13.984643267478292,16.23119614937692,670.8920221955324,1.971512124276091,63.22392988455573,True,ARRAY,EXISTING_PER_STAGE_BOTTLENECK_TIME,NEW_PHYSICAL_EXECUTION,0.026983780927674814,0.010953779391032434,0.006947504000000018,0.0026893307590488973,0.010774501744535455,0.0017088546399999973,1.0821527721186057,1.0255419890846031,0.0021650427590488974,154.08805111728432,564790558720.0,36169072640.0,PASS,PASS,28.934277699998347,0.0005242879999999999
Llama-3.1-8B,LC20K,1,20000,128,32,2.5,0.005498659504183582,0.041581147990193086,0.047079807494376666,2.24655288189863,13.919271250782337,16.165824132680967,679.6969168538373,1.9794846051373607,63.64901833814031,True,ARRAY,EXISTING_PER_STAGE_BOTTLENECK_TIME,NEW_PHYSICAL_EXECUTION,0.026983780927674814,0.008786115410887373,0.005558003199999995,0.0021755297108586777,0.010774501744535455,0.0017088546399999973,1.0963551189158076,1.0296891174637441,0.0017560993108586779,155.27813470370486,564790558720.0,36169072640.0,PASS,PASS,28.90973590000067,0.00041943039999999985
Llama-3.1-8B,LC20K,1,20000,128,32,3.0,0.005498659504183582,0.041238613958066286,0.046737273462249866,2.24655288189863,13.883031150183323,16.12958403208195,684.6783654559289,1.9839321297035055,63.89016147902845,True,ARRAY,EXISTING_PER_STAGE_BOTTLENECK_TIME,NEW_PHYSICAL_EXECUTION,0.026983780927674814,0.007341056835887372,0.004631669333333329,0.001832995678731861,0.010774501744535455,0.0017088546399999973,1.104390224768279,1.0320026326249767,0.0014834703453985292,155.9532429222331,564790558720.0,36169072640.0,PASS,PASS,29.771201600000495,0.0003495253333333319
Llama-3.1-8B,LC20K,8,20000,128,32,1.0,0.03582014708589715,0.22764626665745763,0.2634664137433548,16.616630457154645,86.78591657171287,103.40254702886752,971.6608518054682,2.4757610654264726,70.51417424229373,True,EXTERNAL_BOUNDARY,LARGEST_SERVICE_SUM; NOMINAL_STAGE_CLASSIFICATION_NOT_STORED,FROZEN_V3_NOMINAL,0.05106215995406897,0.07615314747136637,0.08310403200000012,0.03726473599999995,0.08520672839872499,0.013670837119999979,1.0,1.0,,,,,,,,
Llama-3.1-8B,LC20K,8,20000,128,32,1.25,0.03582014708589715,0.2049581802586076,0.24077832734450474,16.616630457154645,84.38551703071452,101.00214748786917,1063.2186161577415,2.5345995740412035,74.45626321305707,True,EXTERNAL_BOUNDARY,EXISTING_PER_STAGE_BOTTLENECK_TIME,NEW_PHYSICAL_EXECUTION,0.05106215995406897,0.06094681832136629,0.0664832255999999,0.029835901274960268,0.08520672839872499,0.013670837119999979,1.0942281086884869,1.0237658267739966,0.025641597274960265,205.91522849070245,1156237492224.0,289352581120.0,PASS,PASS,224.8563848000049,0.004194304000000003
Llama-3.1-8B,LC20K,8,20000,128,32,1.5,0.03582014708589715,0.19109838755377842,0.22691853463967557,16.616630457154645,82.91915096254358,99.53578141969822,1128.1581753844082,2.571939420664832,77.29686445195563,True,EXTERNAL_BOUNDARY,EXISTING_PER_STAGE_BOTTLENECK_TIME,NEW_PHYSICAL_EXECUTION,0.05106215995406897,0.050809265554699626,0.05540268800000009,0.024883344791600343,0.08520672839872499,0.013670837119999979,1.1610616742335027,1.0388479957058343,0.021388091458267033,215.4826442334271,1156237492224.0,289352581120.0,PASS,PASS,225.97257729999546,0.003495253333333309
Llama-3.1-8B,LC20K,8,20000,128,32,2.0,0.03582014708589715,0.17562818389773385,0.211448330983631,16.616630457154645,81.28240341573408,97.89903387288872,1210.6976622095822,2.614938982261952,81.01034763268416,True,EXTERNAL_BOUNDARY,EXISTING_PER_STAGE_BOTTLENECK_TIME,NEW_PHYSICAL_EXECUTION,0.05106215995406897,0.03813762746922839,0.04155201600000006,0.01869264918740051,0.08520672839872499,0.013670837119999979,1.2460084812102428,1.0562162151990644,0.016071209187400518,227.94513898518807,1156237492224.0,289352581120.0,PASS,PASS,226.25115909999295,0.0026214399999999922
Llama-3.1-8B,LC20K,8,20000,128,32,2.5,0.03582014708589715,0.16812783526579334,0.20394798235169048,16.616630457154645,80.48886653047477,97.10549698762941,1255.222027931369,2.636308014906846,83.12086726378226,True,EXTERNAL_BOUNDARY,EXISTING_PER_STAGE_BOTTLENECK_TIME,NEW_PHYSICAL_EXECUTION,0.05106215995406897,0.03053474108641318,0.03324161279999995,0.014978231824880669,0.08520672839872499,0.013670837119999979,1.2918314302763239,1.064847513648381,0.012881079824880666,234.81278354122526,1156237492224.0,289352581120.0,PASS,PASS,231.10398390000046,0.002097152000000003
Llama-3.1-8B,LC20K,8,20000,128,32,3.0,0.03582014708589715,0.16389773317210318,0.19971788025800033,16.616630457154645,80.04132172896236,96.657952186117,1281.808116876131,2.648514625129512,84.35898393098506,True,EXTERNAL_BOUNDARY,EXISTING_PER_STAGE_BOTTLENECK_TIME,NEW_PHYSICAL_EXECUTION,0.05106215995406897,0.02546618403823027,0.027701344000000044,0.012501953583200706,0.08520672839872499,0.013670837119999979,1.319192920548739,1.0697779612562415,0.010754326916534033,238.96326493705743,1156237492224.0,289352581120.0,PASS,PASS,228.7713608000049,0.0017476266666666736
Llama-3.1-8B,LC20K,32,20000,128,32,1.0,0.1432805883435886,0.8853698555979154,1.0286504439415038,66.1446017456485,346.12123777383664,412.26583951948516,995.4790823560191,2.4838342201563903,71.72686479470008,True,EXTERNAL_BOUNDARY,LARGEST_SERVICE_SUM; NOMINAL_STAGE_CLASSIFICATION_NOT_STORED,FROZEN_V3_NOMINAL,0.08104404272189732,0.28378642052463465,0.3036846080000005,0.15495187199999985,0.340475963994624,0.054683348479999914,1.0,1.0,,,,,,,,
Llama-3.1-8B,LC20K,32,20000,128,32,1.25,0.1432805883435886,0.7874068801839229,0.9306874685275115,66.1446017456485,335.7567549750363,401.9013567206848,1100.2619403698677,2.547888885858288,76.2963579753764,True,EXTERNAL_BOUNDARY,EXISTING_PER_STAGE_BOTTLENECK_TIME,NEW_PHYSICAL_EXECUTION,0.08104404272189732,0.22705399762463485,0.24294768639999947,0.12398575758032934,0.340475963994624,0.054683348479999914,1.1052587240365281,1.0257886235651688,0.10677600398032935,211.34756888859016,3184055549952.0,1157410324480.0,PASS,PASS,654.7303969000059,0.01720975359999999
Llama-3.1-8B,LC20K,32,20000,128,32,1.5,0.1432805883435886,0.7220986239997579,0.8653792123433465,66.1446017456485,328.84714147075164,394.99174321640015,1183.2962768161797,2.592459254114057,80.01872216352774,True,EXTERNAL_BOUNDARY,EXISTING_PER_STAGE_BOTTLENECK_TIME,NEW_PHYSICAL_EXECUTION,0.08104404272189732,0.189232382357968,0.2024564053333332,0.10334168130054888,0.340475963994624,0.054683348479999914,1.1886701567004803,1.0437328035326074,0.08900021996721554,223.76959811994806,3184055549952.0,1157410324480.0,PASS,PASS,658.9294213000103,0.014341461333333347
Llama-3.1-8B,LC20K,32,20000,128,32,2.0,0.1432805883435886,0.6404727362419834,0.783753324585572,66.1446017456485,320.2111225459791,386.3557242916276,1306.5335327814578,2.6504072170212445,85.80576294076508,False,EXTERNAL_BOUNDARY,EXISTING_PER_STAGE_BOTTLENECK_TIME,NEW_PHYSICAL_EXECUTION,0.08104404272189732,0.14195539631660187,0.15184230400000026,0.07753658595082329,0.340475963994624,0.054683348479999914,1.312467088398543,1.0670628480407869,0.06678048995082328,242.85718095352394,3184055549952.0,1157410324480.0,PASS,PASS,657.8635670999938,0.010756096000000007
Llama-3.1-8B,LC20K,32,20000,128,32,2.5,0.1432805883435886,0.5943595829347316,0.7376401712783202,66.1446017456485,315.33235092607185,381.47695267172037,1388.2107291220627,2.684303711740096,89.69518122027773,False,EXTERNAL_BOUNDARY,EXISTING_PER_STAGE_BOTTLENECK_TIME,NEW_PHYSICAL_EXECUTION,0.08104404272189732,0.11358922133801706,0.12147384319999974,0.062053528740988004,0.340475963994624,0.054683348479999914,1.3945152175739928,1.0807096906697273,0.053448651940987975,255.9578985929925,3184055549952.0,1157410324480.0,PASS,PASS,680.6178964999999,0.008604876800000029
Llama-3.1-8B,LC20K,32,20000,128,32,3.0,0.1432805883435886,0.5645297517281748,0.7078103400717634,66.1446017456485,312.17635478441815,378.32095653006667,1446.715231507043,2.7066964764311665,92.57657970105237,False,EXTERNAL_BOUNDARY,EXISTING_PER_STAGE_BOTTLENECK_TIME,NEW_PHYSICAL_EXECUTION,0.08104404272189732,0.09467844422968374,0.1012282026666666,0.05173149060109751,0.340475963994624,0.054683348479999914,1.4532854151822805,1.0897250929495383,0.04456075993443088,265.57257945810704,3184055549952.0,1157410324480.0,PASS,PASS,705.9488203999936,0.007170730666666632
Llama-3.1-8B,LC64K,1,64000,128,32,1.0,0.008695789837165714,0.05294960591644247,0.06164539575360818,4.1313259257180635,17.634128597390298,21.76545452310836,519.0979733166365,1.4702196991119865,63.21045535262681,True,ARRAY,LARGEST_SERVICE_SUM; NOMINAL_STAGE_CLASSIFICATION_NOT_STORED,FROZEN_V3_NOMINAL,0.03002180035104851,0.025019224394600543,0.016476000000000057,0.006308096000000005,0.012470639072600872,0.002910347973333342,1.0,1.0,,,,,,,,
Llama-3.1-8B,LC64K,1,64000,128,32,1.25,0.008695789837165714,0.05070128088130013,0.059397070718465846,4.1313259257180635,17.39625580867224,21.527581734390303,538.7471067668591,1.486465149445003,64.47886876298622,True,ARRAY,EXISTING_PER_STAGE_BOTTLENECK_TIME,NEW_PHYSICAL_EXECUTION,0.03002180035104851,0.02004162972342484,0.013180799999999993,0.005070746371446441,0.012470639072600872,0.002910347973333342,1.0378524564923262,1.011049675325959,0.0033930247714464303,151.2864562253465,749339934720.0,41936240640.0,PASS,PASS,30.777994600008242,0.0016777216000000111
Llama-3.1-8B,LC64K,1,64000,128,32,1.5,0.008695789837165714,0.04958716505850372,0.05828295489566943,4.1313259257180635,17.27838235462038,21.409708280338442,549.0456010214691,1.494649043368196,65.15003413156535,True,ARRAY,EXISTING_PER_STAGE_BOTTLENECK_TIME,NEW_PHYSICAL_EXECUTION,0.03002180035104851,0.016723312841640907,0.010983999999999999,0.004245846619077401,0.012470639072600872,0.002910347973333342,1.0576916675545665,1.016616118169934,0.0028477452857440656,153.02291491716588,749339934720.0,41936240640.0,PASS,PASS,31.884292999995523,0.001398101333333335
Llama-3.1-8B,LC64K,1,64000,128,32,2.0,0.008695789837165714,0.04855604036804235,0.05725183020520806,4.1313259257180635,17.169289362369565,21.300615288087627,558.9340966970351,1.5023040211376433,65.7986519921597,True,ARRAY,EXISTING_PER_STAGE_BOTTLENECK_TIME,NEW_PHYSICAL_EXECUTION,0.03002180035104851,0.01257550665149778,0.008238000000000028,0.0032147219286161005,0.012470639072600872,0.002910347973333342,1.0767410497210699,1.0218228078735687,0.0021661459286160933,154.70102701332738,749339934720.0,41936240640.0,PASS,PASS,34.70597700000508,0.0010485760000000072
Llama-3.1-8B,LC64K,1,64000,128,32,2.5,0.008695789837165714,0.04793736555376558,0.05663315539093129,4.1313259257180635,17.103833567019084,21.235159492737147,565.0400331591657,1.5069347612361774,66.20557134001194,True,ARRAY,EXISTING_PER_STAGE_BOTTLENECK_TIME,NEW_PHYSICAL_EXECUTION,0.03002180035104851,0.01008684658899778,0.006590399999999996,0.0025960471143393065,0.012470639072600872,0.002910347973333342,1.0885036393977705,1.0249725004680368,0.0017571863143393126,155.74254634428473,749339934720.0,41936240640.0,PASS,PASS,31.782010299997637,0.0008388607999999939
Llama-3.1-8B,LC64K,1,64000,128,32,3.0,0.008695789837165714,0.04752491567758102,0.056220705514746734,4.1313259257180635,17.060196370118756,21.19152229583682,569.1853153925003,1.5100378138613741,66.47971050876879,True,ARRAY,EXISTING_PER_STAGE_BOTTLENECK_TIME,NEW_PHYSICAL_EXECUTION,0.03002180035104851,0.008427746262222514,0.0054919999999999995,0.002183597238154789,0.012470639072600872,0.002910347973333342,1.0964891882660306,1.0270831051804283,0.0014845465714881218,156.45195745292168,749339934720.0,41936240640.0,PASS,PASS,31.04051609999442,0.0006990506666666673
Llama-3.1-8B,LC64K,8,64000,128,32,1.0,0.06956631869732571,0.2842926238148622,0.3538589425121879,32.299373542399586,112.0842345837589,144.3836081261585,723.4521139484348,1.7730544576522436,71.43578822299287,True,MAC,LARGEST_SERVICE_SUM; NOMINAL_STAGE_CLASSIFICATION_NOT_STORED,FROZEN_V3_NOMINAL,0.07392325919572573,0.10167136133785458,0.10469516800000023,0.04950447999999994,0.09877652758732637,0.023282783786666737,1.0,1.0,,,,,,,,
Llama-3.1-8B,LC64K,8,64000,128,32,1.25,0.06956631869732571,0.2549577174064268,0.3245240361037525,32.299373542399586,108.98060148574645,141.27997502814603,788.8475783598201,1.8120048502910568,75.67303498202028,True,EXTERNAL_BOUNDARY,EXISTING_PER_STAGE_BOTTLENECK_TIME,NEW_PHYSICAL_EXECUTION,0.07392325919572573,0.0813625769628547,0.08375613439999997,0.03962784877766381,0.09877652758732637,0.023282783786666737,1.0903936323504149,1.021967961824697,0.026061896777663875,196.95442131387153,2632632500224.0,335489925120.0,PASS,PASS,219.5400406000117,0.013565951999999933
Llama-3.1-8B,LC64K,8,64000,128,32,1.5,0.06956631869732571,0.239219332590837,0.3087856512881627,32.299373542399586,107.31548037225706,139.61485391465663,829.0540668973557,1.8336157852980812,78.37468102244213,True,EXTERNAL_BOUNDARY,EXISTING_PER_STAGE_BOTTLENECK_TIME,NEW_PHYSICAL_EXECUTION,0.07392325919572573,0.06782338737952133,0.0697967786666667,0.03304342796277304,0.09877652758732637,0.023282783786666737,1.145969513272371,1.0341564960875644,0.021738467962773022,205.0436671806581,2632632500224.0,335489925120.0,PASS,PASS,222.53689019999,0.01130496000000002
Llama-3.1-8B,LC64K,8,64000,128,32,2.0,0.06956631869732571,0.22264166974629243,0.29220798844361817,32.299373542399586,105.56156364330424,137.86093718570382,876.088300540748,1.8569437088270948,81.63344713829781,True,EXTERNAL_BOUNDARY,EXISTING_PER_STAGE_BOTTLENECK_TIME,NEW_PHYSICAL_EXECUTION,0.07392325919572573,0.05089949432337022,0.052347584000000114,0.024812901944159492,0.09877652758732637,0.023282783786666737,1.210983123346285,1.0473134092485414,0.016334181944159525,214.80103980056876,2632632500224.0,335489925120.0,PASS,PASS,224.9098854999902,0.008478719999999967
Llama-3.1-8B,LC64K,8,64000,128,32,2.5,0.06956631869732571,0.21613072418253945,0.2856970428798652,32.299373542399586,104.87270560265917,137.17207914505875,896.0540767922729,1.8662690074798776,83.01680694554875,True,EXTERNAL_BOUNDARY,EXISTING_PER_STAGE_BOTTLENECK_TIME,NEW_PHYSICAL_EXECUTION,0.07392325919572573,0.040745169991744074,0.04187806719999999,0.019874586332991436,0.09877652758732637,0.023282783786666737,1.2385810470603458,1.0525728634139428,0.013091610332991449,219.04267600906567,2632632500224.0,335489925120.0,PASS,PASS,226.85672820000036,0.0067829759999999874
Llama-3.1-8B,LC64K,8,64000,128,32,3.0,0.06956631869732571,0.21251351919157016,0.2820798378888959,32.299373542399586,104.49000531461462,136.7893788570142,907.5444807254601,1.8714903316257947,83.84078989728181,True,EXTERNAL_BOUNDARY,EXISTING_PER_STAGE_BOTTLENECK_TIME,NEW_PHYSICAL_EXECUTION,0.07392325919572573,0.033975631640943346,0.03489838933333335,0.016582375925546025,0.09877652758732637,0.023282783786666737,1.2544637899698594,1.0555176822396606,0.010929895925546032,221.51145584744663,2632632500224.0,335489925120.0,PASS,PASS,221.29887410000083,0.005652479999999993
Llama-3.1-8B,LC64K,32,64000,128,32,1.0,0.27826527478930285,1.103144073427826,1.3814093482171288,128.87545527841942,445.286207790743,574.1616630691624,741.2719490581068,1.783469823683876,72.61772493729814,True,EXTERNAL_BOUNDARY,LARGEST_SERVICE_SUM; NOMINAL_STAGE_CLASSIFICATION_NOT_STORED,FROZEN_V3_NOMINAL,0.1626762633932036,0.3846786999902696,0.39360684800000045,0.19168351999999986,0.39475569884251194,0.09313113514666695,1.0,1.0,,,,,,,,
Llama-3.1-8B,LC64K,32,64000,128,32,1.25,0.27826527478930285,0.9801722429057756,1.2584375176950786,128.87545527841942,432.2757881215103,561.1512433999297,813.7074631051462,1.8248199786491432,77.38631404531606,True,EXTERNAL_BOUNDARY,EXISTING_PER_STAGE_BOTTLENECK_TIME,NEW_PHYSICAL_EXECUTION,0.1626762633932036,0.30776972399026953,0.3148854783999994,0.15337084812605814,0.39475569884251194,0.09313113514666695,1.0977178674291928,1.0231852282646734,0.10310473612605837,201.92926480055942,9089635581952.0,1341959700480.0,PASS,PASS,708.3412375000044,0.050266111999999766
Llama-3.1-8B,LC64K,32,64000,128,32,1.5,0.27826527478930285,0.9038909328580883,1.1821562076473913,128.87545527841942,424.20522551846494,553.0806807968844,866.2137823882532,1.8514477824909923,80.99640781730136,True,EXTERNAL_BOUNDARY,EXISTING_PER_STAGE_BOTTLENECK_TIME,NEW_PHYSICAL_EXECUTION,0.1626762633932036,0.2564970733236024,0.2624045653333335,0.12782906687676399,0.39475569884251194,0.09313113514666695,1.168550602095362,1.038115564336661,0.08594064021009727,212.72549204179035,9089635581952.0,1341959700480.0,PASS,PASS,710.6863129999983,0.041888426666666714
Llama-3.1-8B,LC64K,32,64000,128,32,2.0,0.27826527478930285,0.8165638715864203,1.0948291463757232,128.87545527841942,414.96602243592247,543.8414777143419,935.3057537697156,1.882901621082065,85.92207494343825,False,EXTERNAL_BOUNDARY,EXISTING_PER_STAGE_BOTTLENECK_TIME,NEW_PHYSICAL_EXECUTION,0.1626762633932036,0.19240626409420739,0.19680342400000023,0.09590184031514595,0.39475569884251194,0.09313113514666695,1.2617579215808137,1.0557518810118167,0.06448552031514582,227.561428292484,9089635581952.0,1341959700480.0,PASS,PASS,642.6529617999913,0.031416320000000136
Llama-3.1-8B,LC64K,32,64000,128,32,2.5,0.27826527478930285,0.774395107561459,1.0526603823507619,128.87545527841942,410.5045672020816,539.380022480501,972.7733817750806,1.8984759489067253,88.69809973138968,False,EXTERNAL_BOUNDARY,EXISTING_PER_STAGE_BOTTLENECK_TIME,NEW_PHYSICAL_EXECUTION,0.1626762633932036,0.1539517841552575,0.1574427391999997,0.07674550437817503,0.39475569884251194,0.09313113514666695,1.3123029719539905,1.0644844805870035,0.05161244837817503,235.92343312667373,9089635581952.0,1341959700480.0,PASS,PASS,633.6088563000085,0.025133055999999994
Llama-3.1-8B,LC64K,32,64000,128,32,3.0,0.27826527478930285,0.7471375481368133,1.0254028229261163,128.87545527841942,407.6207174149541,536.4961726933735,998.6319299159786,1.9086809042070316,90.67199009523404,False,EXTERNAL_BOUNDARY,EXISTING_PER_STAGE_BOTTLENECK_TIME,NEW_PHYSICAL_EXECUTION,0.1626762633932036,0.12831547092192427,0.13120228266666675,0.06397461375352771,0.39475569884251194,0.09313113514666695,1.3471869955215288,1.0702064474881463,0.04303040042019438,241.83082944439263,9089635581952.0,1341959700480.0,PASS,PASS,608.714372500006,0.02094421333333333
Llama-3.1-8B,LC126K,1,126000,128,32,1.0,0.014639717791451429,0.061471990840679204,0.07611170863213063,6.893623881257072,21.693280501581118,28.58690438283819,420.43465552277945,1.1193936766098684,65.5664569295181,True,ARRAY,LARGEST_SERVICE_SUM; NOMINAL_STAGE_CLASSIFICATION_NOT_STORED,FROZEN_V3_NOMINAL,0.03320843210803812,0.028679601516852164,0.020283392000000035,0.006798815999999994,0.01486082170541569,0.004603361306666685,1.0,1.0,,,,,,,,
Llama-3.1-8B,LC126K,1,126000,128,32,1.25,0.014639717791451429,0.05836567737306995,0.07300539516452137,6.893623881257072,21.364632536708058,28.25825641796513,438.3237694678095,1.1324124010586891,67.21644477632776,True,ARRAY,EXISTING_PER_STAGE_BOTTLENECK_TIME,NEW_PHYSICAL_EXECUTION,0.03320843210803812,0.02296958794112213,0.016226713599999984,0.005463184460746339,0.01486082170541569,0.004603361306666685,1.0425490946334721,1.0116301572189048,0.0033660324607463358,154.14743136897053,1009386782720.0,50062704640.0,PASS,PASS,18.3122555000009,0.002097152000000003
Llama-3.1-8B,LC126K,1,126000,128,32,1.5,0.014639717791451429,0.057183880213227734,0.07182359800467916,6.893623881257072,21.23959839719675,28.13322227845382,445.5360200405898,1.1374452483001778,67.89016389463592,True,ARRAY,EXISTING_PER_STAGE_BOTTLENECK_TIME,NEW_PHYSICAL_EXECUTION,0.03320843210803812,0.019162920474455458,0.013522261333333343,0.004572763434577242,0.01486082170541569,0.004603361306666685,1.059703366951515,1.0161262048084632,0.0028251367679105704,155.80380736876828,1009386782720.0,50062704640.0,PASS,PASS,18.433727499999804,0.0017476266666666715
Llama-3.1-8B,LC126K,1,126000,128,32,2.0,0.014639717791451429,0.056070853930516314,0.07071057172196774,6.893623881257072,21.121840216485886,28.015464097742957,452.54902089921194,1.142226303599877,68.55065005554565,True,ARRAY,EXISTING_PER_STAGE_BOTTLENECK_TIME,NEW_PHYSICAL_EXECUTION,0.03320843210803812,0.014404675766092882,0.010141696000000018,0.0034597371518658563,0.01486082170541569,0.004603361306666685,1.0763837256386504,1.020397316392887,0.0021490171518658502,157.42764187894232,1009386782720.0,50062704640.0,PASS,PASS,18.113703499999247,0.001310720000000006
Llama-3.1-8B,LC126K,1,126000,128,32,2.5,0.014639717791451429,0.05540303816088947,0.0700427559523409,6.893623881257072,21.051185308059363,27.944809189316434,456.8638050417907,1.1451142780475274,68.93930294064285,True,ARRAY,EXISTING_PER_STAGE_BOTTLENECK_TIME,NEW_PHYSICAL_EXECUTION,0.03320843210803812,0.011549816241092869,0.008113356799999992,0.0027919213822390205,0.01486082170541569,0.004603361306666685,1.0866464004346035,1.0229772616864827,0.001743345382239024,158.43325992298796,1009386782720.0,50062704640.0,PASS,PASS,17.8178576999926,0.0010485759999999966
Llama-3.1-8B,LC126K,1,126000,128,32,3.0,0.014639717791451429,0.05495782764780493,0.06959754543925636,6.893623881257072,21.00408203577502,27.89770591703209,459.78633007868206,1.1470477212416015,69.21740638192318,True,ARRAY,EXISTING_PER_STAGE_BOTTLENECK_TIME,NEW_PHYSICAL_EXECUTION,0.03320843210803812,0.009646584633933336,0.006761130666666671,0.0023467108691544707,0.01486082170541569,0.004603361306666685,1.0935975996245402,1.0247044853026903,0.0014728975358211335,159.11724938510082,1009386782720.0,50062704640.0,PASS,PASS,18.444252200002666,0.0008738133333333373
Llama-3.1-8B,LC126K,8,126000,128,32,1.0,0.11711774233161143,0.3452738700732947,0.4623916124049061,54.39776039150245,144.29303267021916,198.69079306172162,553.6432606736527,1.2884341345422874,74.10255685829242,True,LOCAL_FABRIC,LARGEST_SERVICE_SUM; NOMINAL_STAGE_CLASSIFICATION_NOT_STORED,FROZEN_V3_NOMINAL,0.10132619531771471,0.13077256105684257,0.12906515200000024,0.05356614399999991,0.11794006070418142,0.03682689045333348,1.0,1.0,,,,,,,,
Llama-3.1-8B,LC126K,8,126000,128,32,1.25,0.11711774233161143,0.3118817144708142,0.4289994568024256,54.39776039150245,140.76014260747675,195.1579029989792,596.7373523223364,1.311758304767904,78.33100426894521,True,EXTERNAL_BOUNDARY,EXISTING_PER_STAGE_BOTTLENECK_TIME,NEW_PHYSICAL_EXECUTION,0.10132619531771471,0.10464400310684269,0.1032521216,0.04287690895004626,0.11794006070418142,0.03682689045333348,1.0778372911037486,1.0181027260923217,0.02637494415004629,193.9905965503304,4713007284224.0,400501637120.0,PASS,PASS,130.9958808000083,0.016501964799999973
Llama-3.1-8B,LC126K,8,126000,128,32,1.5,0.11711774233161143,0.29735607852865925,0.4144738208602707,54.39776039150245,139.22333032479676,193.62109071629922,617.6505900147163,1.3221700128479323,80.46629494088592,True,EXTERNAL_BOUNDARY,EXISTING_PER_STAGE_BOTTLENECK_TIME,NEW_PHYSICAL_EXECUTION,0.10132619531771471,0.0872249644735094,0.0860434346666666,0.03575075225007709,0.11794006070418142,0.03682689045333348,1.1156111414833838,1.0261836266218058,0.021999114916743768,199.8520530592953,4713007284224.0,400501637120.0,PASS,PASS,130.07613829999173,0.01375163733333332
Llama-3.1-8B,LC126K,8,126000,128,32,2.0,0.11711774233161143,0.28465202294935255,0.401769765280964,54.39776039150245,137.87924124450612,192.27700163600858,637.1808486409502,1.3314124821054925,82.51290057687339,True,EXTERNAL_BOUNDARY,EXISTING_PER_STAGE_BOTTLENECK_TIME,NEW_PHYSICAL_EXECUTION,0.10132619531771471,0.06545116618184263,0.06453257600000012,0.02684305637511555,0.11794006070418142,0.03682689045333348,1.150887031236779,1.033357038913342,0.016529328375115608,205.46884601326502,4713007284224.0,400501637120.0,PASS,PASS,131.2446501999948,0.010313727999999942
Llama-3.1-8B,LC126K,8,126000,128,32,2.5,0.11711774233161143,0.27783783547953883,0.39495557781115026,54.39776039150245,137.1583002101998,191.55606060170226,648.1741602910278,1.336423390603623,83.6877738752757,True,EXTERNAL_BOUNDARY,EXISTING_PER_STAGE_BOTTLENECK_TIME,NEW_PHYSICAL_EXECUTION,0.10132619531771471,0.052386887206842515,0.0516260608,0.02149843885013872,0.11794006070418142,0.03682689045333348,1.170743340219392,1.0372461849424561,0.013247456450138754,208.69322098591135,4713007284224.0,400501637120.0,PASS,PASS,134.5501712999976,0.008250982399999968
Llama-3.1-8B,LC126K,8,126000,128,32,3.0,0.11711774233161143,0.2739346691565907,0.39105241148820213,54.39776039150245,136.7453452132319,191.14310560473436,654.643706263715,1.3393106656401381,84.38706995642303,True,EXTERNAL_BOUNDARY,EXISTING_PER_STAGE_BOTTLENECK_TIME,NEW_PHYSICAL_EXECUTION,0.10132619531771471,0.043677367890175824,0.0430217173333333,0.01793536050015414,0.11794006070418142,0.03682689045333348,1.1824287456640739,1.0394871027814894,0.011059541833487471,210.6124013718781,4713007284224.0,400501637120.0,PASS,PASS,130.90093240000715,0.00687581866666667
Llama-3.1-8B,LC126K,32,126000,128,32,1.0,0.4684709693264457,1.3532501535454278,1.8217211228718735,217.26897248602586,574.2622512841241,791.53122377015,562.10579497794,1.293695017010922,74.90371774517263,True,LOCAL_FABRIC,LARGEST_SERVICE_SUM; NOMINAL_STAGE_CLASSIFICATION_NOT_STORED,FROZEN_V3_NOMINAL,0.2789149821427068,0.502274834596987,0.4937205760000009,0.21078518399999976,0.47128341040032484,0.14730756181333393,1.0,1.0,,,,,,,,
Llama-3.1-8B,LC126K,32,126000,128,32,1.25,0.4684709693264457,1.2144749463729803,1.682945915699426,217.26897248602586,559.5798343652792,776.8488068513051,608.4568674771878,1.3181458103159598,79.50809863067178,True,EXTERNAL_BOUNDARY,EXISTING_PER_STAGE_BOTTLENECK_TIME,NEW_PHYSICAL_EXECUTION,0.2789149821427068,0.40184632719698665,0.3949764607999994,0.1686518225528638,0.47128341040032484,0.14730756181333393,1.0824596951559036,1.0188999671356322,0.10247356975286392,197.25613824889814,17411134717952.0,1602006548480.0,PASS,PASS,629.0479924000101,0.06617825279999986
Llama-3.1-8B,LC126K,32,126000,128,32,1.5,0.4684709693264457,1.1411128022031023,1.609583771529548,217.26897248602586,551.8181195121061,769.087091998132,636.1893168361892,1.3314486885218548,82.39383047439031,True,EXTERNAL_BOUNDARY,EXISTING_PER_STAGE_BOTTLENECK_TIME,NEW_PHYSICAL_EXECUTION,0.2789149821427068,0.3348939889303198,0.3291470506666662,0.14056291492144,0.47128341040032484,0.14730756181333393,1.1317964029549927,1.0291828220828758,0.08541437092143993,205.18027560550337,17411134717952.0,1602006548480.0,PASS,PASS,583.3913844999915,0.05514854400000006
Llama-3.1-8B,LC126K,32,126000,128,32,2.0,0.4684709693264457,1.07003499033049,1.5385059596569357,217.26897248602586,544.2980870159837,761.5670595020096,665.5807821689147,1.3445959711933917,85.56795195261873,False,EXTERNAL_BOUNDARY,EXISTING_PER_STAGE_BOTTLENECK_TIME,NEW_PHYSICAL_EXECUTION,0.2789149821427068,0.2512035825934302,0.24686028800000046,0.10545178038216009,0.47128341040032484,0.14730756181333393,1.1840845408737255,1.039345404838983,0.06409037238215992,213.8940158431059,17411134717952.0,1602006548480.0,PASS,PASS,556.3834998999955,0.04136140800000017
Llama-3.1-8B,LC126K,32,126000,128,32,2.5,0.4684709693264457,1.0273883032069215,1.4958592725333673,217.26897248602586,539.7860675183102,757.0550400043361,684.556374254222,1.3526097124908316,87.68323299088257,False,EXTERNAL_BOUNDARY,EXISTING_PER_STAGE_BOTTLENECK_TIME,NEW_PHYSICAL_EXECUTION,0.2789149821427068,0.20098934250593053,0.1974882303999997,0.0843850996585918,0.47128341040032484,0.14730756181333393,1.217842584741699,1.0455398642688072,0.05129597325859197,219.700989025006,17411134717952.0,1602006548480.0,PASS,PASS,513.4362640000036,0.03308912639999983
Llama-3.1-8B,LC126K,32,126000,128,32,3.0,0.4684709693264457,0.9989571784578766,1.4674281477843223,217.26897248602586,536.7780545198613,754.0470270058871,697.8195161011073,1.3580054868275546,89.19375596579539,False,EXTERNAL_BOUNDARY,EXISTING_PER_STAGE_BOTTLENECK_TIME,NEW_PHYSICAL_EXECUTION,0.2789149821427068,0.16751318244759666,0.1645735253333331,0.07034064584287986,0.47128341040032484,0.14730756181333393,1.2414380394859537,1.04971068835468,0.04276637384287977,223.84775635834058,17411134717952.0,1602006548480.0,PASS,PASS,498.7570052000083,0.027574272000000087
Qwen2.5-32B,LC20K,1,20000,128,32,1.0,0.02142447399807331,0.14524628348698693,0.16667075748506024,8.287334296151485,49.10131367691873,57.38864797307021,191.99528749287867,0.5576015663414147,63.57467944747498,True,ARRAY,LARGEST_SERVICE_SUM; NOMINAL_STAGE_CLASSIFICATION_NOT_STORED,FROZEN_V3_NOMINAL,0.0916828222379221,0.07814705698004706,0.04342080800000016,0.01473379200000002,0.030548171100165965,0.004294150853333335,1.0,1.0,,,,,,,,
Qwen2.5-32B,LC20K,1,20000,128,32,1.25,0.02142447399807331,0.14101081164812287,0.1624352856461962,8.287334296151485,48.653200756366914,56.9405350525184,197.00153124180108,0.5619898016498298,64.44494279332196,True,ARRAY,EXISTING_PER_STAGE_BOTTLENECK_TIME,NEW_PHYSICAL_EXECUTION,0.0916828222379221,0.0625682783746545,0.034736646400000064,0.011839872617385777,0.030548171100165965,0.004294150853333335,1.026074826180867,1.0078698403543012,0.00980825661738579,142.28804033623098,2215972765696.0,103053852672.0,PASS,PASS,66.76965400000336,0.002031615999999988
Qwen2.5-32B,LC20K,1,20000,128,32,1.5,0.02142447399807331,0.13818717143115208,0.1596116454292254,8.287334296151485,48.35445962141141,56.64179391756289,200.4866243559237,0.5649538580394039,65.05476757137592,True,ARRAY,EXISTING_PER_STAGE_BOTTLENECK_TIME,NEW_PHYSICAL_EXECUTION,0.0916828222379221,0.05218243617525964,0.028947205333333312,0.009910593028976254,0.030548171100165965,0.004294150853333335,1.0442267983445166,1.013185565001601,0.008217579695642909,143.68340037605614,2215972765696.0,103053852672.0,PASS,PASS,67.32322089999798,0.0016930133333333455
Qwen2.5-32B,LC20K,1,20000,128,32,2.0,0.02142447399807331,0.1346585410179419,0.1560830150160152,8.287334296151485,47.981130523693764,56.26846481984525,205.01910471627278,0.5687022047332267,65.85281560051226,True,ARRAY,EXISTING_PER_STAGE_BOTTLENECK_TIME,NEW_PHYSICAL_EXECUTION,0.0916828222379221,0.03920017795133967,0.02171040400000008,0.007498993543464365,0.030548171100165965,0.004294150853333335,1.0678340463115648,1.0199078321545016,0.006229233543464377,145.50940386609912,2215972765696.0,103053852672.0,PASS,PASS,68.34430539999448,0.0012697599999999887
Qwen2.5-32B,LC20K,1,20000,128,32,2.5,0.02142447399807331,0.13270318738990108,0.1541276613879744,8.287334296151485,47.77425410984704,56.06158840599853,207.62009694968847,0.5708008087151529,66.3133285746942,True,ARRAY,EXISTING_PER_STAGE_BOTTLENECK_TIME,NEW_PHYSICAL_EXECUTION,0.0916828222379221,0.031410938624607664,0.017368323200000032,0.006052033852157246,0.030548171100165965,0.004294150853333335,1.0813812133664444,1.023671458565553,0.00503622585215724,146.5630799309986,2215972765696.0,103053852672.0,PASS,PASS,68.12699830000929,0.001015808000000006
Qwen2.5-32B,LC20K,1,20000,128,32,3.0,0.02142447399807331,0.13151688183153473,0.15294135582960805,8.287334296151485,47.64874298177189,55.936077277923374,209.2305238594275,0.5720815895080585,66.59939681283049,True,ARRAY,EXISTING_PER_STAGE_BOTTLENECK_TIME,NEW_PHYSICAL_EXECUTION,0.0916828222379221,0.026218151909338648,0.014473602666666656,0.0050873940579524895,0.030548171100165965,0.004294150853333335,1.089769059395211,1.0259684047547633,0.004240887391285818,147.2176117588182,2215972765696.0,103053852672.0,PASS,PASS,66.89554499999213,0.0008465066666666719
Qwen2.5-32B,LC20K,8,20000,128,32,1.0,0.1297881235456,0.6640941758979855,0.7938822994435855,60.0179375203937,263.21002728522103,323.2279648056147,322.4659375570217,0.792010679379042,71.93688507180087,True,MAC,LARGEST_SERVICE_SUM; NOMINAL_STAGE_CLASSIFICATION_NOT_STORED,FROZEN_V3_NOMINAL,0.14320959810279232,0.23057072539598086,0.2590724720000015,0.11073468800000032,0.2426604245342985,0.03435320682666668,1.0,1.0,,,,,,,,
Qwen2.5-32B,LC20K,8,20000,128,32,1.25,0.1297881235456,0.5887122127901474,0.7185003363357474,60.0179375203937,255.2346155884118,315.2525531088055,356.2976759420388,0.8120473489445295,76.64653571234976,True,EXTERNAL_BOUNDARY,EXISTING_PER_STAGE_BOTTLENECK_TIME,NEW_PHYSICAL_EXECUTION,0.14320959810279232,0.1845051010709807,0.20725797759999945,0.08864110268950205,0.2426604245342985,0.03435320682666668,1.104915696340903,1.025298484082559,0.07710676668950218,204.85309642936403,3398865256448.0,824430821376.0,PASS,PASS,567.1959167000023,0.011534335999999867
Qwen2.5-32B,LC20K,8,20000,128,32,1.5,0.1297881235456,0.5467793657412762,0.6765674892868762,60.0179375203937,250.79812037064124,310.8160578910349,378.38058146990215,0.8236382693256724,79.8599208397182,True,EXTERNAL_BOUNDARY,EXISTING_PER_STAGE_BOTTLENECK_TIME,NEW_PHYSICAL_EXECUTION,0.14320959810279232,0.1537946848543142,0.17271498133333285,0.07391204581583662,0.2426604245342985,0.03435320682666668,1.173397055008308,1.0399332872271714,0.06430009914916973,214.88830116135838,3398865256448.0,824430821376.0,PASS,PASS,582.4855390000012,0.009611946666666885
Qwen2.5-32B,LC20K,8,20000,128,32,2.0,0.1297881235456,0.4978048375755713,0.6275929611211712,60.0179375203937,245.61661529070963,305.63455281110333,407.90769791723864,0.83760163124691,84.29531753263137,True,EXTERNAL_BOUNDARY,EXISTING_PER_STAGE_BOTTLENECK_TIME,NEW_PHYSICAL_EXECUTION,0.14320959810279232,0.11540710380420746,0.12953623600000075,0.05550072472375472,0.2426604245342985,0.03435320682666668,1.264963676497175,1.057563556975788,0.04829176472375479,228.7490304123026,3398865256448.0,824430821376.0,PASS,PASS,605.7653919000004,0.007208959999999924
Qwen2.5-32B,LC20K,8,20000,128,32,2.5,0.1297881235456,0.4745589229352162,0.6043470464808162,60.0179375203937,243.15719752176008,303.1751350421538,423.5976687413599,0.8443964244112747,86.70252746652295,False,EXTERNAL_BOUNDARY,EXISTING_PER_STAGE_BOTTLENECK_TIME,NEW_PHYSICAL_EXECUTION,0.14320959810279232,0.09237464322889469,0.10362898879999972,0.044453932068505585,0.2426604245342985,0.03435320682666668,1.3136198878880194,1.0661427255921656,0.038686764068505596,236.32929616601004,3398865256448.0,824430821376.0,PASS,PASS,648.0892968000117,0.005767167999999989
Qwen2.5-32B,LC20K,8,20000,128,32,3.0,0.1297881235456,0.46229381156504884,0.5920819351106488,60.0179375203937,241.85954873879638,301.87748625919005,432.3725903783207,0.8480261419038055,88.06782571288437,False,EXTERNAL_BOUNDARY,EXISTING_PER_STAGE_BOTTLENECK_TIME,NEW_PHYSICAL_EXECUTION,0.14320959810279232,0.07701969890389473,0.08635749066666643,0.03708940363167266,0.2426604245342985,0.03435320682666668,1.3408318213512527,1.07072564042783,0.03228343029833934,240.6360527054859,3398865256448.0,824430821376.0,PASS,PASS,621.8753492999967,0.004805973333333317
Qwen2.5-32B,LC20K,32,20000,128,32,1.0,0.5191524941824,2.570094138439091,3.089246632621491,238.6993289020076,1061.5349917493697,1300.2343206513774,331.47240145441157,0.7875503543753617,73.8997932115289,True,EXTERNAL_BOUNDARY,LARGEST_SERVICE_SUM; NOMINAL_STAGE_CLASSIFICATION_NOT_STORED,FROZEN_V3_NOMINAL,0.205880974521722,0.8652940049676532,0.9343870320000038,0.43736115200000075,0.9700271628062931,0.1374128273066667,1.0,1.0,,,,,,,,
Qwen2.5-32B,LC20K,32,20000,128,32,1.25,0.5191524941824,2.2777081952524507,2.7968606894348507,238.6993289020076,1030.6005589602232,1269.299887862231,366.1247783517295,0.8067439458492605,78.93980899679195,True,EXTERNAL_BOUNDARY,EXISTING_PER_STAGE_BOTTLENECK_TIME,NEW_PHYSICAL_EXECUTION,0.205880974521722,0.6922848355676531,0.7475096255999994,0.3499421263850208,0.9700271628062931,0.1374128273066667,1.1045407603929396,1.0243712562216063,0.3058527823850213,209.28478513611398,7454496653312.0,3297723285504.0,PASS,PASS,1805.755446700001,0.04408934399999953
Qwen2.5-32B,LC20K,32,20000,128,32,1.5,0.5191524941824,2.0827844424163957,2.6019369365987957,238.6993289020076,1009.9776259101687,1248.6769548121763,393.55296648294404,0.820067989605869,83.05702787573324,True,EXTERNAL_BOUNDARY,EXISTING_PER_STAGE_BOTTLENECK_TIME,NEW_PHYSICAL_EXECUTION,0.205880974521722,0.5769453893009857,0.6229246879999979,0.29166277597503565,0.9700271628062931,0.1374128273066667,1.1872872817047202,1.041289595071414,0.2549216559750356,221.9458255603245,7454496653312.0,3297723285504.0,PASS,PASS,1790.2308754000114,0.03674112000000007
Qwen2.5-32B,LC20K,32,20000,128,32,2.0,0.5191524941824,1.8391298794421043,2.358282373624504,238.6993289020076,984.1989731474887,1222.8983020494964,434.21432965475987,0.8373549936931337,89.46095438590868,False,EXTERNAL_BOUNDARY,EXISTING_PER_STAGE_BOTTLENECK_TIME,NEW_PHYSICAL_EXECUTION,0.205880974521722,0.43277110729252094,0.4671935160000019,0.2188135879625526,0.9700271628062931,0.1374128273066667,1.3099562067597315,1.063239942742803,0.1912577479625526,241.54622239673853,7454496653312.0,3297723285504.0,PASS,PASS,1761.8866368000017,0.027555839999999998
Qwen2.5-32B,LC20K,32,20000,128,32,2.5,0.5191524941824,1.693575040875419,2.212727535057819,238.6993289020076,968.7992712271334,1207.498600129141,462.7772664171428,0.8480341094312523,94.16493518404457,False,EXTERNAL_BOUNDARY,EXISTING_PER_STAGE_BOTTLENECK_TIME,NEW_PHYSICAL_EXECUTION,0.205880974521722,0.3462665649554628,0.3737548127999997,0.17510407515506246,0.9700271628062931,0.1374128273066667,1.3961260858720088,1.0767998575835354,0.15305940315506208,255.94603507985968,7454496653312.0,3297723285504.0,PASS,PASS,1790.8145493000047,0.022044672000000376
Qwen2.5-32B,LC20K,32,20000,128,32,3.0,0.5191524941824,1.602559390944837,2.1217118851272367,238.6993289020076,959.1698154644778,1197.8691443664854,482.62914827316047,0.8548513039306649,97.54818489312515,False,EXTERNAL_BOUNDARY,EXISTING_PER_STAGE_BOTTLENECK_TIME,NEW_PHYSICAL_EXECUTION,0.205880974521722,0.2885968742408794,0.31146234399999895,0.14596439995006935,0.9700271628062931,0.1374128273066667,1.4560160850662494,1.0854560590080393,0.1275938399500687,266.27946592096094,7454496653312.0,3297723285504.0,PASS,PASS,1640.5133092000033,0.018370560000000646
Qwen2.5-32B,LC64K,1,64000,128,32,1.0,0.02676919407177143,0.16172373748694716,0.18849293155871857,12.782697940512698,56.35271477975373,69.13541272026643,169.76763921798036,0.46285975220076303,64.79667600368373,True,ARRAY,LARGEST_SERVICE_SUM; NOMINAL_STAGE_CLASSIFICATION_NOT_STORED,FROZEN_V3_NOMINAL,0.09782542392703202,0.08481804485835026,0.05090985600000024,0.017370111999999986,0.03478891610308632,0.007297884186666633,1.0,1.0,,,,,,,,
Qwen2.5-32B,LC64K,1,64000,128,32,1.25,0.02676919407177143,0.15567689533756415,0.18244608940933557,12.782697940512698,55.71295888034902,68.49565682086171,175.39427731007643,0.46718290597154716,65.96962867948247,True,ARRAY,EXISTING_PER_STAGE_BOTTLENECK_TIME,NEW_PHYSICAL_EXECUTION,0.09782542392703202,0.06790895708335028,0.040727884799999975,0.013948667182661289,0.03478891610308632,0.007297884186666633,1.0331431721499733,1.0093400943811355,0.009754363182661298,144.50861603239517,2585071517696.0,117471772672.0,PASS,PASS,75.89225879999867,0.004194303999999991
Qwen2.5-32B,LC64K,1,64000,128,32,1.5,0.02676919407177143,0.15213873953836438,0.1789079336101358,12.782697940512698,55.338621996793684,68.12131993730638,178.8629456183439,0.469750146201664,66.6992083935134,True,ARRAY,EXISTING_PER_STAGE_BOTTLENECK_TIME,NEW_PHYSICAL_EXECUTION,0.09782542392703202,0.05663630622053804,0.033939903999999944,0.011667703971102115,0.03478891610308632,0.007297884186666633,1.0535750302134157,1.014886569783048,0.00817245063776875,146.1483724117732,2585071517696.0,117471772672.0,PASS,PASS,77.52416160001303,0.0034952533333333646
Qwen2.5-32B,LC64K,1,64000,128,32,2.0,0.02676919407177143,0.14860572948759046,0.17537492355936188,12.782697940512698,54.9648295334218,67.7475274739345,182.4662235086789,0.47234196129610534,67.46056790914139,True,ARRAY,EXISTING_PER_STAGE_BOTTLENECK_TIME,NEW_PHYSICAL_EXECUTION,0.09782542392703202,0.04254564479660843,0.02545492800000012,0.008816499956653118,0.03478891610308632,0.007297884186666633,1.0747997931124769,1.0204861387283235,0.006195059956653121,147.863655703721,2585071517696.0,117471772672.0,PASS,PASS,78.59616659999301,0.0026214399999999975
Qwen2.5-32B,LC64K,1,64000,128,32,2.5,0.02676919407177143,0.14689500707892128,0.1736642011506927,12.782697940512698,54.7838351025846,67.5665330430973,184.26365242789913,0.47360725138270465,67.84311338341382,True,ARRAY,EXISTING_PER_STAGE_BOTTLENECK_TIME,NEW_PHYSICAL_EXECUTION,0.09782542392703202,0.03409127693062525,0.020363942399999987,0.007105777547983728,0.03478891610308632,0.007297884186666633,1.0853873758078594,1.0232197747391956,0.005008625547983741,148.7238633684423,2585071517696.0,117471772672.0,PASS,PASS,80.12340250000125,0.0020971519999999867
Qwen2.5-32B,LC64K,1,64000,128,32,3.0,0.02676919407177143,0.14575452547314113,0.17252371954491255,12.782697940512698,54.66317214869306,67.44587008920575,185.48174178258162,0.4744545508520525,68.10313491292123,True,ARRAY,EXISTING_PER_STAGE_BOTTLENECK_TIME,NEW_PHYSICAL_EXECUTION,0.09782542392703202,0.02845505623914378,0.016969951999999972,0.005965295942204155,0.03478891610308632,0.007297884186666633,1.0925624143505022,1.0250503496926653,0.004217669275537486,149.3085532187773,2585071517696.0,117471772672.0,PASS,PASS,79.73150689998874,0.0017476266666666684
Qwen2.5-32B,LC64K,8,64000,128,32,1.0,0.21415355257417143,0.7889530828950005,1.003106635469172,99.059772346234,322.80858946713766,421.8683618133717,255.2071643711777,0.6068243631724405,73.17742591582544,True,MAC,LARGEST_SERVICE_SUM; NOMINAL_STAGE_CLASSIFICATION_NOT_STORED,FROZEN_V3_NOMINAL,0.18882729628431616,0.28787156495159444,0.3006395600000016,0.13452678400000007,0.2765853240003643,0.05838307349333306,1.0,1.0,,,,,,,,
Qwen2.5-32B,LC64K,8,64000,128,32,1.25,0.21415355257417143,0.7003904766282292,0.9145440292024006,99.059772346234,313.4386657241132,412.4984380703472,279.920913401255,0.6206084105374041,78.05433579252326,True,EXTERNAL_BOUNDARY,EXISTING_PER_STAGE_BOTTLENECK_TIME,NEW_PHYSICAL_EXECUTION,0.18882729628431616,0.23035056660876121,0.24051164799999938,0.10767236063517872,0.2765853240003643,0.05838307349333306,1.0968379907788686,1.0227150526602153,0.07483882463517873,199.3764898839205,6351655272448.0,939774181376.0,PASS,PASS,541.1051734000066,0.032833535999999997
Qwen2.5-32B,LC64K,8,64000,128,32,1.5,0.21415355257417143,0.6518820761535774,0.8660356287277489,99.059772346234,308.30647695389507,407.3662493001291,295.5998477523116,0.6284271228650333,81.28724050540694,True,EXTERNAL_BOUNDARY,EXISTING_PER_STAGE_BOTTLENECK_TIME,NEW_PHYSICAL_EXECUTION,0.18882729628431616,0.19200324609384933,0.20042637333333288,0.08976941172529783,0.2765853240003643,0.05838307349333306,1.1582740965782061,1.0355996907896956,0.06240813172529734,208.70611130453239,6351655272448.0,939774181376.0,PASS,PASS,507.8283209999936,0.027361280000000487
Qwen2.5-32B,LC64K,8,64000,128,32,2.0,0.21415355257417143,0.6007036311785391,0.8148571837527105,99.059772346234,302.891797475536,401.95156982177,314.165482129062,0.6368926488171531,85.26350953321668,False,EXTERNAL_BOUNDARY,EXISTING_PER_STAGE_BOTTLENECK_TIME,NEW_PHYSICAL_EXECUTION,0.18882729628431616,0.14406936458799108,0.1503197800000008,0.06739072558794629,0.2765853240003643,0.05838307349333306,1.2310214053087252,1.0495502281541853,0.04686976558794627,220.18273462987293,6351655272448.0,939774181376.0,PASS,PASS,484.1021444999933,0.02052096000000002
Qwen2.5-32B,LC64K,8,64000,128,32,2.5,0.21415355257417143,0.5803543920291231,0.7945079446032945,99.059772346234,300.7388479735278,399.7986203197618,322.2120077450242,0.6403223697851917,87.03962398193738,False,EXTERNAL_BOUNDARY,EXISTING_PER_STAGE_BOTTLENECK_TIME,NEW_PHYSICAL_EXECUTION,0.18882729628431616,0.11530909629424119,0.12025582399999969,0.0539635139055356,0.2765853240003643,0.05838307349333306,1.2625507929565547,1.0552021452099019,0.03754674590553541,225.30840864450093,6351655272448.0,939774181376.0,PASS,PASS,462.03041399999347,0.016416768000000193
Qwen2.5-32B,LC64K,8,64000,128,32,3.0,0.21415355257417143,0.5693232418408478,0.7834767944150193,99.059772346234,299.5717522836083,398.6315246298423,326.7486692967616,0.6421970772073639,88.05551006155684,False,EXTERNAL_BOUNDARY,EXISTING_PER_STAGE_BOTTLENECK_TIME,NEW_PHYSICAL_EXECUTION,0.18882729628431616,0.09613558409840761,0.10021318666666644,0.04501203945059463,0.2765853240003643,0.05838307349333306,1.2803271808683736,1.0582915192297109,0.03133139945059471,228.24014523601883,6351655272448.0,939774181376.0,PASS,PASS,466.62118719999853,0.013680639999999918
Qwen2.5-32B,LC64K,32,64000,128,32,1.0,0.8566142102966857,3.0828358586999336,3.9394500689966194,394.8666371436861,1298.9917625149608,1693.858399658647,259.9347579142724,0.6045369555131412,74.66896188054864,True,MAC,LARGEST_SERVICE_SUM; NOMINAL_STAGE_CLASSIFICATION_NOT_STORED,FROZEN_V3_NOMINAL,0.37488959843565,1.0682727588695051,1.115773960000006,0.5394844479999997,1.1057233567834335,0.23353229397333225,1.0,1.0,,,,,,,,
Qwen2.5-32B,LC64K,32,64000,128,32,1.25,0.8566142102966857,2.7342673351454803,3.590881545442166,394.8666371436861,1262.1132127228998,1656.979849866586,285.1667444446177,0.6179918241506973,79.77588784576687,True,EXTERNAL_BOUNDARY,EXISTING_PER_STAGE_BOTTLENECK_TIME,NEW_PHYSICAL_EXECUTION,0.37488959843565,0.8546702978217837,0.8926191679999973,0.4316460721733581,1.1057233567834335,0.23353229397333225,1.0970704600370025,1.0222564865801056,0.31164965617335844,202.46220028167255,19265656717312.0,3759096725504.0,PASS,PASS,1497.5280210000055,0.11999641599999966
Qwen2.5-32B,LC64K,32,64000,128,32,1.5,0.8566142102966857,2.503936112556781,3.360550322853467,394.8666371436861,1237.7441693730154,1632.6108065167016,304.7119970310441,0.62721623298867,83.93002371044793,True,EXTERNAL_BOUNDARY,EXISTING_PER_STAGE_BOTTLENECK_TIME,NEW_PHYSICAL_EXECUTION,0.37488959843565,0.7122686822308459,0.7438493066666655,0.35975382162226605,1.1057233567834335,0.23353229397333225,1.1722633766875434,1.0375151217286265,0.25975680828893205,214.2791374227319,19265656717312.0,3759096725504.0,PASS,PASS,1493.6232043999917,0.099997013333334
Qwen2.5-32B,LC64K,32,64000,128,32,2.0,0.8566142102966857,2.243834255309865,3.1004484656065507,394.8666371436861,1210.2253928762916,1605.0920300199778,330.27480100356115,0.6379696496201871,89.64721670618991,False,EXTERNAL_BOUNDARY,EXISTING_PER_STAGE_BOTTLENECK_TIME,NEW_PHYSICAL_EXECUTION,0.37488959843565,0.5342667748042028,0.557886980000003,0.26988850843339723,1.1057233567834335,0.23353229397333225,1.2706065308606678,1.05530297825824,0.19489074843339696,230.54008187097023,19265656717312.0,3759096725504.0,PASS,PASS,1604.8177073000115,0.07499776000000027
Qwen2.5-32B,LC64K,32,64000,128,32,2.5,0.8566142102966857,2.098587465599965,2.955201675896651,394.8666371436861,1194.8582825249844,1589.7249196686705,346.5076540636786,0.6441365970493949,93.38789383879055,False,EXTERNAL_BOUNDARY,EXISTING_PER_STAGE_BOTTLENECK_TIME,NEW_PHYSICAL_EXECUTION,0.37488959843565,0.4274656760086623,0.44630958399999865,0.21596932052007653,1.1057233567834335,0.23353229397333225,1.3330562516689606,1.0655040873434127,0.15597111252007567,241.37448583334356,19265656717312.0,3759096725504.0,PASS,PASS,1622.0192449000024,0.05999820800000086
Qwen2.5-32B,LC64K,32,64000,128,32,3.0,0.8566142102966857,2.0131633153808224,2.869777525677508,394.8666371436861,1185.820407431799,1580.687044575485,356.8220849308694,0.6478195690374682,95.88274603342916,False,EXTERNAL_BOUNDARY,EXISTING_PER_STAGE_BOTTLENECK_TIME,NEW_PHYSICAL_EXECUTION,0.37488959843565,0.3562649772326864,0.37192465333333274,0.18002319524452845,1.1057233567834335,0.23353229397333225,1.3727370967777648,1.071596307106797,0.13002468857786142,248.4766534078479,19265656717312.0,3759096725504.0,PASS,PASS,1568.7827158,0.049998506666667025
Qwen2.5-32B,LC126K,1,126000,128,32,1.0,0.041629013957485715,0.182356017825123,0.22398503178260873,19.659381740300063,66.07627061713238,85.73565235743244,142.86668955208566,0.37324029292495275,66.48143399769748,True,ARRAY,LARGEST_SERVICE_SUM; NOMINAL_STAGE_CLASSIFICATION_NOT_STORED,FROZEN_V3_NOMINAL,0.1041372534740407,0.09245797158953949,0.0620270960000001,0.018612575999999954,0.04076430107669443,0.011530417519999982,1.0,1.0,,,,,,,,
Qwen2.5-32B,LC126K,1,126000,128,32,1.25,0.041629013957485715,0.17418290645672288,0.2158119204142086,19.659381740300063,65.21155543435567,84.87093717465574,148.2772589140687,0.37704308524539165,67.97506602396413,True,ARRAY,EXISTING_PER_STAGE_BOTTLENECK_TIME,NEW_PHYSICAL_EXECUTION,0.1041372534740407,0.07401934000203958,0.04962167679999981,0.01494288063159965,0.04076430107669443,0.011530417519999982,1.0378714547033057,1.0101885900116456,0.009700000631599653,147.91600410612367,3105165213696.0,137787932672.0,PASS,PASS,40.52097599999979,0.005242879999999997
Qwen2.5-32B,LC126K,1,126000,128,32,1.5,0.041629013957485715,0.1688054124687879,0.21043442642627364,19.659381740300063,64.64261657043214,84.3019983107322,152.06637309039024,0.37958768049661035,69.02810806677434,True,ARRAY,EXISTING_PER_STAGE_BOTTLENECK_TIME,NEW_PHYSICAL_EXECUTION,0.1041372534740407,0.061726918943706285,0.04135139733333339,0.012496417052666034,0.04076430107669443,0.011530417519999982,1.064393481553659,1.0170061691944225,0.00812735038599937,150.27068492991745,3105165213696.0,137787932672.0,PASS,PASS,39.95875170000363,0.004369066666666664
Qwen2.5-32B,LC126K,1,126000,128,32,2.0,0.041629013957485715,0.16574733299512096,0.20737634695260668,19.659381740300063,64.31907176211817,83.97845350241823,154.30882292141644,0.3810501225660048,69.66310355525673,True,ARRAY,EXISTING_PER_STAGE_BOTTLENECK_TIME,NEW_PHYSICAL_EXECUTION,0.1041372534740407,0.04636141011614241,0.03101354800000005,0.009438337578999033,0.04076430107669443,0.011530417519999982,1.0800895814497,1.0209244012211254,0.00616153757899904,151.67789801631784,3105165213696.0,137787932672.0,PASS,PASS,39.48822079999081,0.003276799999999993
Qwen2.5-32B,LC126K,1,126000,128,32,2.5,0.041629013957485715,0.1639124853109211,0.2055414992684068,19.659381740300063,64.12494487712983,83.7843266174299,155.6863218080001,0.38193300933378804,70.05547842540312,True,ARRAY,EXISTING_PER_STAGE_BOTTLENECK_TIME,NEW_PHYSICAL_EXECUTION,0.1041372534740407,0.03714211385676731,0.024810838399999906,0.007603489894798858,0.04076430107669443,0.011530417519999982,1.0897314293213234,1.0232898660021765,0.004982049894798852,152.54742977296468,3105165213696.0,137787932672.0,PASS,PASS,41.070458899994264,0.002621440000000006
Qwen2.5-32B,LC126K,1,126000,128,32,3.0,0.041629013957485715,0.16268925352145366,0.20431826747893939,19.659381740300063,63.99552695380419,83.65490869410425,156.61839929852812,0.3825238769551758,70.32198057007457,True,ARRAY,EXISTING_PER_STAGE_BOTTLENECK_TIME,NEW_PHYSICAL_EXECUTION,0.1041372534740407,0.030995916350517384,0.020675698666666693,0.006380258105332055,0.04076430107669443,0.011530417519999982,1.0962555357694415,1.0248729416576943,0.004195724771998715,153.13801403713418,3105165213696.0,137787932672.0,PASS,PASS,37.72145539999474,0.0021845333333333408
Qwen2.5-32B,LC126K,8,126000,128,32,1.0,0.3330321116598857,0.9498311492566166,1.2828632609165023,154.07324654959243,400.1427672453535,554.216013794946,199.55361401269585,0.46191375497626325,74.47664352976756,True,MAC,LARGEST_SERVICE_SUM; NOMINAL_STAGE_CLASSIFICATION_NOT_STORED,FROZEN_V3_NOMINAL,0.24223581909884723,0.34935969333546246,0.3620693280000019,0.15428076799999985,0.3244719792656815,0.09224334015999985,1.0,1.0,,,,,,,,
Qwen2.5-32B,LC126K,8,126000,128,32,1.25,0.3330321116598857,0.8452199755854098,1.1782520872452955,154.07324654959243,389.07490507093985,543.1481516205323,217.27099215119352,0.4713262840648551,79.41097175876888,True,EXTERNAL_BOUNDARY,EXISTING_PER_STAGE_BOTTLENECK_TIME,NEW_PHYSICAL_EXECUTION,0.24223581909884723,0.2795384602854623,0.2896554623999989,0.12347751517806625,0.3244719792656815,0.09224334015999985,1.0887850527095464,1.0203772435594076,0.07871642717806628,195.8608627412466,10512404840448.0,1102303461376.0,PASS,PASS,293.7207204000006,0.04476108799999998
Qwen2.5-32B,LC126K,8,126000,128,32,1.5,0.3330321116598857,0.790083965618693,1.1231160772785787,154.07324654959243,383.2415152164612,537.3147617660536,227.93725882752327,0.47644326606359305,82.53679099092835,True,EXTERNAL_BOUNDARY,EXISTING_PER_STAGE_BOTTLENECK_TIME,NEW_PHYSICAL_EXECUTION,0.24223581909884723,0.2329909715854628,0.24137955199999936,0.10294201329677713,0.3244719792656815,0.09224334015999985,1.1422356841556456,1.0314550301453491,0.06564110663010993,204.36492311335235,10512404840448.0,1102303461376.0,PASS,PASS,289.3234061999974,0.0373009066666672
Qwen2.5-32B,LC126K,8,126000,128,32,2.0,0.3330321116598857,0.7438675028065767,1.0768996144664624,154.07324654959243,378.35181345093923,532.4250600005316,237.71946480529874,0.4808188404951194,85.51452078242562,False,EXTERNAL_BOUNDARY,EXISTING_PER_STAGE_BOTTLENECK_TIME,NEW_PHYSICAL_EXECUTION,0.24223581909884723,0.1748066178804734,0.18103466400000096,0.07727263594516522,0.3244719792656815,0.09224334015999985,1.1912561242322313,1.0409277388152853,0.0492969559451652,212.46449138100837,10512404840448.0,1102303461376.0,PASS,PASS,275.13337239999964,0.027975680000000017
Qwen2.5-32B,LC126K,8,126000,128,32,2.5,0.3330321116598857,0.7227439901273772,1.0557761017872629,154.07324654959243,376.11694580947994,530.1901923590724,242.4756532816307,0.48284559708834346,87.00231425288598,False,EXTERNAL_BOUNDARY,EXISTING_PER_STAGE_BOTTLENECK_TIME,NEW_PHYSICAL_EXECUTION,0.24223581909884723,0.13989604291797358,0.14482773119999945,0.061871009534198274,0.3244719792656815,0.09224334015999985,1.2150902627411404,1.0453154769403996,0.0394904655341981,216.51136894659024,10512404840448.0,1102303461376.0,PASS,PASS,270.238425500007,0.022380544000000176
Qwen2.5-32B,LC126K,8,126000,128,32,3.0,0.3330321116598857,0.7108465773200664,1.043878688979952,154.07324654959243,374.85819953446645,528.9314460840588,245.2392243491011,0.48399466867643176,87.87921055065436,False,EXTERNAL_BOUNDARY,EXISTING_PER_STAGE_BOTTLENECK_TIME,NEW_PHYSICAL_EXECUTION,0.24223581909884723,0.11662232627630656,0.12068977599999968,0.051603258593553074,0.3244719792656815,0.09224334015999985,1.228939027551256,1.0478031092650688,0.032952805260219833,218.89657644450742,10512404840448.0,1102303461376.0,PASS,PASS,264.4250508000114,0.01865045333333324
Qwen2.5-32B,LC126K,32,126000,128,32,1.0,1.3321284466395429,3.6856499449131346,5.017778391552677,614.9207730132039,1607.2380199250388,2222.1587929382426,204.07437716338413,0.46081315307175647,76.28621771088638,True,LOCAL_FABRIC,LARGEST_SERVICE_SUM; NOMINAL_STAGE_CLASSIFICATION_NOT_STORED,FROZEN_V3_NOMINAL,0.6009163852506387,1.3420396058563382,1.3188282800000057,0.6088847679999992,1.2970234818658226,0.3689733606399994,1.0,1.0,,,,,,,,
Qwen2.5-32B,LC126K,32,126000,128,32,1.25,1.3321284466395429,3.281843380576104,4.6139718272156465,614.9207730132039,1564.515285418181,2179.436058431385,221.93460175892412,0.469846314618199,81.41369461109582,True,EXTERNAL_BOUNDARY,EXISTING_PER_STAGE_BOTTLENECK_TIME,NEW_PHYSICAL_EXECUTION,0.6009163852506387,1.0736847946688364,1.0550626239999985,0.4871602162944021,1.2970234818658226,0.3689733606399994,1.0875182119568148,1.019602655623495,0.3062153202944014,199.53827040081683,35908654989312.0,4409213845504.0,PASS,PASS,1408.7232872000022,0.1809448960000007
Qwen2.5-32B,LC126K,32,126000,128,32,1.5,1.3321284466395429,3.042516990892443,4.374645437531986,614.9207730132039,1539.1945533896499,2154.1153264028535,234.0761130524222,0.4753691631310996,85.09534488022337,False,EXTERNAL_BOUNDARY,EXISTING_PER_STAGE_BOTTLENECK_TIME,NEW_PHYSICAL_EXECUTION,0.6009163852506387,0.8947815877321028,0.8792188533333336,0.40601051515733616,1.2970234818658226,0.3689733606399994,1.1470137324737164,1.0315876618588544,0.2552231018240035,209.41319340440072,35908654989312.0,4409213845504.0,PASS,PASS,1414.4050808999891,0.15078741333333268
Qwen2.5-32B,LC126K,32,126000,128,32,2.0,1.3321284466395429,2.8130912514929114,4.145219698132454,614.9207730132039,1514.9213101611795,2129.8420831743833,247.031538632643,0.48078681893344805,89.21277023583053,False,EXTERNAL_BOUNDARY,EXISTING_PER_STAGE_BOTTLENECK_TIME,NEW_PHYSICAL_EXECUTION,0.6009163852506387,0.671152654126527,0.6594141400000029,0.3045733887360049,1.2970234818658226,0.3689733606399994,1.210497574787975,1.043344391818133,0.19148282873600464,220.4570129053746,35908654989312.0,4409213845504.0,PASS,PASS,1389.1022174999962,0.11309056000000028
Qwen2.5-32B,LC126K,32,126000,128,32,2.5,1.3321284466395429,2.6789437020401166,4.011072148679659,614.9207730132039,1500.7284994290737,2115.649272442278,255.29333854966288,0.4840121722150609,91.94698921244793,False,EXTERNAL_BOUNDARY,EXISTING_PER_STAGE_BOTTLENECK_TIME,NEW_PHYSICAL_EXECUTION,0.6009163852506387,0.5369753453734014,0.5275313119999993,0.2437111128832053,1.2970234818658226,0.3689733606399994,1.2509818336736724,1.0503436566180044,0.1532386648832045,227.7908174069289,35908654989312.0,4409213845504.0,PASS,PASS,1377.6819483,0.09047244800000079
Qwen2.5-32B,LC126K,32,126000,128,32,3.0,1.3321284466395429,2.5895120024049207,3.921640449044464,614.9207730132039,1491.26662560767,2106.187398620874,261.1152178036885,0.48618655712711634,93.92717567739493,False,EXTERNAL_BOUNDARY,EXISTING_PER_STAGE_BOTTLENECK_TIME,NEW_PHYSICAL_EXECUTION,0.6009163852506387,0.4475238062046511,0.4396094266666668,0.20313626231467224,1.2970234818658226,0.3689733606399994,1.2795100562508974,1.0550622391878837,0.12774255564800494,233.10215567306335,35908654989312.0,4409213845504.0,PASS,PASS,1268.3762411000062,0.07539370666666731
