parameter,value,unit,provenance_status,source,source_location,transformation,scope_notes
host_memory_bandwidth,460.8,GB/s,MATCHED_REFERENCE,https://www.amd.com/en/products/processors/server/epyc/4th-generation-9004-and-8004-series/amd-epyc-9654.html,EPYC 9654 per-socket memory bandwidth,vendor value,DDR5 capability anchor
host_device_link_bandwidth,64.0,GB/s,VENDOR_SPEC,https://www.nvidia.com/content/dam/en-zz/Solutions/gtcs22/data-center/h100/PB-11133-001_v01.pdf,H100 PCIe interconnect specification,128 GB/s bidirectional / 2,one-direction PCIe Gen5 x16 capability
host_offload_efficiency,0.878125,ratio,MATCHED_REFERENCE,https://mitaccomputing.com/cn/industryinsight/Redefining_Server_Performance_Introducing_TYAN_Transport_HX_FT65TB8050_equipped_with_NVIDIA_H100_GPU,Host to Device Bandwidth,56.2 / min(460.8; 64.0),H100 server measured pinned H2D anchor
host_effective_bandwidth,56.2,GB/s,SOFTWARE_DERIVED,https://mitaccomputing.com/cn/industryinsight/Redefining_Server_Performance_Introducing_TYAN_Transport_HX_FT65TB8050_equipped_with_NVIDIA_H100_GPU,Host to Device Bandwidth,0.878125 * min(460.8; 64.0),frozen serving transport ceiling
e_pcie_dynamic,167.9,pJ/bit,PAPER_REPORTED,https://escholarship.org/uc/item/67z0d2wn,Table III PCIe Dynamic row,paper-reported mean,A100 / Perlmutter / PCIe host-GPU path; isolated dynamic cross-platform reference; not H200 Gen5 direct measurement
e_pcie_dynamic_uncertainty,10.5,pJ/bit,PAPER_REPORTED,https://escholarship.org/uc/item/67z0d2wn,Table III PCIe Dynamic row,paper-reported standard error,A100 / Perlmutter cross-platform reference
e_ddr_dynamic,24.709302325581394,pJ/bit,SOFTWARE_DERIVED_FROM_PAPER_REPRESENTATIVE_RUN,https://escholarship.org/uc/item/67z0d2wn,Table II representative H2D row,4.93 W / (24.94e9 byte/s * 8 bit/byte),A100 + DDR4 Perlmutter; NOT_MULTI_RUN_TABLE_III_RESULT; NOT_H200_DDR5_DIRECT_MEASUREMENT
e_host_offload_dynamic,192.6093023255814,pJ/bit,SOFTWARE_DERIVED,https://escholarship.org/uc/item/67z0d2wn,Table II + Table III,e_pcie_dynamic + e_ddr_dynamic,components remain independently configured
host_static_power,UNRESOLVED,W,NOT_VALIDATED,https://escholarship.org/uc/item/67z0d2wn,Section VI-D Limitations,no numeric value,incremental dynamic model only; no PCIe idle/static assumption
