model,context_label,H,P,G,B,path,E2E_time_s,total_average_power_W,GPU_power_W,memory_power_W,NMP_power_W,mapped_package_power_W,excluded_external_power_W,thermal_operator_reused,thermal_convention,physical_signature,Tmax_C,hotspot_component,hotspot_x,hotspot_y,hotspot_z,hotspot_die,thermal_solve_s,iterations,relative_residual,max_temperature_update_K,thermal_status,power_columns,thermal_boundary,hotspot_coordinate_units
Llama-3.1-8B,LC20K,20000,512,256,1,HBM_GPU,1.3933006473707747,435.2577858865673,383.0478256104282,52.209960276139086,0.0,435.25778588656624,0.0,False,USER_SPECIFIED_DIE_RESOLVED_BEOL_UNIFORM__E2E_EQUIVALENT_STEADY_STATE,d5c3af03d38021a6c43869ae442195160499a566aa85d7001aedea0df3252a51,85.082332442086,gpu/FEOL,0.012258,0.0002479166666666671,0.00037179,,1.5521804000018165,910,0.00010250298853571101,0.008476926338904163,THERMAL_CLOSURE_REQUIRED,"memory_power_W includes all memory-die components; NMP_power_W is a subset, not additive",GPU + local HBM; external Grace and off-package link energy excluded; no separate GPU-side C2C mapper,m
Llama-3.1-8B,LC20K,20000,512,256,1,M3D_GPU,1.3534493163650987,416.22346877834866,392.1475141218991,24.075954656449642,0.0,416.22346877833075,0.0,True,USER_SPECIFIED_DIE_RESOLVED_BEOL_UNIFORM__E2E_EQUIVALENT_STEADY_STATE,2fcecd86ccbe1599b61790bab556d55d334ecb78086df9888d84bc638a674dcd,85.11332895888512,gpu/FEOL,0.01595,-0.002250000000000001,0.00037179,,8.429224199964665,2290,0.0005738629046129099,0.008161029413913634,THERMAL_CLOSURE_REQUIRED,"memory_power_W includes all memory-die components; NMP_power_W is a subset, not additive",GPU + 318 memory slabs,m
Llama-3.1-8B,LC20K,20000,512,256,1,M3D_NMP_UNIFORM,0.4357829418086534,335.12224039380794,151.8710563396425,183.2511840541653,129.46190643710517,335.1222403938003,0.0,True,USER_SPECIFIED_DIE_RESOLVED_BEOL_UNIFORM__E2E_EQUIVALENT_STEADY_STATE,2fcecd86ccbe1599b61790bab556d55d334ecb78086df9888d84bc638a674dcd,63.58235557256711,gpu/FEOL,0.010595348000000001,0.0012500000000000011,0.00037179,,7.371589399990626,2160,0.0005523712411978158,0.00889732667440866,THERMAL_FEASIBLE,"memory_power_W includes all memory-die components; NMP_power_W is a subset, not additive",GPU + 318 memory slabs,m
Llama-3.1-8B,LC20K,20000,512,256,1,M3D_NMP_CPA,0.3878389052135979,320.022592475653,161.49735407474805,158.52523840090487,102.01767759637326,320.0225924756451,0.0,True,USER_SPECIFIED_DIE_RESOLVED_BEOL_UNIFORM__E2E_EQUIVALENT_STEADY_STATE,2fcecd86ccbe1599b61790bab556d55d334ecb78086df9888d84bc638a674dcd,62.47120507064972,gpu/FEOL,0.01595,0.002250000000000001,0.00037179,,7.219833399984054,2110,0.0006513930914723759,0.009605257903724547,THERMAL_FEASIBLE,"memory_power_W includes all memory-die components; NMP_power_W is a subset, not additive",GPU + 318 memory slabs,m
Llama-3.1-8B,LC20K,20000,512,256,8,HBM_GPU,2.9894331782590426,436.0894732674943,385.6125937382927,50.47687952920167,0.0,436.0894732674932,0.0,True,USER_SPECIFIED_DIE_RESOLVED_BEOL_UNIFORM__E2E_EQUIVALENT_STEADY_STATE,d5c3af03d38021a6c43869ae442195160499a566aa85d7001aedea0df3252a51,85.22913873361688,gpu/FEOL,-0.012258,-0.0002479166666666671,0.00037179,,0.9559906999929808,910,0.00010290831348443642,0.00877152692069732,THERMAL_CLOSURE_REQUIRED,"memory_power_W includes all memory-die components; NMP_power_W is a subset, not additive",GPU + local HBM; external Grace and off-package link energy excluded; no separate GPU-side C2C mapper,m
Llama-3.1-8B,LC20K,20000,512,256,8,M3D_GPU,2.9069790500010697,417.7066331373284,394.4512349286677,23.25539820866072,0.0,417.70663313731046,0.0,True,USER_SPECIFIED_DIE_RESOLVED_BEOL_UNIFORM__E2E_EQUIVALENT_STEADY_STATE,2fcecd86ccbe1599b61790bab556d55d334ecb78086df9888d84bc638a674dcd,85.39535643969907,gpu/FEOL,0.01595,0.002250000000000001,0.00037179,,7.775652700045612,2290,0.0005776824847181696,0.008176500663063191,THERMAL_CLOSURE_REQUIRED,"memory_power_W includes all memory-die components; NMP_power_W is a subset, not additive",GPU + 318 memory slabs,m
Llama-3.1-8B,LC20K,20000,512,256,8,M3D_NMP_UNIFORM,2.3921088497726863,383.28132996524823,187.48941087412982,195.79191909111853,152.65421803420784,383.28132996523914,0.0,True,USER_SPECIFIED_DIE_RESOLVED_BEOL_UNIFORM__E2E_EQUIVALENT_STEADY_STATE,2fcecd86ccbe1599b61790bab556d55d334ecb78086df9888d84bc638a674dcd,70.44285629085607,gpu/FEOL,0.01595,0.0002500000000000002,0.00037179,,7.524435099971015,2210,0.0005368199832237658,0.00859717618611965,THERMAL_FEASIBLE,"memory_power_W includes all memory-die components; NMP_power_W is a subset, not additive",GPU + 318 memory slabs,m
Llama-3.1-8B,LC20K,20000,512,256,8,M3D_NMP_CPA,1.9694014376673294,387.1280164422277,211.8484949361313,175.27952150609653,129.70831287569402,387.1280164422175,0.0,True,USER_SPECIFIED_DIE_RESOLVED_BEOL_UNIFORM__E2E_EQUIVALENT_STEADY_STATE,2fcecd86ccbe1599b61790bab556d55d334ecb78086df9888d84bc638a674dcd,72.18860128908364,gpu/FEOL,0.01595,-0.00375,0.00037179,,7.499274500005413,2190,0.0005958522331570369,0.008419532235526215,THERMAL_FEASIBLE,"memory_power_W includes all memory-die components; NMP_power_W is a subset, not additive",GPU + 318 memory slabs,m
Llama-3.1-8B,LC64K,64000,512,512,1,HBM_GPU,3.6835940971442507,435.05795957351904,382.7970633846429,52.260896188876124,0.0,435.05795957351796,0.0,True,USER_SPECIFIED_DIE_RESOLVED_BEOL_UNIFORM__E2E_EQUIVALENT_STEADY_STATE,d5c3af03d38021a6c43869ae442195160499a566aa85d7001aedea0df3252a51,85.05153583557069,gpu/FEOL,-0.012258,-0.0002479166666666671,0.00037179,,0.9639146999688819,910,0.00010244719888684126,0.008461913344598075,THERMAL_CLOSURE_REQUIRED,"memory_power_W includes all memory-die components; NMP_power_W is a subset, not additive",GPU + local HBM; external Grace and off-package link energy excluded; no separate GPU-side C2C mapper,m
Llama-3.1-8B,LC64K,64000,512,512,1,M3D_GPU,3.577868110053605,416.0223269145764,391.92201526458945,24.100311649986953,0.0,416.02232691455845,0.0,True,USER_SPECIFIED_DIE_RESOLVED_BEOL_UNIFORM__E2E_EQUIVALENT_STEADY_STATE,2fcecd86ccbe1599b61790bab556d55d334ecb78086df9888d84bc638a674dcd,85.07971820046157,gpu/FEOL,0.01595,-0.002250000000000001,0.00037179,,8.196468799957074,2290,0.0005735261222161913,0.008157536192050584,THERMAL_CLOSURE_REQUIRED,"memory_power_W includes all memory-die components; NMP_power_W is a subset, not additive",GPU + 318 memory slabs,m
Llama-3.1-8B,LC64K,64000,512,512,1,M3D_NMP_UNIFORM,0.9548558599480267,352.50576568290035,153.69329718466403,198.81246849823626,140.80735515151312,352.50576568289256,0.0,True,USER_SPECIFIED_DIE_RESOLVED_BEOL_UNIFORM__E2E_EQUIVALENT_STEADY_STATE,2fcecd86ccbe1599b61790bab556d55d334ecb78086df9888d84bc638a674dcd,65.63313659674026,gpu/FEOL,0.010195348000000003,0.0002500000000000002,0.00037179,,7.178510099998675,2130,0.0006212622532086993,0.009886647934034425,THERMAL_FEASIBLE,"memory_power_W includes all memory-die components; NMP_power_W is a subset, not additive",GPU + 318 memory slabs,m
Llama-3.1-8B,LC64K,64000,512,512,1,M3D_NMP_CPA,0.8823996709145726,336.36440181155456,160.2371262406364,176.12727557091813,115.97039694351257,336.36440181154654,0.0,True,USER_SPECIFIED_DIE_RESOLVED_BEOL_UNIFORM__E2E_EQUIVALENT_STEADY_STATE,2fcecd86ccbe1599b61790bab556d55d334ecb78086df9888d84bc638a674dcd,64.0064571696858,gpu/FEOL,0.01595,0.0037500000000000016,0.00037179,,7.293501700041816,2160,0.0005600913831752659,0.008857521515990318,THERMAL_FEASIBLE,"memory_power_W includes all memory-die components; NMP_power_W is a subset, not additive",GPU + 318 memory slabs,m
Llama-3.1-8B,LC64K,64000,512,512,8,HBM_GPU,13.154808775739697,435.31564888079805,383.6517686984568,51.663880182341245,0.0,435.3156488807969,0.0,True,USER_SPECIFIED_DIE_RESOLVED_BEOL_UNIFORM__E2E_EQUIVALENT_STEADY_STATE,d5c3af03d38021a6c43869ae442195160499a566aa85d7001aedea0df3252a51,85.09775747286966,gpu/FEOL,-0.012258,0.0002479166666666671,0.00037179,,0.9764161999919452,910,0.00010258144099249807,0.008560777215407957,THERMAL_CLOSURE_REQUIRED,"memory_power_W includes all memory-die components; NMP_power_W is a subset, not additive",GPU + local HBM; external Grace and off-package link energy excluded; no separate GPU-side C2C mapper,m
Llama-3.1-8B,LC64K,64000,512,512,8,M3D_GPU,12.781713918589404,416.50783719709483,392.69042213294364,23.817415064151152,0.0,416.5078371970768,0.0,True,USER_SPECIFIED_DIE_RESOLVED_BEOL_UNIFORM__E2E_EQUIVALENT_STEADY_STATE,2fcecd86ccbe1599b61790bab556d55d334ecb78086df9888d84bc638a674dcd,85.17301231741419,gpu/FEOL,0.01595,-0.002250000000000001,0.00037179,,7.681516500015277,2290,0.000574780914403994,0.00816296767837781,THERMAL_CLOSURE_REQUIRED,"memory_power_W includes all memory-die components; NMP_power_W is a subset, not additive",GPU + 318 memory slabs,m
Llama-3.1-8B,LC64K,64000,512,512,8,M3D_NMP_UNIFORM,5.460202848145017,401.34945197972763,185.4912598402205,215.85819213950717,165.40938816366355,401.34945197971837,0.0,True,USER_SPECIFIED_DIE_RESOLVED_BEOL_UNIFORM__E2E_EQUIVALENT_STEADY_STATE,2fcecd86ccbe1599b61790bab556d55d334ecb78086df9888d84bc638a674dcd,72.2907931014048,gpu/FEOL,0.011095348000000001,-0.0007500000000000007,0.00037179,,7.442332900012843,2210,0.0005540106884350439,0.008464778268597347,THERMAL_FEASIBLE,"memory_power_W includes all memory-die components; NMP_power_W is a subset, not additive",GPU + 318 memory slabs,m
Llama-3.1-8B,LC64K,64000,512,512,8,M3D_NMP_CPA,4.831571997884912,398.2167415030645,199.99727268668323,198.21946881638132,145.34430458698304,398.2167415030548,0.0,True,USER_SPECIFIED_DIE_RESOLVED_BEOL_UNIFORM__E2E_EQUIVALENT_STEADY_STATE,2fcecd86ccbe1599b61790bab556d55d334ecb78086df9888d84bc638a674dcd,72.66141289752164,gpu/FEOL,0.01595,-0.00375,0.00037179,,7.351390000025276,2190,0.0005975285518063506,0.009946173737091666,THERMAL_FEASIBLE,"memory_power_W includes all memory-die components; NMP_power_W is a subset, not additive",GPU + 318 memory slabs,m
Llama-3.1-8B,LC126K,126000,512,512,1,HBM_GPU,4.969202041251068,435.10037127510515,382.9672795760527,52.13309169905244,0.0,435.100371275104,0.0,True,USER_SPECIFIED_DIE_RESOLVED_BEOL_UNIFORM__E2E_EQUIVALENT_STEADY_STATE,d5c3af03d38021a6c43869ae442195160499a566aa85d7001aedea0df3252a51,85.05950504931883,gpu/FEOL,0.012258,-0.0002479166666666671,0.00037179,,0.969267199980095,910,0.00010247289812768627,0.008482483481044798,THERMAL_CLOSURE_REQUIRED,"memory_power_W includes all memory-die components; NMP_power_W is a subset, not additive",GPU + local HBM; external Grace and off-package link energy excluded; no separate GPU-side C2C mapper,m
Llama-3.1-8B,LC126K,126000,512,512,1,M3D_GPU,4.826913188068232,416.1149577962443,392.07508785206835,24.03986994417594,0.0,416.11495779622646,0.0,True,USER_SPECIFIED_DIE_RESOLVED_BEOL_UNIFORM__E2E_EQUIVALENT_STEADY_STATE,2fcecd86ccbe1599b61790bab556d55d334ecb78086df9888d84bc638a674dcd,85.09818058325936,gpu/FEOL,0.01595,-0.002250000000000001,0.00037179,,7.695153600012418,2290,0.0005737646867873158,0.00815841258804837,THERMAL_CLOSURE_REQUIRED,"memory_power_W includes all memory-die components; NMP_power_W is a subset, not additive",GPU + 318 memory slabs,m
Llama-3.1-8B,LC126K,126000,512,512,1,M3D_NMP_UNIFORM,1.0976733219401917,375.142939990698,162.64418531915283,212.49875467154513,150.9393453328456,375.1429399906898,0.0,True,USER_SPECIFIED_DIE_RESOLVED_BEOL_UNIFORM__E2E_EQUIVALENT_STEADY_STATE,2fcecd86ccbe1599b61790bab556d55d334ecb78086df9888d84bc638a674dcd,68.54890574531566,gpu/FEOL,0.010595348000000001,0.0012500000000000011,0.00037179,,7.3991188000072725,2160,0.0006138685365595961,0.009973811070978115,THERMAL_FEASIBLE,"memory_power_W includes all memory-die components; NMP_power_W is a subset, not additive",GPU + 318 memory slabs,m
Llama-3.1-8B,LC126K,126000,512,512,1,M3D_NMP_CPA,1.0428418193933673,358.3175446586589,167.30500135347307,191.01254330518572,127.88841619376004,358.3175446586506,0.0,True,USER_SPECIFIED_DIE_RESOLVED_BEOL_UNIFORM__E2E_EQUIVALENT_STEADY_STATE,2fcecd86ccbe1599b61790bab556d55d334ecb78086df9888d84bc638a674dcd,66.76415306598005,gpu/FEOL,0.010595348000000001,-0.0012500000000000011,0.00037179,,7.292180799995549,2160,0.0005942472116804483,0.009482859604934753,THERMAL_FEASIBLE,"memory_power_W includes all memory-die components; NMP_power_W is a subset, not additive",GPU + 318 memory slabs,m
Llama-3.1-8B,LC126K,126000,512,512,8,HBM_GPU,22.92214812022675,445.40278195134596,390.5546325693005,51.6859428051937,0.0,442.2405753744931,3.1622065768517236,True,USER_SPECIFIED_DIE_RESOLVED_BEOL_UNIFORM__E2E_EQUIVALENT_STEADY_STATE,d5c3af03d38021a6c43869ae442195160499a566aa85d7001aedea0df3252a51,86.1431167971486,gpu/FEOL,-0.012258,0.0002479166666666671,0.00037179,,0.9682424000347964,910,0.00010429942774530272,0.008818529844949297,THERMAL_CLOSURE_REQUIRED,"memory_power_W includes all memory-die components; NMP_power_W is a subset, not additive",GPU + local HBM; external Grace and off-package link energy excluded; no separate GPU-side C2C mapper,m
Llama-3.1-8B,LC126K,126000,512,512,8,M3D_GPU,22.77407454270643,416.4513720761164,392.6128227643519,23.83854931176453,0.0,416.4513720760984,0.0,True,USER_SPECIFIED_DIE_RESOLVED_BEOL_UNIFORM__E2E_EQUIVALENT_STEADY_STATE,2fcecd86ccbe1599b61790bab556d55d334ecb78086df9888d84bc638a674dcd,85.16277933996531,gpu/FEOL,0.01595,0.002250000000000001,0.00037179,,7.667727300024126,2290,0.0005746576113067796,0.008162198776835787,THERMAL_CLOSURE_REQUIRED,"memory_power_W includes all memory-die components; NMP_power_W is a subset, not additive",GPU + 318 memory slabs,m
Llama-3.1-8B,LC126K,126000,512,512,8,M3D_NMP_UNIFORM,6.60659521317107,422.7112315487725,191.82451230064416,230.88671924812846,174.41473374928287,422.71123154876295,0.0,True,USER_SPECIFIED_DIE_RESOLVED_BEOL_UNIFORM__E2E_EQUIVALENT_STEADY_STATE,2fcecd86ccbe1599b61790bab556d55d334ecb78086df9888d84bc638a674dcd,74.92494244147406,gpu/FEOL,0.011095348000000001,0.0007500000000000007,0.00037179,,7.410571700020228,2210,0.0005797583176441623,0.008778898948989788,THERMAL_FEASIBLE,"memory_power_W includes all memory-die components; NMP_power_W is a subset, not additive",GPU + 318 memory slabs,m
Llama-3.1-8B,LC126K,126000,512,512,8,M3D_NMP_CPA,6.004584881213834,421.4599961809753,203.63741446890717,217.8225817120682,158.87701851209545,421.45999618096516,0.0,True,USER_SPECIFIED_DIE_RESOLVED_BEOL_UNIFORM__E2E_EQUIVALENT_STEADY_STATE,2fcecd86ccbe1599b61790bab556d55d334ecb78086df9888d84bc638a674dcd,75.30598799377447,gpu/FEOL,0.01595,0.0002500000000000002,0.00037179,,7.402902200003155,2210,0.0005876614279201693,0.009213304005740204,THERMAL_FEASIBLE,"memory_power_W includes all memory-die components; NMP_power_W is a subset, not additive",GPU + 318 memory slabs,m
Llama-3.1-70B,LC20K,20000,512,256,1,HBM_GPU,11.386053855772625,437.9770602659007,384.8874580158629,52.22856721018923,0.0,437.116025226051,0.861035039848645,True,USER_SPECIFIED_DIE_RESOLVED_BEOL_UNIFORM__E2E_EQUIVALENT_STEADY_STATE,d5c3af03d38021a6c43869ae442195160499a566aa85d7001aedea0df3252a51,85.36268946429448,gpu/FEOL,0.012258,-0.0002479166666666671,0.00037179,,0.9542311999830417,910,0.00010296328634277548,0.0085435487563825,THERMAL_CLOSURE_REQUIRED,"memory_power_W includes all memory-die components; NMP_power_W is a subset, not additive",GPU + local HBM; external Grace and off-package link energy excluded; no separate GPU-side C2C mapper,m
Llama-3.1-70B,LC20K,20000,512,256,1,M3D_GPU,11.127996590065392,416.1827113874667,392.0969109222261,24.085800465240684,0.0,416.1827113874489,0.0,True,USER_SPECIFIED_DIE_RESOLVED_BEOL_UNIFORM__E2E_EQUIVALENT_STEADY_STATE,2fcecd86ccbe1599b61790bab556d55d334ecb78086df9888d84bc638a674dcd,85.10643129682654,gpu/FEOL,0.01595,-0.002250000000000001,0.00037179,,7.669140799960587,2290,0.0005738596410770246,0.008161425773528633,THERMAL_CLOSURE_REQUIRED,"memory_power_W includes all memory-die components; NMP_power_W is a subset, not additive",GPU + 318 memory slabs,m
Llama-3.1-70B,LC20K,20000,512,256,1,M3D_NMP_UNIFORM,2.4757729810756763,370.3247519775866,149.99403633336144,220.3307156442249,158.92375483486026,370.3247519775788,0.0,True,USER_SPECIFIED_DIE_RESOLVED_BEOL_UNIFORM__E2E_EQUIVALENT_STEADY_STATE,2fcecd86ccbe1599b61790bab556d55d334ecb78086df9888d84bc638a674dcd,67.57603731965435,gpu/FEOL,0.010195348000000003,0.0012500000000000011,0.00037179,,7.251883600023575,2160,0.0005978895222118741,0.009796595868560727,THERMAL_FEASIBLE,"memory_power_W includes all memory-die components; NMP_power_W is a subset, not additive",GPU + 318 memory slabs,m
Llama-3.1-70B,LC20K,20000,512,256,1,M3D_NMP_CPA,2.1806001352511433,353.8818819056532,160.28082647319042,193.60105543246257,128.1864044501983,353.8818819056451,0.0,True,USER_SPECIFIED_DIE_RESOLVED_BEOL_UNIFORM__E2E_EQUIVALENT_STEADY_STATE,2fcecd86ccbe1599b61790bab556d55d334ecb78086df9888d84bc638a674dcd,66.02455074679614,gpu/FEOL,0.010595348000000001,-0.0012500000000000011,0.00037179,,7.236649899976328,2160,0.0005836460034474515,0.009402608825592136,THERMAL_FEASIBLE,"memory_power_W includes all memory-die components; NMP_power_W is a subset, not additive",GPU + 318 memory slabs,m
Llama-3.1-70B,LC20K,20000,512,256,8,HBM_GPU,31.155499152196803,272.03001878340143,235.8620787116446,19.079045254116572,0.0,254.9411239657605,17.0888948176402,True,USER_SPECIFIED_DIE_RESOLVED_BEOL_UNIFORM__E2E_EQUIVALENT_STEADY_STATE,d5c3af03d38021a6c43869ae442195160499a566aa85d7001aedea0df3252a51,58.245585972807305,gpu/FEOL,-0.011766,-0.0009958333333333338,0.00037179,,0.9176259000087157,880,9.518611258603681e-05,0.008993683655673157,THERMAL_FEASIBLE,"memory_power_W includes all memory-die components; NMP_power_W is a subset, not additive",GPU + local HBM; external Grace and off-package link energy excluded; no separate GPU-side C2C mapper,m
Llama-3.1-70B,LC20K,20000,512,256,8,M3D_GPU,15.670020602831261,418.5427898879737,395.8179467589408,22.724843129032894,0.0,418.5427898879556,0.0,True,USER_SPECIFIED_DIE_RESOLVED_BEOL_UNIFORM__E2E_EQUIVALENT_STEADY_STATE,2fcecd86ccbe1599b61790bab556d55d334ecb78086df9888d84bc638a674dcd,85.55777667840812,gpu/FEOL,0.01595,-0.002250000000000001,0.00037179,,7.64805710001383,2290,0.0005799543045980433,0.008180391409101595,THERMAL_CLOSURE_REQUIRED,"memory_power_W includes all memory-die components; NMP_power_W is a subset, not additive",GPU + 318 memory slabs,m
Llama-3.1-70B,LC20K,20000,512,256,8,M3D_NMP_UNIFORM,12.573145731699453,422.0266798560987,193.71163678007503,228.31504307602358,186.36644041349288,422.0266798560891,0.0,True,USER_SPECIFIED_DIE_RESOLVED_BEOL_UNIFORM__E2E_EQUIVALENT_STEADY_STATE,2fcecd86ccbe1599b61790bab556d55d334ecb78086df9888d84bc638a674dcd,74.9269360781654,gpu/FEOL,0.011095348000000001,0.0007500000000000007,0.00037179,,7.391783199971542,2210,0.0005803900662857299,0.008837349120579738,THERMAL_FEASIBLE,"memory_power_W includes all memory-die components; NMP_power_W is a subset, not additive",GPU + 318 memory slabs,m
Llama-3.1-70B,LC20K,20000,512,256,8,M3D_NMP_CPA,10.84396568640009,422.9696639854378,212.80086847783323,210.16879550760444,166.60189337001273,422.96966398542725,0.0,True,USER_SPECIFIED_DIE_RESOLVED_BEOL_UNIFORM__E2E_EQUIVALENT_STEADY_STATE,2fcecd86ccbe1599b61790bab556d55d334ecb78086df9888d84bc638a674dcd,75.97965963359508,gpu/FEOL,0.01595,-0.0002500000000000002,0.00037179,,7.533602700044867,2250,0.0005240210848142644,0.008587870114954849,THERMAL_FEASIBLE,"memory_power_W includes all memory-die components; NMP_power_W is a subset, not additive",GPU + 318 memory slabs,m
Llama-3.1-70B,LC64K,64000,512,512,1,HBM_GPU,22.717496309589272,482.11466163451456,415.1703789337474,52.23804902441553,0.0,467.40842795816167,14.70623367635168,True,USER_SPECIFIED_DIE_RESOLVED_BEOL_UNIFORM__E2E_EQUIVALENT_STEADY_STATE,d5c3af03d38021a6c43869ae442195160499a566aa85d7001aedea0df3252a51,89.93657601835804,gpu/FEOL,-0.012258,0.0002479166666666671,0.00037179,,0.9587348999921232,910,0.00011047124620051187,0.009697015847989404,THERMAL_CLOSURE_REQUIRED,"memory_power_W includes all memory-die components; NMP_power_W is a subset, not additive",GPU + local HBM; external Grace and off-package link energy excluded; no separate GPU-side C2C mapper,m
Llama-3.1-70B,LC64K,64000,512,512,1,M3D_GPU,24.38157075364081,415.99713025735105,391.88504943682597,24.112080820525062,0.0,415.9971302573331,0.0,True,USER_SPECIFIED_DIE_RESOLVED_BEOL_UNIFORM__E2E_EQUIVALENT_STEADY_STATE,2fcecd86ccbe1599b61790bab556d55d334ecb78086df9888d84bc638a674dcd,85.07539812591676,gpu/FEOL,0.01595,0.002250000000000001,0.00037179,,7.743472200003453,2290,0.000573466398706034,0.00815725656984138,THERMAL_CLOSURE_REQUIRED,"memory_power_W includes all memory-die components; NMP_power_W is a subset, not additive",GPU + 318 memory slabs,m
Llama-3.1-70B,LC64K,64000,512,512,1,M3D_NMP_UNIFORM,5.260183860314775,378.4414793559828,149.79961260391732,228.6418667520655,165.75858624089412,378.44147935597505,0.0,True,USER_SPECIFIED_DIE_RESOLVED_BEOL_UNIFORM__E2E_EQUIVALENT_STEADY_STATE,2fcecd86ccbe1599b61790bab556d55d334ecb78086df9888d84bc638a674dcd,68.49900357436746,gpu/FEOL,0.010195348000000003,0.0012500000000000011,0.00037179,,7.354816999984905,2160,0.0006076751166304221,0.009980734786087134,THERMAL_FEASIBLE,"memory_power_W includes all memory-die components; NMP_power_W is a subset, not additive",GPU + 318 memory slabs,m
Llama-3.1-70B,LC64K,64000,512,512,1,M3D_NMP_CPA,4.842501056645664,362.840727461003,156.33759666196673,206.5031307990363,140.93880823757766,362.840727460995,0.0,True,USER_SPECIFIED_DIE_RESOLVED_BEOL_UNIFORM__E2E_EQUIVALENT_STEADY_STATE,2fcecd86ccbe1599b61790bab556d55d334ecb78086df9888d84bc638a674dcd,66.91524457130754,gpu/FEOL,0.010595348000000001,-0.0012500000000000011,0.00037179,,7.375022199994419,2160,0.0005924821031421607,0.00963609449549534,THERMAL_FEASIBLE,"memory_power_W includes all memory-die components; NMP_power_W is a subset, not additive",GPU + 318 memory slabs,m
Llama-3.1-70B,LC64K,64000,512,512,8,HBM_GPU,204.1318748070512,173.03611648608356,149.70390896011057,5.799867500836696,0.0,155.50377646094685,17.532340025136286,True,USER_SPECIFIED_DIE_RESOLVED_BEOL_UNIFORM__E2E_EQUIVALENT_STEADY_STATE,d5c3af03d38021a6c43869ae442195160499a566aa85d7001aedea0df3252a51,43.39734354635499,gpu/FEOL,-0.01127,0.00124375,0.00037179,,0.9279836000059731,870,6.239183754942193e-05,0.009234614611557768,THERMAL_FEASIBLE,"memory_power_W includes all memory-die components; NMP_power_W is a subset, not additive",GPU + local HBM; external Grace and off-package link energy excluded; no separate GPU-side C2C mapper,m
Llama-3.1-70B,LC64K,64000,512,512,8,M3D_GPU,48.34466179374276,417.10923445905127,393.65433809798304,23.45489636106822,0.0,417.1092344590333,0.0,True,USER_SPECIFIED_DIE_RESOLVED_BEOL_UNIFORM__E2E_EQUIVALENT_STEADY_STATE,2fcecd86ccbe1599b61790bab556d55d334ecb78086df9888d84bc638a674dcd,85.28877851697223,gpu/FEOL,0.01595,0.002250000000000001,0.00037179,,8.086094099970069,2290,0.0005763830843171352,0.008168650824241182,THERMAL_CLOSURE_REQUIRED,"memory_power_W includes all memory-die components; NMP_power_W is a subset, not additive",GPU + 318 memory slabs,m
Llama-3.1-70B,LC64K,64000,512,512,8,M3D_NMP_UNIFORM,27.57389909732776,430.70492907324143,189.6803823586571,241.0245467145845,194.81333718677982,430.7049290732319,0.0,True,USER_SPECIFIED_DIE_RESOLVED_BEOL_UNIFORM__E2E_EQUIVALENT_STEADY_STATE,2fcecd86ccbe1599b61790bab556d55d334ecb78086df9888d84bc638a674dcd,75.80084250499982,gpu/FEOL,0.011095348000000001,0.0007500000000000007,0.00037179,,7.556774900003802,2210,0.0005875548300324878,0.008846386624789038,THERMAL_FEASIBLE,"memory_power_W includes all memory-die components; NMP_power_W is a subset, not additive",GPU + 318 memory slabs,m
Llama-3.1-70B,LC64K,64000,512,512,8,M3D_NMP_CPA,25.168690361838657,425.93017382977746,200.73520730877166,225.19496652100574,177.6065714692297,425.93017382976745,0.0,True,USER_SPECIFIED_DIE_RESOLVED_BEOL_UNIFORM__E2E_EQUIVALENT_STEADY_STATE,2fcecd86ccbe1599b61790bab556d55d334ecb78086df9888d84bc638a674dcd,75.62399956427004,gpu/FEOL,0.01595,0.0002500000000000002,0.00037179,,7.349303999973927,2210,0.0005904173013936988,0.009131048676248619,THERMAL_FEASIBLE,"memory_power_W includes all memory-die components; NMP_power_W is a subset, not additive",GPU + 318 memory slabs,m
Llama-3.1-70B,LC126K,126000,512,512,1,HBM_GPU,44.215140340797646,316.6879566460917,272.2980182795776,26.839622735231032,0.0,299.1376410148078,17.550315631283098,True,USER_SPECIFIED_DIE_RESOLVED_BEOL_UNIFORM__E2E_EQUIVALENT_STEADY_STATE,d5c3af03d38021a6c43869ae442195160499a566aa85d7001aedea0df3252a51,64.82040477683671,gpu/FEOL,-0.011766,-0.0009958333333333338,0.00037179,,0.9589100000448525,880,0.00011151163366891326,0.00934205441908032,THERMAL_FEASIBLE,"memory_power_W includes all memory-die components; NMP_power_W is a subset, not additive",GPU + local HBM; external Grace and off-package link energy excluded; no separate GPU-side C2C mapper,m
Llama-3.1-70B,LC126K,126000,512,512,1,M3D_GPU,27.56362272822024,416.1244842346278,392.09224766949603,24.032236565131754,0.0,416.1244842346099,0.0,True,USER_SPECIFIED_DIE_RESOLVED_BEOL_UNIFORM__E2E_EQUIVALENT_STEADY_STATE,2fcecd86ccbe1599b61790bab556d55d334ecb78086df9888d84bc638a674dcd,85.09993961459821,gpu/FEOL,0.01595,0.002250000000000001,0.00037179,,7.825534200004768,2290,0.0005737983137639338,0.008158571160633055,THERMAL_CLOSURE_REQUIRED,"memory_power_W includes all memory-die components; NMP_power_W is a subset, not additive",GPU + 318 memory slabs,m
Llama-3.1-70B,LC126K,126000,512,512,1,M3D_NMP_UNIFORM,5.999250737595014,385.93767911342775,158.1361111058656,227.80156800756205,165.54597499575598,385.9376791134197,0.0,True,USER_SPECIFIED_DIE_RESOLVED_BEOL_UNIFORM__E2E_EQUIVALENT_STEADY_STATE,2fcecd86ccbe1599b61790bab556d55d334ecb78086df9888d84bc638a674dcd,69.62318501995503,gpu/FEOL,0.011095348000000001,-0.0007500000000000007,0.00037179,,7.565350599994417,2210,0.0005184863712218455,0.008790133321768943,THERMAL_FEASIBLE,"memory_power_W includes all memory-die components; NMP_power_W is a subset, not additive",GPU + 318 memory slabs,m
Llama-3.1-70B,LC126K,126000,512,512,1,M3D_NMP_CPA,5.626717343273258,369.7497601311251,163.70659015130258,206.04316997982232,141.77117437752935,369.7497601311168,0.0,True,USER_SPECIFIED_DIE_RESOLVED_BEOL_UNIFORM__E2E_EQUIVALENT_STEADY_STATE,2fcecd86ccbe1599b61790bab556d55d334ecb78086df9888d84bc638a674dcd,67.96818681251517,gpu/FEOL,0.010595348000000001,-0.0012500000000000011,0.00037179,,7.387325999967288,2160,0.0006076911195256269,0.009835143705300805,THERMAL_FEASIBLE,"memory_power_W includes all memory-die components; NMP_power_W is a subset, not additive",GPU + 318 memory slabs,m
Llama-3.1-70B,LC126K,126000,512,512,8,HBM_GPU,404.95558272442145,152.7482366777768,132.25696678350047,2.9236239160183883,0.0,135.1805906995185,17.567645978257914,True,USER_SPECIFIED_DIE_RESOLVED_BEOL_UNIFORM__E2E_EQUIVALENT_STEADY_STATE,d5c3af03d38021a6c43869ae442195160499a566aa85d7001aedea0df3252a51,40.366646976980576,gpu/FEOL,0.011269999999999999,-0.00124375,0.00037179,,0.9116139000398107,870,5.410759512437037e-05,0.009396806970134241,THERMAL_FEASIBLE,"memory_power_W includes all memory-die components; NMP_power_W is a subset, not additive",GPU + local HBM; external Grace and off-package link energy excluded; no separate GPU-side C2C mapper,m
Llama-3.1-70B,LC126K,126000,512,512,8,M3D_GPU,73.80107759037818,417.1059040099764,393.663136390917,23.442767619059534,0.0,417.10590400995846,0.0,True,USER_SPECIFIED_DIE_RESOLVED_BEOL_UNIFORM__E2E_EQUIVALENT_STEADY_STATE,2fcecd86ccbe1599b61790bab556d55d334ecb78086df9888d84bc638a674dcd,85.28891184615475,gpu/FEOL,0.01595,0.002250000000000001,0.00037179,,7.757251099974383,2290,0.0005764026183209249,0.008168396204422088,THERMAL_CLOSURE_REQUIRED,"memory_power_W includes all memory-die components; NMP_power_W is a subset, not additive",GPU + 318 memory slabs,m
Llama-3.1-70B,LC126K,126000,512,512,8,M3D_NMP_UNIFORM,33.48841708720408,432.0794163075895,194.57987101530856,237.4995452922812,189.24524557981638,432.0794163075799,0.0,True,USER_SPECIFIED_DIE_RESOLVED_BEOL_UNIFORM__E2E_EQUIVALENT_STEADY_STATE,2fcecd86ccbe1599b61790bab556d55d334ecb78086df9888d84bc638a674dcd,76.12232834973827,gpu/FEOL,0.011095348000000001,0.0007500000000000007,0.00037179,,7.482347700046375,2210,0.0005922598588055271,0.008936826203779866,THERMAL_FEASIBLE,"memory_power_W includes all memory-die components; NMP_power_W is a subset, not additive",GPU + 318 memory slabs,m
Llama-3.1-70B,LC126K,126000,512,512,8,M3D_NMP_CPA,31.192416670922963,428.71299465286137,203.4554716770664,225.25752297579498,175.7920586770116,428.7129946528512,0.0,True,USER_SPECIFIED_DIE_RESOLVED_BEOL_UNIFORM__E2E_EQUIVALENT_STEADY_STATE,2fcecd86ccbe1599b61790bab556d55d334ecb78086df9888d84bc638a674dcd,76.06266667997005,gpu/FEOL,0.01595,-0.0002500000000000002,0.00037179,,7.491742999991402,2210,0.0005949991511531057,0.009239835701598972,THERMAL_FEASIBLE,"memory_power_W includes all memory-die components; NMP_power_W is a subset, not additive",GPU + 318 memory slabs,m
Llama-3.1-405B,LC20K,20000,512,256,1,HBM_GPU,415.6521483854927,140.81911575495215,121.73479123624989,1.4315085187022658,0.0,123.16629975495184,17.652815999999998,True,USER_SPECIFIED_DIE_RESOLVED_BEOL_UNIFORM__E2E_EQUIVALENT_STEADY_STATE,d5c3af03d38021a6c43869ae442195160499a566aa85d7001aedea0df3252a51,38.572348342293594,gpu/FEOL,0.011269999999999999,-0.00124375,0.00037179,,0.916998100001365,870,4.9148940618956474e-05,0.009460064907692828,THERMAL_FEASIBLE,"memory_power_W includes all memory-die components; NMP_power_W is a subset, not additive",GPU + local HBM; external Grace and off-package link energy excluded; no separate GPU-side C2C mapper,m
Llama-3.1-405B,LC20K,20000,512,256,1,M3D_GPU,62.388146607519566,416.13229434629613,392.02625352696157,24.106040819334574,0.0,416.1322943462781,0.0,True,USER_SPECIFIED_DIE_RESOLVED_BEOL_UNIFORM__E2E_EQUIVALENT_STEADY_STATE,2fcecd86ccbe1599b61790bab556d55d334ecb78086df9888d84bc638a674dcd,85.09725849673822,gpu/FEOL,0.01595,0.002250000000000001,0.00037179,,7.674041999969631,2290,0.0005736793343638798,0.008159776999718388,THERMAL_CLOSURE_REQUIRED,"memory_power_W includes all memory-die components; NMP_power_W is a subset, not additive",GPU + 318 memory slabs,m
Llama-3.1-405B,LC20K,20000,512,256,1,M3D_NMP_UNIFORM,8.656273713873606,440.0791806702008,153.50732103078363,286.5718596394171,209.6140869989183,440.07918067019284,0.0,True,USER_SPECIFIED_DIE_RESOLVED_BEOL_UNIFORM__E2E_EQUIVALENT_STEADY_STATE,2fcecd86ccbe1599b61790bab556d55d334ecb78086df9888d84bc638a674dcd,75.69486295536774,gpu/FEOL,0.011195348,-0.0002500000000000002,0.00037179,,7.6047206000075676,2230,0.0005341231842379721,0.006723926601831011,THERMAL_FEASIBLE,"memory_power_W includes all memory-die components; NMP_power_W is a subset, not additive",GPU + 318 memory slabs,m
Llama-3.1-405B,LC20K,20000,512,256,1,M3D_NMP_CPA,7.652563028996982,418.1988853258952,163.93550663894231,254.26337868695313,171.3827105978686,418.19888532588686,0.0,True,USER_SPECIFIED_DIE_RESOLVED_BEOL_UNIFORM__E2E_EQUIVALENT_STEADY_STATE,2fcecd86ccbe1599b61790bab556d55d334ecb78086df9888d84bc638a674dcd,73.51914414491853,gpu/FEOL,0.011095348000000001,0.0007500000000000007,0.00037179,,7.515682400029618,2210,0.0005549122518640203,0.009943293984185118,THERMAL_FEASIBLE,"memory_power_W includes all memory-die components; NMP_power_W is a subset, not additive",GPU + 318 memory slabs,m
Llama-3.1-405B,LC20K,20000,512,256,8,HBM_GPU,466.26854409995445,143.22480076876445,124.43839026782311,1.2805403305027363,0.0,125.7189305983255,17.505870170438588,True,USER_SPECIFIED_DIE_RESOLVED_BEOL_UNIFORM__E2E_EQUIVALENT_STEADY_STATE,d5c3af03d38021a6c43869ae442195160499a566aa85d7001aedea0df3252a51,38.959578536755714,gpu/FEOL,-0.01127,-0.00124375,0.00037179,,0.9191886999760754,870,5.0132005069701895e-05,0.009782191271951443,THERMAL_FEASIBLE,"memory_power_W includes all memory-die components; NMP_power_W is a subset, not additive",GPU + local HBM; external Grace and off-package link energy excluded; no separate GPU-side C2C mapper,m
Llama-3.1-405B,LC20K,20000,512,256,8,M3D_GPU,72.97893739344534,418.78425240243894,396.2551004015504,22.529152000888484,0.0,418.7842524024207,0.0,True,USER_SPECIFIED_DIE_RESOLVED_BEOL_UNIFORM__E2E_EQUIVALENT_STEADY_STATE,2fcecd86ccbe1599b61790bab556d55d334ecb78086df9888d84bc638a674dcd,85.60691297812855,gpu/FEOL,0.01595,-0.002250000000000001,0.00037179,,7.7500665000407025,2290,0.0005808100047286753,0.008181727668811714,THERMAL_CLOSURE_REQUIRED,"memory_power_W includes all memory-die components; NMP_power_W is a subset, not additive",GPU + 318 memory slabs,m
Llama-3.1-405B,LC20K,20000,512,256,8,M3D_NMP_UNIFORM,42.26748890406962,479.91416195622025,204.26316934252836,275.65099261369187,232.92269954106033,479.9141619562097,0.0,True,USER_SPECIFIED_DIE_RESOLVED_BEOL_UNIFORM__E2E_EQUIVALENT_STEADY_STATE,2fcecd86ccbe1599b61790bab556d55d334ecb78086df9888d84bc638a674dcd,81.9273776051017,gpu/FEOL,0.011195348,-0.0002500000000000002,0.00037179,,7.411697000032291,2230,0.0006101190842210983,0.008714262246649033,THERMAL_FEASIBLE,"memory_power_W includes all memory-die components; NMP_power_W is a subset, not additive",GPU + 318 memory slabs,m
Llama-3.1-405B,LC20K,20000,512,256,8,M3D_NMP_CPA,37.51027137709684,478.27870773345677,220.7837171702274,257.494990563229,213.38071907960304,478.27870773344546,0.0,True,USER_SPECIFIED_DIE_RESOLVED_BEOL_UNIFORM__E2E_EQUIVALENT_STEADY_STATE,2fcecd86ccbe1599b61790bab556d55d334ecb78086df9888d84bc638a674dcd,82.26527766016073,gpu/FEOL,0.01595,-0.0017500000000000007,0.00037179,,7.712130400002934,2320,0.0005542437805725508,0.009237163379030917,THERMAL_FEASIBLE,"memory_power_W includes all memory-die components; NMP_power_W is a subset, not additive",GPU + 318 memory slabs,m
Llama-3.1-405B,LC64K,64000,512,512,1,HBM_GPU,857.7486725023587,140.37248322865517,121.33611340422871,1.383553824426456,0.0,122.71966722865483,17.652815999999998,True,USER_SPECIFIED_DIE_RESOLVED_BEOL_UNIFORM__E2E_EQUIVALENT_STEADY_STATE,d5c3af03d38021a6c43869ae442195160499a566aa85d7001aedea0df3252a51,38.505548747520834,gpu/FEOL,0.011269999999999999,-0.00124375,0.00037179,,0.9341828000033274,870,4.896275885230754e-05,0.009456098676852289,THERMAL_FEASIBLE,"memory_power_W includes all memory-die components; NMP_power_W is a subset, not additive",GPU + local HBM; external Grace and off-package link energy excluded; no separate GPU-side C2C mapper,m
Llama-3.1-405B,LC64K,64000,512,512,1,M3D_GPU,127.76593925957364,415.9345566440046,391.7880479664372,24.146508677567464,0.0,415.93455664398675,0.0,True,USER_SPECIFIED_DIE_RESOLVED_BEOL_UNIFORM__E2E_EQUIVALENT_STEADY_STATE,2fcecd86ccbe1599b61790bab556d55d334ecb78086df9888d84bc638a674dcd,85.06343901877932,gpu/FEOL,0.01595,0.002250000000000001,0.00037179,,7.702010499953758,2290,0.0005733070145347748,0.008156479691886384,THERMAL_CLOSURE_REQUIRED,"memory_power_W includes all memory-die components; NMP_power_W is a subset, not additive",GPU + 318 memory slabs,m
Llama-3.1-405B,LC64K,64000,512,512,1,M3D_NMP_UNIFORM,17.967393027757428,441.16848252847774,148.7725944641355,292.3958880643423,214.96683669709157,441.1684825284699,0.0,True,USER_SPECIFIED_DIE_RESOLVED_BEOL_UNIFORM__E2E_EQUIVALENT_STEADY_STATE,2fcecd86ccbe1599b61790bab556d55d334ecb78086df9888d84bc638a674dcd,75.66426979688083,gpu/FEOL,0.011195348,-0.0002500000000000002,0.00037179,,7.564114000007976,2230,0.00053160969676023,0.006697385372161076,THERMAL_FEASIBLE,"memory_power_W includes all memory-die components; NMP_power_W is a subset, not additive",GPU + 318 memory slabs,m
Llama-3.1-405B,LC64K,64000,512,512,1,M3D_NMP_CPA,16.529585508992973,415.09267369486344,155.27660501295227,259.81606868191125,178.41802613056464,415.0926736948554,0.0,True,USER_SPECIFIED_DIE_RESOLVED_BEOL_UNIFORM__E2E_EQUIVALENT_STEADY_STATE,2fcecd86ccbe1599b61790bab556d55d334ecb78086df9888d84bc638a674dcd,72.89092907518057,gpu/FEOL,0.010595348000000001,0.0012500000000000011,0.00037179,,7.395691099984106,2180,0.000600969749818262,0.009953703717133885,THERMAL_FEASIBLE,"memory_power_W includes all memory-die components; NMP_power_W is a subset, not additive",GPU + 318 memory slabs,m
Llama-3.1-405B,LC64K,64000,512,512,8,HBM_GPU,1153.039859621644,139.7728046361078,121.17831749684584,1.0269618861289018,0.0,122.2052793829744,17.567525253133045,True,USER_SPECIFIED_DIE_RESOLVED_BEOL_UNIFORM__E2E_EQUIVALENT_STEADY_STATE,d5c3af03d38021a6c43869ae442195160499a566aa85d7001aedea0df3252a51,38.4324808244632,gpu/FEOL,0.011269999999999999,0.00124375,0.00037179,,0.9209054000093602,870,4.86843246637551e-05,0.009650776472863831,THERMAL_FEASIBLE,"memory_power_W includes all memory-die components; NMP_power_W is a subset, not additive",GPU + local HBM; external Grace and off-package link energy excluded; no separate GPU-side C2C mapper,m
Llama-3.1-405B,LC64K,64000,512,512,8,M3D_GPU,169.87504314316664,417.458801676789,394.22644160803964,23.232360068749344,0.0,417.4588016767709,0.0,True,USER_SPECIFIED_DIE_RESOLVED_BEOL_UNIFORM__E2E_EQUIVALENT_STEADY_STATE,2fcecd86ccbe1599b61790bab556d55d334ecb78086df9888d84bc638a674dcd,85.35677865607363,gpu/FEOL,0.01595,-0.002250000000000001,0.00037179,,8.077419999986887,2290,0.0005773492653057112,0.008171325007858398,THERMAL_CLOSURE_REQUIRED,"memory_power_W includes all memory-die components; NMP_power_W is a subset, not additive",GPU + 318 memory slabs,m
Llama-3.1-405B,LC64K,64000,512,512,8,M3D_NMP_UNIFORM,89.77650370843607,480.03599571547903,193.71672203278277,286.31927368269595,240.38965082620152,480.03599571546897,0.0,True,USER_SPECIFIED_DIE_RESOLVED_BEOL_UNIFORM__E2E_EQUIVALENT_STEADY_STATE,2fcecd86ccbe1599b61790bab556d55d334ecb78086df9888d84bc638a674dcd,81.62205681711868,gpu/FEOL,0.011195348,0.0002500000000000002,0.00037179,,7.414522500010207,2230,0.000605445947808621,0.007717347001740894,THERMAL_FEASIBLE,"memory_power_W includes all memory-die components; NMP_power_W is a subset, not additive",GPU + 318 memory slabs,m
Llama-3.1-405B,LC64K,64000,512,512,8,M3D_NMP_CPA,83.60457517497935,469.4217940271107,202.55455239194194,266.8672416351682,219.8945318585847,469.4217940271001,0.0,True,USER_SPECIFIED_DIE_RESOLVED_BEOL_UNIFORM__E2E_EQUIVALENT_STEADY_STATE,2fcecd86ccbe1599b61790bab556d55d334ecb78086df9888d84bc638a674dcd,80.68933706900134,gpu/FEOL,0.011095348000000001,-0.0007500000000000007,0.00037179,,7.3568087999592535,2210,0.0006379894705911023,0.009977951755754322,THERMAL_FEASIBLE,"memory_power_W includes all memory-die components; NMP_power_W is a subset, not additive",GPU + 318 memory slabs,m
Llama-3.1-405B,LC126K,126000,512,512,1,HBM_GPU,897.175461607417,140.0967470936762,121.12117817964628,1.322752914029925,0.0,122.44393109367586,17.652815999999998,True,USER_SPECIFIED_DIE_RESOLVED_BEOL_UNIFORM__E2E_EQUIVALENT_STEADY_STATE,d5c3af03d38021a6c43869ae442195160499a566aa85d7001aedea0df3252a51,38.46470900619545,gpu/FEOL,0.011269999999999999,0.00124375,0.00037179,,0.9165038000210188,870,4.8841641180999146e-05,0.009475314125540441,THERMAL_FEASIBLE,"memory_power_W includes all memory-die components; NMP_power_W is a subset, not additive",GPU + local HBM; external Grace and off-package link energy excluded; no separate GPU-side C2C mapper,m
Llama-3.1-405B,LC126K,126000,512,512,1,M3D_GPU,132.96490485009622,416.0334142835811,391.9482949464833,24.085119337097755,0.0,416.03341428356316,0.0,True,USER_SPECIFIED_DIE_RESOLVED_BEOL_UNIFORM__E2E_EQUIVALENT_STEADY_STATE,2fcecd86ccbe1599b61790bab556d55d334ecb78086df9888d84bc638a674dcd,85.08240406789321,gpu/FEOL,0.01595,-0.002250000000000001,0.00037179,,7.6078901999862865,2290,0.0005735536027681329,0.008157374687425785,THERMAL_CLOSURE_REQUIRED,"memory_power_W includes all memory-die components; NMP_power_W is a subset, not additive",GPU + 318 memory slabs,m
Llama-3.1-405B,LC126K,126000,512,512,1,M3D_NMP_UNIFORM,20.40794963843602,434.96466738937454,156.1971273276698,278.76754006170495,205.29793815158052,434.96466738936647,0.0,True,USER_SPECIFIED_DIE_RESOLVED_BEOL_UNIFORM__E2E_EQUIVALENT_STEADY_STATE,2fcecd86ccbe1599b61790bab556d55d334ecb78086df9888d84bc638a674dcd,75.19222183891497,gpu/FEOL,0.011195348,-0.0002500000000000002,0.00037179,,7.414755799982231,2230,0.0005319617795938814,0.006693094314962569,THERMAL_FEASIBLE,"memory_power_W includes all memory-die components; NMP_power_W is a subset, not additive",GPU + 318 memory slabs,m
Llama-3.1-405B,LC126K,126000,512,512,1,M3D_NMP_CPA,19.033511529933985,410.2322139696,162.13270385178453,248.09951011781564,171.62088382698917,410.2322139695917,0.0,True,USER_SPECIFIED_DIE_RESOLVED_BEOL_UNIFORM__E2E_EQUIVALENT_STEADY_STATE,2fcecd86ccbe1599b61790bab556d55d334ecb78086df9888d84bc638a674dcd,72.54122717911463,gpu/FEOL,0.011095348000000001,0.0007500000000000007,0.00037179,,7.350579999969341,2210,0.0005455363596160234,0.009684063597889089,THERMAL_FEASIBLE,"memory_power_W includes all memory-die components; NMP_power_W is a subset, not additive",GPU + 318 memory slabs,m
Llama-3.1-405B,LC126K,126000,512,512,8,HBM_GPU,1470.8350694359824,138.44939274973834,120.08694258087813,0.8050719034547649,0.0,120.89201448433256,17.557378265405433,True,USER_SPECIFIED_DIE_RESOLVED_BEOL_UNIFORM__E2E_EQUIVALENT_STEADY_STATE,d5c3af03d38021a6c43869ae442195160499a566aa85d7001aedea0df3252a51,38.23710275448542,gpu/FEOL,-0.01127,-0.00124375,0.00037179,,0.9367739000008442,870,4.811192434433031e-05,0.009668510789152887,THERMAL_FEASIBLE,"memory_power_W includes all memory-die components; NMP_power_W is a subset, not additive",GPU + local HBM; external Grace and off-package link energy excluded; no separate GPU-side C2C mapper,m
Llama-3.1-405B,LC126K,126000,512,512,8,M3D_GPU,211.46676786734741,417.65621759536543,394.55292694292376,23.103290652441693,0.0,417.65621759534736,0.0,True,USER_SPECIFIED_DIE_RESOLVED_BEOL_UNIFORM__E2E_EQUIVALENT_STEADY_STATE,2fcecd86ccbe1599b61790bab556d55d334ecb78086df9888d84bc638a674dcd,85.3954061294512,gpu/FEOL,0.01595,-0.002250000000000001,0.00037179,,7.734597900009248,2290,0.0005779106196394931,0.00817268447894386,THERMAL_CLOSURE_REQUIRED,"memory_power_W includes all memory-die components; NMP_power_W is a subset, not additive",GPU + 318 memory slabs,m
Llama-3.1-405B,LC126K,126000,512,512,8,M3D_NMP_UNIFORM,108.88965792527088,462.9955923480147,197.24217868906675,265.7534136589477,220.0564476786401,462.9955923480045,0.0,True,USER_SPECIFIED_DIE_RESOLVED_BEOL_UNIFORM__E2E_EQUIVALENT_STEADY_STATE,2fcecd86ccbe1599b61790bab556d55d334ecb78086df9888d84bc638a674dcd,79.69615701816303,gpu/FEOL,0.011095348000000001,0.0007500000000000007,0.00037179,,7.36759360000724,2210,0.0006217794190641141,0.0099402516196014,THERMAL_FEASIBLE,"memory_power_W includes all memory-die components; NMP_power_W is a subset, not additive",GPU + 318 memory slabs,m
Llama-3.1-405B,LC126K,126000,512,512,8,M3D_NMP_CPA,102.8030077454629,455.2092318001494,204.53896937183583,250.67026242831332,204.15048756460544,455.209231800139,0.0,True,USER_SPECIFIED_DIE_RESOLVED_BEOL_UNIFORM__E2E_EQUIVALENT_STEADY_STATE,2fcecd86ccbe1599b61790bab556d55d334ecb78086df9888d84bc638a674dcd,79.05456459013652,gpu/FEOL,0.011095348000000001,-0.0007500000000000007,0.00037179,,7.392782300012186,2210,0.0006195670464564227,0.009340272408651075,THERMAL_FEASIBLE,"memory_power_W includes all memory-die components; NMP_power_W is a subset, not additive",GPU + 318 memory slabs,m
