model,context,batch,path,status,external_capacity_mode,weight_GB,initial_KV_GB,final_KV_GB,workspace_GB,peak_state_GB,HBM_resident_GB,Grace_resident_GB,resident_bytes,max_group_bytes,group_capacity_bytes,max_die_bytes,die_capacity_bytes,slot_capacity_violations,max_slot_bytes,slot_capacity_bytes,total_capacity_bytes,initial_placement_provenance
Llama-3.1-8B,LC20K,1,HBM_GPU,EVALUATED,SUFFICIENTLY_PROVISIONED_FOR_FORMAL_BASELINE,16.060522496,2.62144,2.64241152,0.011010048,18.713944064,18.702934016,0.0,,,,,,,,,,
Llama-3.1-8B,LC20K,1,M3D_GPU,EVALUATED,NOT_APPLICABLE,16.060522496,2.62144,2.64241152,0.011010048,18.713944064,,,18702934016,876544,67108864,59821664,4697620480,0,,,,
Llama-3.1-8B,LC20K,1,M3D_NMP_UNIFORM,EVALUATED,NOT_APPLICABLE,16.060522496,2.62144,2.64241152,0.011010048,18.713944064,,,,,,,,,,,,
Llama-3.1-8B,LC20K,1,M3D_NMP_CPA,EVALUATED,NOT_APPLICABLE,16.060522496,2.62144,2.64241152,0.011010048,18.713944064,,,,,,,,,,,,
Llama-3.1-8B,LC20K,8,HBM_GPU,EVALUATED,SUFFICIENTLY_PROVISIONED_FOR_FORMAL_BASELINE,16.060522496,20.97152,21.13929216,0.088080384,37.28789504,37.199814656,0.0,,,,,,,,,,
Llama-3.1-8B,LC20K,8,M3D_GPU,EVALUATED,NOT_APPLICABLE,16.060522496,20.97152,21.13929216,0.088080384,37.28789504,,,37199814656,1767456,67108864,119224000,4697620480,0,,,,
Llama-3.1-8B,LC20K,8,M3D_NMP_UNIFORM,EVALUATED,NOT_APPLICABLE,16.060522496,20.97152,21.13929216,0.088080384,37.28789504,,,,,,,,,,,,
Llama-3.1-8B,LC20K,8,M3D_NMP_CPA,EVALUATED,NOT_APPLICABLE,16.060522496,20.97152,21.13929216,0.088080384,37.28789504,,,,,,,,,,,,
Llama-3.1-8B,LC64K,1,HBM_GPU,EVALUATED,SUFFICIENTLY_PROVISIONED_FOR_FORMAL_BASELINE,16.060522496,8.388608,8.40957952,0.011010048,24.481112064,24.470102016,0.0,,,,,,,,,,
Llama-3.1-8B,LC64K,1,M3D_GPU,EVALUATED,NOT_APPLICABLE,16.060522496,8.388608,8.40957952,0.011010048,24.481112064,,,24470102016,1163776,67108864,78348480,4697620480,0,,,,
Llama-3.1-8B,LC64K,1,M3D_NMP_UNIFORM,EVALUATED,NOT_APPLICABLE,16.060522496,8.388608,8.40957952,0.011010048,24.481112064,,,,,,,,,,,,
Llama-3.1-8B,LC64K,1,M3D_NMP_CPA,EVALUATED,NOT_APPLICABLE,16.060522496,8.388608,8.40957952,0.011010048,24.481112064,,,,,,,,,,,,
Llama-3.1-8B,LC64K,8,HBM_GPU,EVALUATED,SUFFICIENTLY_PROVISIONED_FOR_FORMAL_BASELINE,16.060522496,67.108864,67.27663616,0.088080384,83.42523904,83.337158656,0.0,,,,,,,,,,
Llama-3.1-8B,LC64K,8,M3D_GPU,EVALUATED,NOT_APPLICABLE,16.060522496,67.108864,67.27663616,0.088080384,83.42523904,,,83337158656,3784224,67108864,263748800,4697620480,0,,,,
Llama-3.1-8B,LC64K,8,M3D_NMP_UNIFORM,EVALUATED,NOT_APPLICABLE,16.060522496,67.108864,67.27663616,0.088080384,83.42523904,,,,,,,,,,,,
Llama-3.1-8B,LC64K,8,M3D_NMP_CPA,EVALUATED,NOT_APPLICABLE,16.060522496,67.108864,67.27663616,0.088080384,83.42523904,,,,,,,,,,,,
Llama-3.1-8B,LC126K,1,HBM_GPU,EVALUATED,SUFFICIENTLY_PROVISIONED_FOR_FORMAL_BASELINE,16.060522496,16.515072,16.53604352,0.011010048,32.607576064,32.596566016,0.0,,,,,,,,,,
Llama-3.1-8B,LC126K,1,M3D_GPU,EVALUATED,NOT_APPLICABLE,16.060522496,16.515072,16.53604352,0.011010048,32.607576064,,,32596566016,1484832,67108864,103472320,4697620480,0,,,,
Llama-3.1-8B,LC126K,1,M3D_NMP_UNIFORM,EVALUATED,NOT_APPLICABLE,16.060522496,16.515072,16.53604352,0.01329248,32.609858496,,,,,,,,,,,,
Llama-3.1-8B,LC126K,1,M3D_NMP_CPA,EVALUATED,NOT_APPLICABLE,16.060522496,16.515072,16.53604352,0.01329248,32.609858496,,,,,,,,,,,,
Llama-3.1-8B,LC126K,8,HBM_GPU,EVALUATED,SUFFICIENTLY_PROVISIONED_FOR_FORMAL_BASELINE,16.060522496,132.120576,132.28834816,0.088080384,148.43695104,144.867065856,3.4818048,,,,,,,,,,
Llama-3.1-8B,LC126K,8,M3D_GPU,EVALUATED,NOT_APPLICABLE,16.060522496,132.120576,132.28834816,0.088080384,148.43695104,,,148348870656,6700576,67108864,468501600,4697620480,0,,,,
Llama-3.1-8B,LC126K,8,M3D_NMP_UNIFORM,EVALUATED,NOT_APPLICABLE,16.060522496,132.120576,132.28834816,0.10633984,148.455210496,,,,,,,,,,,,
Llama-3.1-8B,LC126K,8,M3D_NMP_CPA,EVALUATED,NOT_APPLICABLE,16.060522496,132.120576,132.28834816,0.10633984,148.455210496,,,,,,,,,,,,
Llama-3.1-70B,LC20K,1,HBM_GPU,EVALUATED,SUFFICIENTLY_PROVISIONED_FOR_FORMAL_BASELINE,141.107412992,6.5536,6.6060288,0.022020096,147.735461888,144.933126144,2.780315648,,,,,,,,,,
Llama-3.1-70B,LC20K,1,M3D_GPU,EVALUATED,NOT_APPLICABLE,141.107412992,6.5536,6.6060288,0.022020096,147.735461888,,,147713441792,6686848,67108864,466913440,4697620480,0,,,,
Llama-3.1-70B,LC20K,1,M3D_NMP_UNIFORM,EVALUATED,NOT_APPLICABLE,141.107412992,6.5536,6.6060288,0.022020096,147.735461888,,,,,,,,,,,,
Llama-3.1-70B,LC20K,1,M3D_NMP_CPA,EVALUATED,NOT_APPLICABLE,141.107412992,6.5536,6.6060288,0.022020096,147.735461888,,,,,,,,,,,,
Llama-3.1-70B,LC20K,8,HBM_GPU,EVALUATED,SUFFICIENTLY_PROVISIONED_FOR_FORMAL_BASELINE,141.107412992,52.4288,52.8482304,0.176160768,194.13180416,144.778985472,49.17665792,,,,,,,,,,
Llama-3.1-70B,LC20K,8,M3D_GPU,EVALUATED,NOT_APPLICABLE,141.107412992,52.4288,52.8482304,0.176160768,194.13180416,,,193955643392,8804960,67108864,612971680,4697620480,0,,,,
Llama-3.1-70B,LC20K,8,M3D_NMP_UNIFORM,EVALUATED,NOT_APPLICABLE,141.107412992,52.4288,52.8482304,0.176160768,194.13180416,,,,,,,,,,,,
Llama-3.1-70B,LC20K,8,M3D_NMP_CPA,EVALUATED,NOT_APPLICABLE,141.107412992,52.4288,52.8482304,0.176160768,194.13180416,,,,,,,,,,,,
Llama-3.1-70B,LC64K,1,HBM_GPU,EVALUATED,SUFFICIENTLY_PROVISIONED_FOR_FORMAL_BASELINE,141.107412992,20.97152,21.0239488,0.022020096,162.153381888,144.933126144,17.198235648,,,,,,,,,,
Llama-3.1-70B,LC64K,1,M3D_GPU,EVALUATED,NOT_APPLICABLE,141.107412992,20.97152,21.0239488,0.022020096,162.153381888,,,162131361792,7561344,67108864,516533920,4697620480,0,,,,
Llama-3.1-70B,LC64K,1,M3D_NMP_UNIFORM,EVALUATED,NOT_APPLICABLE,141.107412992,20.97152,21.0239488,0.022020096,162.153381888,,,,,,,,,,,,
Llama-3.1-70B,LC64K,1,M3D_NMP_CPA,EVALUATED,NOT_APPLICABLE,141.107412992,20.97152,21.0239488,0.022020096,162.153381888,,,,,,,,,,,,
Llama-3.1-70B,LC64K,8,HBM_GPU,EVALUATED,SUFFICIENTLY_PROVISIONED_FOR_FORMAL_BASELINE,141.107412992,167.77216,168.1915904,0.176160768,309.47516416,144.778985472,164.52001792,,,,,,,,,,
Llama-3.1-70B,LC64K,8,M3D_GPU,EVALUATED,NOT_APPLICABLE,141.107412992,167.77216,168.1915904,0.176160768,309.47516416,,,309299003392,13970560,67108864,975035040,4697620480,0,,,,
Llama-3.1-70B,LC64K,8,M3D_NMP_UNIFORM,EVALUATED,NOT_APPLICABLE,141.107412992,167.77216,168.1915904,0.176160768,309.47516416,,,,,,,,,,,,
Llama-3.1-70B,LC64K,8,M3D_NMP_CPA,EVALUATED,NOT_APPLICABLE,141.107412992,167.77216,168.1915904,0.176160768,309.47516416,,,,,,,,,,,,
Llama-3.1-70B,LC126K,1,HBM_GPU,EVALUATED,SUFFICIENTLY_PROVISIONED_FOR_FORMAL_BASELINE,141.107412992,41.28768,41.3401088,0.022020096,182.469541888,144.933126144,37.514395648,,,,,,,,,,
Llama-3.1-70B,LC126K,1,M3D_GPU,EVALUATED,NOT_APPLICABLE,141.107412992,41.28768,41.3401088,0.022020096,182.469541888,,,182447521792,8311936,67108864,578430720,4697620480,0,,,,
Llama-3.1-70B,LC126K,1,M3D_NMP_UNIFORM,EVALUATED,NOT_APPLICABLE,141.107412992,41.28768,41.3401088,0.02658496,182.474106752,,,,,,,,,,,,
Llama-3.1-70B,LC126K,1,M3D_NMP_CPA,EVALUATED,NOT_APPLICABLE,141.107412992,41.28768,41.3401088,0.02658496,182.474106752,,,,,,,,,,,,
Llama-3.1-70B,LC126K,8,HBM_GPU,EVALUATED,SUFFICIENTLY_PROVISIONED_FOR_FORMAL_BASELINE,141.107412992,330.30144,330.7208704,0.176160768,472.00444416,144.778985472,327.04929792,,,,,,,,,,
Llama-3.1-70B,LC126K,8,M3D_GPU,EVALUATED,NOT_APPLICABLE,141.107412992,330.30144,330.7208704,0.176160768,472.00444416,,,471828283392,21328480,67108864,1487777952,4697620480,0,,,,
Llama-3.1-70B,LC126K,8,M3D_NMP_UNIFORM,EVALUATED,NOT_APPLICABLE,141.107412992,330.30144,330.7208704,0.21267968,472.040963072,,,,,,,,,,,,
Llama-3.1-70B,LC126K,8,M3D_NMP_CPA,EVALUATED,NOT_APPLICABLE,141.107412992,330.30144,330.7208704,0.21267968,472.040963072,,,,,,,,,,,,
Llama-3.1-405B,LC20K,1,HBM_GPU,EVALUATED,SUFFICIENTLY_PROVISIONED_FOR_FORMAL_BASELINE,811.7067776,10.32192,10.40449536,0.040894464,822.152167424,144.914251776,677.197021184,,,,,,,,,,
Llama-3.1-405B,LC20K,1,M3D_GPU,EVALUATED,NOT_APPLICABLE,811.7067776,10.32192,10.40449536,0.040894464,822.152167424,,,822111272960,37052800,67108864,2590003360,4697620480,0,,,,
Llama-3.1-405B,LC20K,1,M3D_NMP_UNIFORM,EVALUATED,NOT_APPLICABLE,811.7067776,10.32192,10.40449536,0.040894464,822.152167424,,,,,,,,,,,,
Llama-3.1-405B,LC20K,1,M3D_NMP_CPA,EVALUATED,NOT_APPLICABLE,811.7067776,10.32192,10.40449536,0.040894464,822.152167424,,,,,,,,,,,,
Llama-3.1-405B,LC20K,8,HBM_GPU,EVALUATED,SUFFICIENTLY_PROVISIONED_FOR_FORMAL_BASELINE,811.7067776,82.57536,83.23596288,0.327155712,895.269896192,144.627990528,750.314749952,,,,,,,,,,
Llama-3.1-405B,LC20K,8,M3D_GPU,EVALUATED,NOT_APPLICABLE,811.7067776,82.57536,83.23596288,0.327155712,895.269896192,,,894942740480,40806240,67108864,2836754688,4697620480,0,,,,
Llama-3.1-405B,LC20K,8,M3D_NMP_UNIFORM,EVALUATED,NOT_APPLICABLE,811.7067776,82.57536,83.23596288,0.327155712,895.269896192,,,,,,,,,,,,
Llama-3.1-405B,LC20K,8,M3D_NMP_CPA,EVALUATED,NOT_APPLICABLE,811.7067776,82.57536,83.23596288,0.327155712,895.269896192,,,,,,,,,,,,
Llama-3.1-405B,LC64K,1,HBM_GPU,EVALUATED,SUFFICIENTLY_PROVISIONED_FOR_FORMAL_BASELINE,811.7067776,33.030144,33.11271936,0.040894464,844.860391424,144.914251776,699.905245184,,,,,,,,,,
Llama-3.1-405B,LC64K,1,M3D_GPU,EVALUATED,NOT_APPLICABLE,811.7067776,33.030144,33.11271936,0.040894464,844.860391424,,,844819496960,38587776,67108864,2671819520,4697620480,0,,,,
Llama-3.1-405B,LC64K,1,M3D_NMP_UNIFORM,EVALUATED,NOT_APPLICABLE,811.7067776,33.030144,33.11271936,0.040894464,844.860391424,,,,,,,,,,,,
Llama-3.1-405B,LC64K,1,M3D_NMP_CPA,EVALUATED,NOT_APPLICABLE,811.7067776,33.030144,33.11271936,0.040894464,844.860391424,,,,,,,,,,,,
Llama-3.1-405B,LC64K,8,HBM_GPU,EVALUATED,SUFFICIENTLY_PROVISIONED_FOR_FORMAL_BASELINE,811.7067776,264.241152,264.90175488,0.327155712,1076.935688192,144.627990528,931.980541952,,,,,,,,,,
Llama-3.1-405B,LC64K,8,M3D_GPU,EVALUATED,NOT_APPLICABLE,811.7067776,264.241152,264.90175488,0.327155712,1076.935688192,,,1076608532480,48847200,67108864,3399180960,4697620480,0,,,,
Llama-3.1-405B,LC64K,8,M3D_NMP_UNIFORM,EVALUATED,NOT_APPLICABLE,811.7067776,264.241152,264.90175488,0.327155712,1076.935688192,,,1076608532480,48847200,67108864,3385767904,4697620480,0,1546504,2097152,1493843312640,UNIFORM_STRIPING_CAPACITY_LEGALIZED
Llama-3.1-405B,LC64K,8,M3D_NMP_CPA,EVALUATED,NOT_APPLICABLE,811.7067776,264.241152,264.90175488,0.327155712,1076.935688192,,,1076608532480,52155232,67108864,3385767904,4697620480,0,2083144,2097152,1493843312640,UNIFORM_STRIPING_CAPACITY_LEGALIZED
Llama-3.1-405B,LC126K,1,HBM_GPU,EVALUATED,SUFFICIENTLY_PROVISIONED_FOR_FORMAL_BASELINE,811.7067776,65.028096,65.11067136,0.040894464,876.858343424,144.914251776,731.903197184,,,,,,,,,,
Llama-3.1-405B,LC126K,1,M3D_GPU,EVALUATED,NOT_APPLICABLE,811.7067776,65.028096,65.11067136,0.040894464,876.858343424,,,876817448960,39649664,67108864,2763755264,4697620480,0,,,,
Llama-3.1-405B,LC126K,1,M3D_NMP_UNIFORM,EVALUATED,NOT_APPLICABLE,811.7067776,65.028096,65.11067136,0.05316992,876.87061888,,,,,,,,,,,,
Llama-3.1-405B,LC126K,1,M3D_NMP_CPA,EVALUATED,NOT_APPLICABLE,811.7067776,65.028096,65.11067136,0.05316992,876.87061888,,,,,,,,,,,,
Llama-3.1-405B,LC126K,8,HBM_GPU,EVALUATED,SUFFICIENTLY_PROVISIONED_FOR_FORMAL_BASELINE,811.7067776,520.224768,520.88537088,0.327155712,1332.919304192,144.627990528,1187.964157952,,,,,,,,,,
Llama-3.1-405B,LC126K,8,M3D_GPU,EVALUATED,NOT_APPLICABLE,811.7067776,520.224768,520.88537088,0.327155712,1332.919304192,,,1332592148480,60019072,67108864,4199041280,4697620480,0,,,,
Llama-3.1-405B,LC126K,8,M3D_NMP_UNIFORM,EVALUATED,NOT_APPLICABLE,811.7067776,520.224768,520.88537088,0.42535936,1333.01750784,,,,,,,,,,,,
Llama-3.1-405B,LC126K,8,M3D_NMP_CPA,EVALUATED,NOT_APPLICABLE,811.7067776,520.224768,520.88537088,0.42535936,1333.01750784,,,,,,,,,,,,
