model,context,batch,path,E2E_J,conservation,GPU_energy_J,local_memory_energy_J,external_memory_energy_J,decode_array_read_J,decode_array_write_J,decode_read_peripheral_J,decode_row_select_J,decode_column_select_J,decode_write_driver_J,decode_router_J,decode_pipeline_register_J,decode_sram_read_J,decode_sram_write_J,decode_mac_J,decode_reduction_J,decode_interface_J,decode_miv_J,decode_feol_wire_J,decode_gpu_dynamic_J,decode_gpu_static_J,decode_feol_unresolved_J,prefill_array_read_J,prefill_array_write_J,prefill_read_peripheral_J,prefill_row_select_J,prefill_column_select_J,prefill_write_driver_J,prefill_router_J,prefill_pipeline_register_J,prefill_sram_read_J,prefill_sram_write_J,prefill_mac_J,prefill_reduction_J,prefill_interface_J,prefill_miv_J,prefill_feol_wire_J,prefill_gpu_dynamic_J,prefill_gpu_static_J,prefill_feol_unresolved_J
Llama-3.1-8B,LC20K,1,HBM_GPU,82.46816046666278,PASS,68.46818954255501,13.999970924107775,0.0,,,,,,,,,,,,,,,,,,,,,,,,,,,,,,,,,,,,
Llama-3.1-8B,LC20K,1,M3D_GPU,72.46926506521984,PASS,,,,0.8327210156949503,1.249902592e-08,0.18073163661312,4.194304e-06,4.194304e-06,3.3554432e-06,0.0,0.0,0.0,0.0,0.0,0.0,2.25916223488,0.011051199100322812,0.7549573827387984,52.774029806796804,13.259396230704134,0.0,0.026961062782566398,1.1506747904e-06,0.00585156001792,0.00038613248,0.00038613248,0.000308905984,0.0,0.0,0.0,0.0,0.0,0.0,0.074689030144,0.00036535815270891727,0.024994210427333585,1.7057105159207842,0.5575497430773872,0.0
Llama-3.1-8B,LC20K,1,M3D_NMP_UNIFORM,19.43648882769328,PASS,,,,0.8327210156949503,1.249902592e-08,0.18073163661312,4.194304e-06,4.194304e-06,3.3554432e-06,1.892008198144,0.08587887771648,1.170215436288,1.170215436288,0.818249990144,0.041347448832,0.14467629056,0.011051199100322812,1.9440035131648357,3.3796381474816,3.8603020888772943,1.6588865733283509,0.026961062782566398,1.1506747904e-06,0.00585156001792,0.00038613248,0.00038613248,0.000308905984,0.0,0.0,0.0,0.0,0.0,0.0,0.074689030144,0.00036535815270891727,0.024990566963742602,1.7057105159207842,0.4069008033095851,0.0
Llama-3.1-8B,LC20K,1,M3D_NMP_CPA,16.64577318425436,PASS,,,,0.8327210156949503,1.249902592e-08,0.18073163661312,4.194304e-06,4.194304e-06,3.3554432e-06,1.43679619072,0.08587887771648,0.636802203648,0.636802203648,0.818249990144,0.014671675392,0.14467629056,0.011051199100322812,1.3419546061512113,3.3796381474816,3.4126971045486836,1.4665374043871369,0.026961062782566398,1.1506747904e-06,0.00585156001792,0.00038613248,0.00038613248,0.000308905984,0.0,0.0,0.0,0.0,0.0,0.0,0.074689030144,0.00036535815270891727,0.024992229952275166,1.7057105159207842,0.4069008033095851,0.0
Llama-3.1-8B,LC20K,8,HBM_GPU,180.84397257551308,PASS,152.05585787666686,28.788114698846208,0.0,,,,,,,,,,,,,,,,,,,,,,,,,,,,,,,,,,,,
Llama-3.1-8B,LC20K,8,M3D_GPU,159.37482440763378,PASS,,,,1.7047070858805247,9.999220736e-08,0.36998526009344,3.3554432e-05,3.3554432e-05,2.68435456e-05,0.0,0.0,0.0,0.0,0.0,0.0,4.624949968896,0.022623991096191353,1.5411733904210276,108.03883127341057,26.455962130046967,0.0,0.06078034477056,9.2053983232e-06,0.013191610368,0.00308905984,0.00308905984,0.002471247872,0.0,0.0,0.0,0.0,0.0,0.0,0.17725136896,0.0008670651683466143,0.059373281447368344,13.645684127366273,2.650690884356389,0.0
Llama-3.1-8B,LC20K,8,M3D_NMP_UNIFORM,122.60757106595766,PASS,,,,1.7047070858805247,9.999220736e-08,0.36998526009344,3.3554432e-05,3.3554432e-05,2.68435456e-05,9.749740388352,0.67543192567808,9.37151299584,9.37151299584,6.545999921152,0.330779590656,1.15741032448,0.022623991096191353,10.06851638535255,27.0371051798528,20.69309576483079,8.89243845029215,0.06078034477056,9.2053983232e-06,0.013191610368,0.00308905984,0.00308905984,0.002471247872,0.0,0.0,0.0,0.0,0.0,0.0,0.17725136896,0.0008670651683466143,0.05949278021944895,13.645684127366273,2.650690884356389,0.0
Llama-3.1-8B,LC20K,8,M3D_NMP_CPA,103.4025470288675,PASS,,,,1.7047070858805247,9.999220736e-08,0.36998526009344,3.3554432e-05,3.3554432e-05,2.68435456e-05,6.5182707482624,0.67543192567808,6.257512808448,6.257512808448,6.545999921152,0.085362475008,1.15741032448,0.022623991096191353,6.068924978552587,27.0371051798528,16.845823732651866,7.239151279707153,0.06078034477056,9.2053983232e-06,0.013191610368,0.00308905984,0.00308905984,0.002471247872,0.0,0.0,0.0,0.0,0.0,0.0,0.17725136896,0.0008670651683466143,0.059506483214753395,13.645684127366273,2.650690884356389,0.0
Llama-3.1-8B,LC64K,1,HBM_GPU,110.50737356952908,PASS,91.93980558942131,18.567567980107775,0.0,,,,,,,,,,,,,,,,,,,,,,,,,,,,,,,,,,,,
Llama-3.1-8B,LC64K,1,M3D_GPU,96.92229339129182,PASS,,,,1.1048206156693503,1.249902592e-08,0.23978743693312,4.194304e-06,4.194304e-06,3.3554432e-06,0.0,0.0,0.0,0.0,0.0,0.0,2.9973597388799997,0.014662250178962923,1.006209399053699,70.0183235002368,17.369903124494424,0.0,0.035464175281766395,1.1506747904e-06,0.00769705377792,0.00038613248,0.00038613248,0.000308905984,0.0,0.0,0.0,0.0,0.0,0.0,0.097757702144,0.0004782034989164206,0.03284889721279711,3.312660918766666,0.6832262969943645,0.0
Llama-3.1-8B,LC64K,1,M3D_NMP_UNIFORM,24.16382900723091,PASS,,,,1.1048206156693503,1.249902592e-08,0.23978743693312,4.194304e-06,4.194304e-06,3.3554432e-06,2.1986206285824,0.08665553698816,1.1812506501120001,1.1812506501120001,1.556447494144,0.041347448832,0.16774496256,0.014662250178962923,2.2662289852235893,3.9185223254016,4.2491621376557065,1.8259912969925876,0.035464175281766395,1.1506747904e-06,0.00769705377792,0.00038613248,0.00038613248,0.000308905984,0.0,0.0,0.0,0.0,0.0,0.0,0.097757702144,0.0004782034989164206,0.03269600825688449,3.312660918766666,0.6434884479502628,0.0
Llama-3.1-8B,LC64K,1,M3D_NMP_CPA,21.76545452310836,PASS,,,,1.1048206156693503,1.249902592e-08,0.23978743693312,4.194304e-06,4.194304e-06,3.3554432e-06,1.8437053349888,0.08665553698816,0.7078500433920001,0.7078500433920001,1.556447494144,0.025341984768,0.16774496256,0.014662250178962923,1.6586605064644662,3.9185223254016,3.918270837816743,1.6837974681428705,0.035464175281766395,1.1506747904e-06,0.00769705377792,0.00038613248,0.00038613248,0.000308905984,0.0,0.0,0.0,0.0,0.0,0.0,0.097757702144,0.0004782034989164206,0.032697102679741484,3.312660918766666,0.6434884479502628,0.0
Llama-3.1-8B,LC64K,8,HBM_GPU,406.0883071272926,PASS,340.75941598044636,65.32889114684622,0.0,,,,,,,,,,,,,,,,,,,,,,,,,,,,,,,,,,,,
Llama-3.1-8B,LC64K,8,M3D_GPU,356.46227071325114,PASS,,,,3.8815038856757247,9.999220736e-08,0.84243166265344,3.3554432e-05,3.3554432e-05,2.68435456e-05,0.0,0.0,0.0,0.0,0.0,0.0,10.530530000896,0.051512459993328,3.517408597534025,245.99318082093058,59.34628631449816,0.0,0.12880524476416,9.2053983232e-06,0.027955560448,0.00308905984,0.00308905984,0.002471247872,0.0,0.0,0.0,0.0,0.0,0.0,0.36180074496,0.001769829821382135,0.12113803198877067,26.501287350133328,5.147907583602103,0.0
Llama-3.1-8B,LC64K,8,M3D_NMP_UNIFORM,161.08518802172057,PASS,,,,3.8815038856757247,9.999220736e-08,0.84243166265344,3.3554432e-05,3.3554432e-05,2.68435456e-05,12.1938015944704,0.69114613727232,9.425984421888,9.425984421888,12.451579953152,0.330779590656,1.34195970048,0.051512459993328,12.640960362135287,31.3481786032128,23.892571413916908,10.26734825625078,0.12880524476416,9.2053983232e-06,0.027955560448,0.00308905984,0.00308905984,0.002471247872,0.0,0.0,0.0,0.0,0.0,0.0,0.36180074496,0.001769829821382135,0.12116661899447467,26.501287350133328,5.147907583602103,0.0
Llama-3.1-8B,LC64K,8,M3D_NMP_CPA,144.3836081261585,PASS,,,,3.8815038856757247,9.999220736e-08,0.84243166265344,3.3554432e-05,3.3554432e-05,2.68435456e-05,9.783781359616,0.69114613727232,6.421713518592,6.421713518592,12.451579953152,0.20456983756799998,1.34195970048,0.051512459993328,8.565890294937068,31.3481786032128,21.037654162299802,9.040505437312618,0.12880524476416,9.2053983232e-06,0.027955560448,0.00308905984,0.00308905984,0.002471247872,0.0,0.0,0.0,0.0,0.0,0.0,0.36180074496,0.001769829821382135,0.12118865572028815,26.501287350133328,5.147907583602103,0.0
Llama-3.1-8B,LC126K,1,HBM_GPU,150.18109158717206,PASS,125.1773641190643,25.00372746810777,0.0,,,,,,,,,,,,,,,,,,,,,,,,,,,,,,,,,,,,
Llama-3.1-8B,LC126K,1,M3D_GPU,131.58968642342933,PASS,,,,1.4882336883605503,1.249902592e-08,0.32300242829312,4.194304e-06,4.194304e-06,3.3554432e-06,0.0,0.0,0.0,0.0,0.0,0.0,4.03754713088,0.019750575108530708,1.3483119972338338,94.3171009773568,23.16212530019313,0.0,0.047445833803366394,1.1506747904e-06,0.01029752225792,0.00038613248,0.00038613248,0.000308905984,0.0,0.0,0.0,0.0,0.0,0.0,0.130263558144,0.000637213652965414,0.043536880631902766,5.577000122776772,1.0833391165674058,0.0
Llama-3.1-8B,LC126K,1,M3D_NMP_UNIFORM,30.90957555957394,PASS,,,,1.4882336883605503,1.249902592e-08,0.32300242829312,4.194304e-06,4.194304e-06,3.3554432e-06,2.6235287896064,0.08426138632192,1.1903685427200001,1.1903685427200001,2.596634886144,0.041347448832,0.20025081856,0.019750575108530708,2.713865563841633,4.6778591215616006,4.802633663493099,2.0638344662037915,0.047445833803366394,1.1506747904e-06,0.01029752225792,0.00038613248,0.00038613248,0.000308905984,0.0,0.0,0.0,0.0,0.0,0.0,0.130263558144,0.000637213652965414,0.04355819243585196,5.577000122776772,1.0833391165674058,0.0
Llama-3.1-8B,LC126K,1,M3D_NMP_CPA,28.58690438283819,PASS,,,,1.4882336883605503,1.249902592e-08,0.32300242829312,4.194304e-06,4.194304e-06,3.3554432e-06,2.3104399343616002,0.08426138632192,0.7313706516480001,0.7313706516480001,2.596634886144,0.030677139456,0.20025081856,0.019750575108530708,1.9956808326237148,4.6778591215616006,4.548927322210261,1.9548093087335987,0.047445833803366394,1.1506747904e-06,0.01029752225792,0.00038613248,0.00038613248,0.000308905984,0.0,0.0,0.0,0.0,0.0,0.0,0.130263558144,0.000637213652965414,0.04355819243585196,5.577000122776772,1.0833391165674058,0.0
Llama-3.1-8B,LC126K,8,HBM_GPU,723.0917049817793,PASS,604.8075570106664,114.90663937662976,3.3775085944831997,,,,,,,,,,,,,,,,,,,,,,,,,,,,,,,,,,,,
Llama-3.1-8B,LC126K,8,M3D_GPU,634.1645550603182,PASS,,,,6.948808467205324,9.999220736e-08,1.50815159353344,3.3554432e-05,3.3554432e-05,2.68435456e-05,0.0,0.0,0.0,0.0,0.0,0.0,18.852029136896,0.09221893889383871,6.2986179001908225,440.3834006378906,105.68350611505117,0.0,0.22465851293696,9.2053983232e-06,0.048759308288,0.00308905984,0.00308905984,0.002471247872,0.0,0.0,0.0,0.0,0.0,0.0,0.62184759296,0.003041907287023095,0.2080484090795074,44.616000982214175,8.666712932539246,0.0
Llama-3.1-8B,LC126K,8,M3D_NMP_UNIFORM,215.1911890636708,PASS,,,,6.948808467205324,9.999220736e-08,1.50815159353344,3.3554432e-05,3.3554432e-05,2.68435456e-05,15.6206721138688,0.68873927786496,9.515864162304,9.515864162304,20.773079089152,0.330779590656,1.60200654848,0.09221893889383871,16.256213721692205,37.422872972492804,28.33968750003107,12.178406250013353,0.22465851293696,9.2053983232e-06,0.048759308288,0.00308905984,0.00308905984,0.002471247872,0.0,0.0,0.0,0.0,0.0,0.0,0.62184759296,0.003041907287023095,0.2080508136015062,44.616000982214175,8.666712932539246,0.0
Llama-3.1-8B,LC126K,8,M3D_NMP_CPA,198.69079306172165,PASS,,,,6.948808467205324,9.999220736e-08,1.50815159353344,3.3554432e-05,3.3554432e-05,2.68435456e-05,13.528026474086401,0.68873927786496,6.658517630976,6.658517630976,20.773079089152,0.241915920384,1.60200654848,0.09221893889383871,11.640108620018044,37.422872972492804,25.550266385423807,10.979709068330772,0.22465851293696,9.2053983232e-06,0.048759308288,0.00308905984,0.00308905984,0.002471247872,0.0,0.0,0.0,0.0,0.0,0.0,0.62184759296,0.003041907287023095,0.20808058232672338,44.616000982214175,8.666712932539246,0.0
Llama-3.1-70B,LC20K,1,HBM_GPU,679.1917361887723,PASS,563.3590008619682,114.89372587190482,0.9390094548992,,,,,,,,,,,,,,,,,,,,,,,,,,,,,,,,,,,,
Llama-3.1-70B,LC20K,1,M3D_GPU,592.7604059536808,PASS,,,,6.869716379788902,3.1247564799999997e-08,1.49098564943872,1.048576e-05,1.048576e-05,8.388608e-06,0.0,0.0,0.0,0.0,0.0,0.0,18.637362561024,0.09116883884607614,6.226511652657214,435.3687894255207,106.18182638317792,0.0,0.219374142554112,5.62532606976e-06,0.0476124020736,0.001887693312,0.001887693312,0.0015101546496,0.0,0.0,0.0,0.0,0.0,0.0,0.6027057991679999,0.002948270586941821,0.20144471728240837,13.201602013979812,3.6130371596071127,0.0
Llama-3.1-70B,LC20K,1,M3D_NMP_UNIFORM,123.96982930005375,PASS,,,,6.869716379788902,3.1247564799999997e-08,1.49098564943872,1.048576e-05,1.048576e-05,8.388608e-06,13.4805635465216,0.53306181287936,7.683172761600001,7.683172761600001,6.137868976128,0.20673724416,0.7221627453439999,0.09116883884607614,13.758326924711067,16.869721731235842,21.597536049384896,9.281103329330268,0.219374142554112,5.62532606976e-06,0.0476124020736,0.001887693312,0.001887693312,0.0015101546496,0.0,0.0,0.0,0.0,0.0,0.0,0.6027057991679999,0.002948270586941821,0.20146678216699648,13.201602013979812,3.2835005805803155,0.0
Llama-3.1-70B,LC20K,1,M3D_NMP_CPA,105.66557421297743,PASS,,,,6.869716379788902,3.1247564799999997e-08,1.49098564943872,1.048576e-05,1.048576e-05,8.388608e-06,10.5994055319552,0.53306181287936,3.881547890688,3.881547890688,6.137868976128,0.07335837696,0.7221627453439999,0.09116883884607614,10.007946901083592,16.869721731235842,18.844501603142856,8.098042580810038,0.219374142554112,5.62532606976e-06,0.0476124020736,0.001887693312,0.001887693312,0.0015101546496,0.0,0.0,0.0,0.0,0.0,0.0,0.6027057991679999,0.002948270586941821,0.2014735370708272,13.201602013979812,3.2835005805803155,0.0
Llama-3.1-70B,LC20K,8,HBM_GPU,1148.4859604382677,PASS,967.1619079109017,115.51847622067814,65.805576306688,,,,,,,,,,,,,,,,,,,,,,,,,,,,,,,,,,,,
Llama-3.1-70B,LC20K,8,M3D_GPU,885.1584622650118,PASS,,,,9.04968020248494,2.4998051839999997e-07,1.96411941453824,8.388608e-05,8.388608e-05,6.7108864e-05,0.0,0.0,0.0,0.0,0.0,0.0,24.551828226048,0.12010078040133282,8.196679948799835,573.5307073604813,139.93947460503472,0.0,0.32036655181332474,4.500260855808e-05,0.06953153593344,0.015101546496,0.015101546496,0.0120812371968,0.0,0.0,0.0,0.0,0.0,0.0,0.929550385152,0.004547104371557186,0.3110764626080313,105.6128161118385,20.515419111704865,0.0
Llama-3.1-70B,LC20K,8,M3D_NMP_UNIFORM,726.4573624742319,PASS,,,,9.04968020248494,2.4998051839999997e-07,1.96411941453824,8.388608e-05,8.388608e-05,6.7108864e-05,58.0366383448064,4.2820790386688,61.45292500992,61.45292500992,49.102951809024,1.65389795328,5.7773019627519995,0.12010078040133282,59.41094533050364,134.95777384988673,105.88710307161027,45.50283618482712,0.32036655181332474,4.500260855808e-05,0.06953153593344,0.015101546496,0.015101546496,0.0120812371968,0.0,0.0,0.0,0.0,0.0,0.0,0.929550385152,0.004547104371557186,0.3112892469929001,105.6128161118385,20.515419111704865,0.0
Llama-3.1-70B,LC20K,8,M3D_NMP_CPA,636.4178626210062,PASS,,,,9.04968020248494,2.4998051839999997e-07,1.96411941453824,8.388608e-05,8.388608e-05,6.7108864e-05,42.2696993161216,4.2820790386688,46.294831988736,46.294831988736,49.102951809024,0.45348814847999996,5.7773019627519995,0.12010078040133282,39.68240277446649,134.95777384988673,89.78091336497116,38.58152763521734,0.32036655181332474,4.500260855808e-05,0.06953153593344,0.015101546496,0.015101546496,0.0120812371968,0.0,0.0,0.0,0.0,0.0,0.0,0.929550385152,0.004547104371557186,0.31136508190595313,105.6128161118385,20.515419111704865,0.0
Llama-3.1-70B,LC64K,1,HBM_GPU,751.0394781549653,PASS,615.0331891641613,114.89372587190482,21.1125631188992,,,,,,,,,,,,,,,,,,,,,,,,,,,,,,,,,,,,
Llama-3.1-70B,LC64K,1,M3D_GPU,658.3205721458984,PASS,,,,7.5499653797249024,3.1247564799999997e-08,1.63862515023872,1.048576e-05,1.048576e-05,8.388608e-06,0.0,0.0,0.0,0.0,0.0,0.0,20.482856321024,0.10019645524242346,6.844752185878887,478.4795236591207,116.68055650962495,0.0,0.24063192380211199,5.62532606976e-06,0.0522261364736,0.001887693312,0.001887693312,0.0015101546496,0.0,0.0,0.0,0.0,0.0,0.0,0.6603774791679999,0.0032303835993276746,0.22076814982473814,21.23635402820922,4.12518782599168,0.0
Llama-3.1-70B,LC64K,1,M3D_NMP_UNIFORM,144.38244408711574,PASS,,,,7.5499653797249024,3.1247564799999997e-08,1.63862515023872,1.048576e-05,1.048576e-05,8.388608e-06,14.261893595136,0.53032721055744,7.726259798016001,7.726259798016001,9.828856496128,0.20673724416,0.8375061053439999,0.10019645524242346,14.6039719637372,19.56414262083584,23.265695502962757,9.997961040462375,0.24063192380211199,5.62532606976e-06,0.0522261364736,0.001887693312,0.001887693312,0.0015101546496,0.0,0.0,0.0,0.0,0.0,0.0,0.6603774791679999,0.0032303835993276746,0.22071739133491858,21.23635402820922,4.12518782599168,0.0
Llama-3.1-70B,LC64K,1,M3D_NMP_CPA,129.39316125138296,PASS,,,,7.5499653797249024,3.1247564799999997e-08,1.63862515023872,1.048576e-05,1.048576e-05,8.388608e-06,12.1120057720832,0.53032721055744,4.3354386923520005,4.3354386923520005,9.828856496128,0.15338569728,0.8375061053439999,0.10019645524242346,11.37391649108008,19.56414262083584,21.325225006293078,9.164083178379999,0.24063192380211199,5.62532606976e-06,0.0522261364736,0.001887693312,0.001887693312,0.0015101546496,0.0,0.0,0.0,0.0,0.0,0.0,0.6603774791679999,0.0032303835993276746,0.2207199682720862,21.23635402820922,4.12518782599168,0.0
Llama-3.1-70B,LC64K,8,HBM_GPU,2387.558077212895,PASS,2044.845595373529,115.51847622067814,227.19400561868798,,,,,,,,,,,,,,,,,,,,,,,,,,,,,,,,,,,,
Llama-3.1-70B,LC64K,8,M3D_GPU,1418.0297143642529,PASS,,,,14.49167220197294,2.4998051839999997e-07,3.1452354209382403,8.388608e-05,8.388608e-05,6.7108864e-05,0.0,0.0,0.0,0.0,0.0,0.0,39.315778306047996,0.192321801974135,13.129850192542332,918.4165812292813,223.94353649291943,0.0,0.49042880179732473,4.500260855808e-05,0.10644141113344,0.015101546496,0.015101546496,0.0120812371968,0.0,0.0,0.0,0.0,0.0,0.0,1.390923825152,0.006804011295707254,0.4652413717888304,169.89083222567376,33.00150260793344,0.0
Llama-3.1-70B,LC64K,8,M3D_NMP_UNIFORM,895.3416306416198,PASS,,,,14.49167220197294,2.4998051839999997e-07,3.1452354209382403,8.388608e-05,8.388608e-05,6.7108864e-05,64.3042505654272,4.28579821191168,61.778218450944,61.778218450944,78.630851969024,1.65389795328,6.7000488427519995,0.192321801974135,66.2275132669713,156.51314096668673,119.07532301993598,51.17020637883736,0.49042880179732473,4.500260855808e-05,0.10644141113344,0.015101546496,0.015101546496,0.0120812371968,0.0,0.0,0.0,0.0,0.0,0.0,1.390923825152,0.006804011295707254,0.46543579323254636,169.89083222567376,33.00150260793344,0.0
Llama-3.1-70B,LC64K,8,M3D_NMP_CPA,822.9282719275232,PASS,,,,14.49167220197294,2.4998051839999997e-07,3.1452354209382403,8.388608e-05,8.388608e-05,6.7108864e-05,53.3096376041472,4.28579821191168,47.969642741760005,47.969642741760005,78.630851969024,1.086704320512,6.7000488427519995,0.192321801974135,49.05254139651795,156.51314096668673,107.84273210440917,46.3432281205434,0.49042880179732473,4.500260855808e-05,0.10644141113344,0.015101546496,0.015101546496,0.0120812371968,0.0,0.0,0.0,0.0,0.0,0.0,1.390923825152,0.006804011295707254,0.4655761358262572,169.89083222567376,33.00150260793344,0.0
Llama-3.1-70B,LC126K,1,HBM_GPU,943.9151741634832,PASS,779.4825141006792,114.89372587190482,49.5389341908992,,,,,,,,,,,,,,,,,,,,,,,,,,,,,,,,,,,,
Llama-3.1-70B,LC126K,1,M3D_GPU,752.1777082246591,PASS,,,,8.508498061452903,3.1247564799999997e-08,1.84666262863872,1.048576e-05,1.048576e-05,8.388608e-06,0.0,0.0,0.0,0.0,0.0,0.0,23.083324801024,0.11291726097452869,7.715350799680345,539.2264673519206,131.47412170275572,0.0,0.270586070106112,5.62532606976e-06,0.058727307673599995,0.001887693312,0.001887693312,0.0015101546496,0.0,0.0,0.0,0.0,0.0,0.0,0.7416421191679999,0.0036279087784559638,0.2479704371737449,32.55805004825975,6.324441169077394,0.0
Llama-3.1-70B,LC126K,1,M3D_NMP_UNIFORM,174.9346286631157,PASS,,,,8.508498061452903,3.1247564799999997e-08,1.84666262863872,1.048576e-05,1.048576e-05,8.388608e-06,15.377641373696001,0.53786236157952,7.792540286976,7.792540286976,15.029793456127999,0.20673724416,1.000035385344,0.11291726097452869,15.81904847074593,23.36082660163584,26.116298766841094,11.222950010615499,0.270586070106112,5.62532606976e-06,0.058727307673599995,0.001887693312,0.001887693312,0.0015101546496,0.0,0.0,0.0,0.0,0.0,0.0,0.7416421191679999,0.0036279087784559638,0.24788128631312173,32.55805004825975,6.324441169077394,0.0
Llama-3.1-70B,LC126K,1,M3D_NMP_CPA,160.1248351322712,PASS,,,,8.508498061452903,3.1247564799999997e-08,1.84666262863872,1.048576e-05,1.048576e-05,8.388608e-06,13.2360515616768,0.53786236157952,4.417277952,4.417277952,15.029793456127999,0.15338569728,1.000035385344,0.11291726097452869,12.402642997225891,23.36082660163584,24.404139759346076,10.487184383070343,0.270586070106112,5.62532606976e-06,0.058727307673599995,0.001887693312,0.001887693312,0.0015101546496,0.0,0.0,0.0,0.0,0.0,0.0,0.7416421191679999,0.0036279087784559638,0.24788389288003942,32.55805004825975,6.324441169077394,0.0
Llama-3.1-70B,LC126K,8,HBM_GPU,4140.668461553141,PASS,3570.545011137775,115.51847622067814,454.60497419468805,,,,,,,,,,,,,,,,,,,,,,,,,,,,,,,,,,,,
Llama-3.1-70B,LC126K,8,M3D_GPU,2168.876240777456,PASS,,,,22.15993365579694,2.4998051839999997e-07,4.80953524813824,8.388608e-05,8.388608e-05,6.7108864e-05,0.0,0.0,0.0,0.0,0.0,0.0,60.119526146047995,0.2940881649624552,20.084185612697304,1404.3921307716814,342.2922510085617,0.0,0.7300619722293247,4.500260855808e-05,0.15845078073344,0.015101546496,0.015101546496,0.0120812371968,0.0,0.0,0.0,0.0,0.0,0.0,2.041040945152,0.009984210139092262,0.6825580588173582,260.464400386078,50.59552935261915,0.0
Llama-3.1-70B,LC126K,8,M3D_NMP_UNIFORM,1139.493248995164,PASS,,,,22.15993365579694,2.4998051839999997e-07,4.80953524813824,8.388608e-05,8.388608e-05,6.7108864e-05,73.144749522944,4.27114499145728,62.2920794112,62.2920794112,120.23834764902399,1.65389795328,8.000283082752,0.2940881649624552,75.82172083764141,186.8866128130867,141.9177986668206,60.98629726493101,0.7300619722293247,4.500260855808e-05,0.15845078073344,0.015101546496,0.015101546496,0.0120812371968,0.0,0.0,0.0,0.0,0.0,0.0,2.041040945152,0.009984210139092262,0.6826482111767282,260.464400386078,50.59552935261915,0.0
Llama-3.1-70B,LC126K,8,M3D_NMP_CPA,1069.2844999977008,PASS,,,,22.15993365579694,2.4998051839999997e-07,4.80953524813824,8.388608e-05,8.388608e-05,6.7108864e-05,64.101561663488,4.27114499145728,48.305115758592,48.305115758592,120.23834764902399,1.406480154624,8.000283082752,0.2940881649624552,58.325530969941525,186.8866128130867,131.11288588523226,56.34310501554576,0.7300619722293247,4.500260855808e-05,0.15845078073344,0.015101546496,0.015101546496,0.0120812371968,0.0,0.0,0.0,0.0,0.0,0.0,2.041040945152,0.009984210139092262,0.6827270757146945,260.464400386078,50.59552935261915,0.0
Llama-3.1-405B,LC20K,1,HBM_GPU,7517.067831339848,PASS,6460.347138920611,115.09013715380432,941.6305552654335,,,,,,,,,,,,,,,,,,,,,,,,,,,,,,,,,,,,
Llama-3.1-405B,LC20K,1,M3D_GPU,3310.217876312769,PASS,,,,38.588789778651545,4.921491456e-08,8.37521210605568,1.6515072e-05,1.6515072e-05,1.32120576e-05,0.0,0.0,0.0,0.0,0.0,0.0,104.690217385984,0.5121157345157944,34.9812788994957,2445.563478136586,584.8529976319292,0.0,1.219919567781888,1.6733835356159998e-05,0.2647682187264,0.005615380992,0.005615380992,0.0044923047936,0.0,0.0,0.0,0.0,0.0,0.0,3.3320642580479998,0.016299541388025477,1.1135146840239536,67.50062732114246,19.190806956410707,0.0
Llama-3.1-405B,LC20K,1,M3D_NMP_UNIFORM,526.3657038168368,PASS,,,,38.588789778651545,4.921491456e-08,8.37521210605568,1.6515072e-05,1.6515072e-05,1.32120576e-05,65.0741219328,2.00206008188928,31.481611444224,31.481611444224,31.162607075328,0.651222319104,2.231562010624,0.5121157345157944,66.01939419165605,52.12928856817664,73.46868398303087,31.571677711626787,1.219919567781888,1.6733835356159998e-05,0.2647682187264,0.005615380992,0.005615380992,0.0044923047936,0.0,0.0,0.0,0.0,0.0,0.0,3.3320642580479998,0.016299541388025477,1.113418888878968,67.50062732114246,18.152861546935018,0.0
Llama-3.1-405B,LC20K,1,M3D_NMP_CPA,449.25708929093867,PASS,,,,38.588789778651545,4.921491456e-08,8.37521210605568,1.6515072e-05,1.6515072e-05,1.32120576e-05,53.0877540466688,2.00206008188928,14.096909230080001,14.096909230080001,31.162607075328,0.227077521408,2.231562010624,0.5121157345157944,49.4659559471763,52.12928856817664,64.11357501454731,27.55150926300817,1.219919567781888,1.6733835356159998e-05,0.2647682187264,0.005615380992,0.005615380992,0.0044923047936,0.0,0.0,0.0,0.0,0.0,0.0,3.3320642580479998,0.016299541388025477,1.1134371366778864,67.50062732114246,18.152861546935018,0.0
Llama-3.1-405B,LC20K,8,HBM_GPU,8739.929661160673,PASS,7578.9835797204205,117.08976647587426,1043.8563149643776,,,,,,,,,,,,,,,,,,,,,,,,,,,,,,,,,,,,
Llama-3.1-405B,LC20K,8,M3D_GPU,4159.548177266604,PASS,,,,42.02223509910323,3.9371931648e-07,9.1203982852096,0.000132120576,0.000132120576,0.0001056964608,0.0,0.0,0.0,0.0,0.0,0.0,114.005507047424,0.5576835757864452,38.063587837437865,2663.1686446278245,640.4287502990124,0.0,1.4253539444391936,0.00013387068284927999,0.30935516971008004,0.044923047936,0.044923047936,0.0359384383488,0.0,0.0,0.0,0.0,0.0,0.0,4.04663181312,0.01979500921858164,1.3522898350153059,540.0050185691397,104.8966374179284,0.0
Llama-3.1-405B,LC20K,8,M3D_NMP_UNIFORM,2859.9090258194187,PASS,,,,42.02223509910323,3.9371931648e-07,9.1203982852096,0.000132120576,0.000132120576,0.0001056964608,230.9061085233152,15.99433003237376,251.37373426483202,251.37373426483202,249.300856602624,5.209778552832,17.852496084992,0.5576835757864452,233.57523221587002,417.0343085454131,338.1099906507148,145.29591490125313,1.4253539444391936,0.00013387068284927999,0.30935516971008004,0.044923047936,0.044923047936,0.0359384383488,0.0,0.0,0.0,0.0,0.0,0.0,4.04663181312,0.01979500921858164,1.353143560475577,540.0050185691397,104.8966374179284,0.0
Llama-3.1-405B,LC20K,8,M3D_NMP_CPA,2566.837513829411,PASS,,,,42.02223509910323,3.9371931648e-07,9.1203982852096,0.000132120576,0.000132120576,0.0001056964608,178.6239279693824,15.99433003237376,197.67978118348802,197.67978118348802,249.300856602624,1.515183931392,17.852496084992,0.5576835757864452,167.46388291103122,417.0343085454131,293.6290739239153,126.18114257811497,1.4253539444391936,0.00013387068284927999,0.30935516971008004,0.044923047936,0.044923047936,0.0359384383488,0.0,0.0,0.0,0.0,0.0,0.0,4.04663181312,0.01979500921858164,1.353351263305254,540.0050185691397,104.8966374179284,0.0
Llama-3.1-405B,LC64K,1,HBM_GPU,7775.2428359839605,PASS,6686.748796543923,115.09013715380432,973.4039022862335,,,,,,,,,,,,,,,,,,,,,,,,,,,,,,,,,,,,
Llama-3.1-405B,LC64K,1,M3D_GPU,3426.5400408945757,PASS,,,,39.66018195355074,4.921491456e-08,8.60774431981568,1.6515072e-05,1.6515072e-05,1.32120576e-05,0.0,0.0,0.0,0.0,0.0,0.0,107.59687005798399,0.5263340969970565,35.97624811887595,2513.462884554506,602.0885507424425,0.0,1.253400573247488,1.6733835356159998e-05,0.27203485040639996,0.005615380992,0.005615380992,0.0044923047936,0.0,0.0,0.0,0.0,0.0,0.0,3.422897154048,0.016743865215564917,1.1446098529403177,92.81009616596509,19.685658496550822,0.0
Llama-3.1-405B,LC64K,1,M3D_NMP_UNIFORM,584.4254011930392,PASS,,,,39.66018195355074,4.921491456e-08,8.60774431981568,1.6515072e-05,1.6515072e-05,1.32120576e-05,66.39430176604161,2.00744489713664,31.629707599872003,31.629707599872003,42.789217763328,0.651222319104,2.594893594624,0.5263340969970565,67.53951740959135,60.616714370416645,78.47351969976417,33.72240441152028,1.253400573247488,1.6733835356159998e-05,0.27203485040639996,0.005615380992,0.005615380992,0.0044923047936,0.0,0.0,0.0,0.0,0.0,0.0,3.422897154048,0.016743865215564917,1.1438176469181813,92.81009616596509,18.64771304357485,0.0
Llama-3.1-405B,LC64K,1,M3D_NMP_CPA,517.6791975901449,PASS,,,,39.66018195355074,4.921491456e-08,8.60774431981568,1.6515072e-05,1.6515072e-05,1.32120576e-05,56.6224542498816,2.00744489713664,15.324181979136,15.324181979136,42.789217763328,0.483164946432,2.594893594624,0.5263340969970565,52.93646762001736,60.616714370416645,71.76441557583695,30.83930290961642,1.253400573247488,1.6733835356159998e-05,0.27203485040639996,0.005615380992,0.005615380992,0.0044923047936,0.0,0.0,0.0,0.0,0.0,0.0,3.422897154048,0.016743865215564917,1.1438255897329483,92.81009616596509,18.64771304357485,0.0
Llama-3.1-405B,LC64K,8,HBM_GPU,10805.32969831358,PASS,9390.196840706927,117.08976647587426,1298.0430911307774,,,,,,,,,,,,,,,,,,,,,,,,,,,,,,,,,,,,
Llama-3.1-405B,LC64K,8,M3D_GPU,5125.450850977033,PASS,,,,50.59337249829683,3.9371931648e-07,10.980655995289599,0.000132120576,0.000132120576,0.0001056964608,0.0,0.0,0.0,0.0,0.0,0.0,137.258728423424,0.6719167158837701,45.954697034091495,3206.363895971185,778.3364922946694,0.0,1.6932019881639935,0.00013387068284927999,0.36748822315008,0.044923047936,0.044923047936,0.0359384383488,0.0,0.0,0.0,0.0,0.0,0.0,4.77329498112,0.02336477475069387,1.598883582004109,742.4807693277207,144.2278004310484,0.0
Llama-3.1-405B,LC64K,8,M3D_NMP_UNIFORM,3360.49575628349,PASS,,,,50.59337249829683,3.9371931648e-07,10.980655995289599,0.000132120576,0.000132120576,0.0001056964608,241.50543685386242,15.99438841708544,252.713222995968,252.713222995968,342.313742106624,5.209778552832,20.759148756992,0.6719167158837701,245.69498334887166,484.93371496333316,378.47994816079773,162.64408583126172,1.6932019881639935,0.00013387068284927999,0.36748822315008,0.044923047936,0.044923047936,0.0359384383488,0.0,0.0,0.0,0.0,0.0,0.0,4.77329498112,0.02336477475069387,1.5959296282342723,742.4807693277207,144.2278004310484,0.0
Llama-3.1-405B,LC64K,8,M3D_NMP_CPA,3118.8337803755103,PASS,,,,50.59337249829683,3.9371931648e-07,10.980655995289599,0.000132120576,0.000132120576,0.0001056964608,203.33874013798402,15.99438841708544,201.01344755712,201.01344755712,342.313742106624,3.55454681088,20.759148756992,0.6719167158837701,189.00941318529146,484.93371496333316,349.2750641899103,150.09387893566418,1.6932019881639935,0.00013387068284927999,0.36748822315008,0.044923047936,0.044923047936,0.0359384383488,0.0,0.0,0.0,0.0,0.0,0.0,4.77329498112,0.0233643872645785,1.596094473331675,742.4807693277207,144.2278004310484,0.0
Llama-3.1-405B,LC126K,1,HBM_GPU,8139.034887982485,PASS,7005.769314104047,115.09013715380432,1018.1754367246335,,,,,,,,,,,,,,,,,,,,,,,,,,,,,,,,,,,,
Llama-3.1-405B,LC126K,1,M3D_GPU,3594.955945048193,PASS,,,,41.16987092727234,4.921491456e-08,8.93540334829568,1.6515072e-05,1.6515072e-05,1.32120576e-05,0.0,0.0,0.0,0.0,0.0,0.0,111.69260791398399,0.5463694682217849,37.314522733845386,2609.1393208706663,626.3749622254397,0.0,1.3005783536762878,1.6733835356159998e-05,0.2822741950464,0.005615380992,0.005615380992,0.0044923047936,0.0,0.0,0.0,0.0,0.0,0.0,3.550888962048,0.017369970566337684,1.1864282733762863,128.47343862912427,24.95612308460105,0.0
Llama-3.1-405B,LC126K,1,M3D_NMP_UNIFORM,675.4167223745999,PASS,,,,41.16987092727234,4.921491456e-08,8.93540334829568,1.6515072e-05,1.6515072e-05,1.32120576e-05,68.2448714727424,2.0020952301568,31.846798221312003,31.846798221312003,59.172169187328,0.651222319104,3.106860826624,0.5463694682217849,69.66043317200683,72.57626890993664,88.04080570543019,37.833751640982165,1.3005783536762878,1.6733835356159998e-05,0.2822741950464,0.005615380992,0.005615380992,0.0044923047936,0.0,0.0,0.0,0.0,0.0,0.0,3.550888962048,0.017369970566337684,1.1865444367831504,128.47343862912427,24.95612308460105,0.0
Llama-3.1-405B,LC126K,1,M3D_NMP_CPA,608.5172638918856,PASS,,,,41.16987092727234,4.921491456e-08,8.93540334829568,1.6515072e-05,1.6515072e-05,1.32120576e-05,58.4301380370432,2.0020952301568,15.46086150144,15.46086150144,59.172169187328,0.483164946432,3.106860826624,0.5463694682217849,54.58316773837229,72.57626890993664,81.69866944372541,35.10834713933065,1.3005783536762878,1.6733835356159998e-05,0.2822741950464,0.005615380992,0.005615380992,0.0044923047936,0.0,0.0,0.0,0.0,0.0,0.0,3.550888962048,0.017369970566337684,1.1865563991749886,128.47343862912427,24.95612308460105,0.0
Llama-3.1-405B,LC126K,8,HBM_GPU,13715.666114301766,PASS,11942.360981187914,117.08976647587426,1656.2153666379775,,,,,,,,,,,,,,,,,,,,,,,,,,,,,,,,,,,,
Llama-3.1-405B,LC126K,8,M3D_GPU,6486.186580394031,PASS,,,,62.67088428806963,3.9371931648e-07,13.6019282231296,0.000132120576,0.000132120576,0.0001056964608,0.0,0.0,0.0,0.0,0.0,0.0,170.024631271424,0.8317137397117904,56.807233336366444,3971.7753865004647,972.6284087417664,0.0,2.0706242315943935,0.00013387068284927999,0.44940298027008,0.044923047936,0.044923047936,0.0359384383488,0.0,0.0,0.0,0.0,0.0,0.0,5.79722944512,0.028358453260332574,1.937996736815115,1027.7875090329942,199.6489846768084,0.0
Llama-3.1-405B,LC126K,8,M3D_NMP_UNIFORM,4092.748109817717,PASS,,,,62.67088428806963,3.9371931648e-07,13.6019282231296,0.000132120576,0.000132120576,0.0001056964608,256.3688154267648,15.99797874130944,254.46902366208002,254.46902366208002,473.377353498624,5.209778552832,24.854886612992,0.8317137397117904,262.7358027976666,580.6101512794932,454.4245770705279,195.2797506870647,2.0706242315943935,0.00013387068284927999,0.44940298027008,0.044923047936,0.044923047936,0.0359384383488,0.0,0.0,0.0,0.0,0.0,0.0,5.79722944512,0.028358453261137236,1.9380440190871475,1027.7875090329942,199.6489846768084,0.0
Llama-3.1-405B,LC126K,8,M3D_NMP_CPA,3857.7122539534166,PASS,,,,62.67088428806963,3.9371931648e-07,13.6019282231296,0.000132120576,0.000132120576,0.0001056964608,223.415866753024,15.99797874130944,202.069449572352,202.069449572352,473.377353498624,4.427511496704,24.854886612992,0.8317137397117904,208.29565459477686,580.6101512794932,425.00535447251514,182.63743611116192,2.0706242315943935,0.00013387068284927999,0.44940298027008,0.044923047936,0.044923047936,0.0359384383488,0.0,0.0,0.0,0.0,0.0,0.0,5.79722944512,0.02834897762451735,1.938246916553058,1027.7875090329942,199.6489846768084,0.0
