model,context,batch,path,elapsed_s,inner_workers,execution_checkpoint_reused,same_task_recovery
Llama-3.1-8B,LC20K,1,HBM_GPU,0.3732941999915056,4,False,
Llama-3.1-8B,LC20K,1,M3D_GPU,5.425341400026809,4,False,
Llama-3.1-8B,LC20K,1,M3D_NMP_UNIFORM,6.9707789000240155,4,False,
Llama-3.1-8B,LC20K,1,M3D_NMP_CPA,78.28348470001947,1,False,
Llama-3.1-8B,LC20K,8,HBM_GPU,0.42603029997553676,4,False,
Llama-3.1-8B,LC20K,8,M3D_GPU,33.22780860000057,4,False,
Llama-3.1-8B,LC20K,8,M3D_NMP_UNIFORM,46.400009499979205,4,False,
Llama-3.1-8B,LC20K,8,M3D_NMP_CPA,524.429816799995,1,False,
Llama-3.1-8B,LC64K,1,HBM_GPU,0.364440499979537,4,False,
Llama-3.1-8B,LC64K,1,M3D_GPU,5.436045799986459,4,False,
Llama-3.1-8B,LC64K,1,M3D_NMP_UNIFORM,7.036054400028661,4,False,
Llama-3.1-8B,LC64K,1,M3D_NMP_CPA,53.489519499999005,4,False,
Llama-3.1-8B,LC64K,8,HBM_GPU,0.4119969000457786,4,False,
Llama-3.1-8B,LC64K,8,M3D_GPU,33.31272300001001,4,False,
Llama-3.1-8B,LC64K,8,M3D_NMP_UNIFORM,47.37895420001587,4,False,
Llama-3.1-8B,LC64K,8,M3D_NMP_CPA,521.8569724999834,1,False,
Llama-3.1-8B,LC126K,1,HBM_GPU,0.3490624999976717,4,False,
Llama-3.1-8B,LC126K,1,M3D_GPU,5.576298800006043,4,False,
Llama-3.1-8B,LC126K,1,M3D_NMP_UNIFORM,7.560527900001034,4,False,
Llama-3.1-8B,LC126K,1,M3D_NMP_CPA,59.631037799990736,1,False,
Llama-3.1-8B,LC126K,8,HBM_GPU,0.39870939997490495,4,False,
Llama-3.1-8B,LC126K,8,M3D_GPU,30.081060399999842,4,False,
Llama-3.1-8B,LC126K,8,M3D_NMP_UNIFORM,43.1363987000077,4,False,
Llama-3.1-8B,LC126K,8,M3D_NMP_CPA,342.9807598000043,1,False,
Llama-3.1-70B,LC20K,1,HBM_GPU,0.38992500002495944,4,False,
Llama-3.1-70B,LC20K,1,M3D_GPU,14.841147199971601,4,False,
Llama-3.1-70B,LC20K,1,M3D_NMP_UNIFORM,21.129055800032802,4,False,
Llama-3.1-70B,LC20K,1,M3D_NMP_CPA,262.57788450003136,1,False,
Llama-3.1-70B,LC20K,8,HBM_GPU,0.5092544000362977,4,False,
Llama-3.1-70B,LC20K,8,M3D_GPU,80.01259260001825,4,False,
Llama-3.1-70B,LC20K,8,M3D_NMP_UNIFORM,124.21959439996863,4,False,
Llama-3.1-70B,LC20K,8,M3D_NMP_CPA,1394.71309189999,1,False,
Llama-3.1-70B,LC64K,1,HBM_GPU,0.3998647999833338,4,False,
Llama-3.1-70B,LC64K,1,M3D_GPU,13.238169199961703,4,False,
Llama-3.1-70B,LC64K,1,M3D_NMP_UNIFORM,22.466059099999256,4,False,
Llama-3.1-70B,LC64K,1,M3D_NMP_CPA,192.75411239999812,1,False,
Llama-3.1-70B,LC64K,8,HBM_GPU,0.53518319997238,4,False,
Llama-3.1-70B,LC64K,8,M3D_GPU,82.5639931000187,4,False,
Llama-3.1-70B,LC64K,8,M3D_NMP_UNIFORM,27.349655799975153,1,False,
Llama-3.1-70B,LC64K,8,M3D_NMP_CPA,1093.9595346000278,1,False,
Llama-3.1-70B,LC126K,1,HBM_GPU,0.38470569998025894,4,False,
Llama-3.1-70B,LC126K,1,M3D_GPU,14.687814000004437,4,False,
Llama-3.1-70B,LC126K,1,M3D_NMP_UNIFORM,41.75253609998617,1,False,
Llama-3.1-70B,LC126K,1,M3D_NMP_CPA,193.5228854000452,1,False,
Llama-3.1-70B,LC126K,8,HBM_GPU,0.5319421999738552,4,False,
Llama-3.1-70B,LC126K,8,M3D_GPU,80.15345169999637,4,False,
Llama-3.1-70B,LC126K,8,M3D_NMP_UNIFORM,288.18394389998866,1,False,
Llama-3.1-70B,LC126K,8,M3D_NMP_CPA,988.551642400038,1,False,
Llama-3.1-405B,LC20K,1,HBM_GPU,0.427083499962464,4,False,
Llama-3.1-405B,LC20K,1,M3D_GPU,25.749852600041777,4,False,
Llama-3.1-405B,LC20K,1,M3D_NMP_UNIFORM,69.17299359996105,1,False,
Llama-3.1-405B,LC20K,1,M3D_NMP_CPA,482.8432974999887,1,False,
Llama-3.1-405B,LC20K,8,HBM_GPU,0.6278023000340909,4,False,
Llama-3.1-405B,LC20K,8,M3D_GPU,148.93949650001014,4,False,
Llama-3.1-405B,LC20K,8,M3D_NMP_UNIFORM,503.5888663000078,1,False,
Llama-3.1-405B,LC20K,8,M3D_NMP_CPA,1329.0682106000022,1,False,
Llama-3.1-405B,LC64K,1,HBM_GPU,0.43673020001733676,4,False,
Llama-3.1-405B,LC64K,1,M3D_GPU,24.796551100036595,4,False,
Llama-3.1-405B,LC64K,1,M3D_NMP_UNIFORM,69.76515439996729,1,False,
Llama-3.1-405B,LC64K,1,M3D_NMP_CPA,10.58774440002162,1,False,
Llama-3.1-405B,LC64K,8,HBM_GPU,0.6317780999816023,4,False,
Llama-3.1-405B,LC64K,8,M3D_GPU,66.67248629999813,4,False,Resumed first 31 completed contexts after temporary-cache close path assertion; no previous-workload reuse
Llama-3.1-405B,LC64K,8,M3D_NMP_UNIFORM,227.2166812000214,4,False,
Llama-3.1-405B,LC64K,8,M3D_NMP_CPA,1470.3548084999784,4,False,
Llama-3.1-405B,LC126K,1,HBM_GPU,0.4295966000063345,4,False,
Llama-3.1-405B,LC126K,1,M3D_GPU,26.43671290000202,4,False,
Llama-3.1-405B,LC126K,1,M3D_NMP_UNIFORM,68.74542619998101,1,False,
Llama-3.1-405B,LC126K,1,M3D_NMP_CPA,309.22580070002005,1,False,
Llama-3.1-405B,LC126K,8,HBM_GPU,0.6152625000104308,4,False,
Llama-3.1-405B,LC126K,8,M3D_GPU,135.3578472000081,4,False,
Llama-3.1-405B,LC126K,8,M3D_NMP_UNIFORM,496.12792350002564,1,False,
Llama-3.1-405B,LC126K,8,M3D_NMP_CPA,1825.0079958999995,1,False,
