model,context,batch,decode_context,boundary_bytes,array_including_MIV_s,boundary_active_service_s,gpu_related_service_s,decode_step_s
Llama-3.1-8B,LC20K,1,20128,17647673344.0,0.0008430821510715051,0.007242807617755675,0.0037136053341666614,0.007264610212720924
Llama-3.1-8B,LC20K,1,20129,17647804416.0,0.0008430821510715051,0.007242846216211031,0.0037136343474999944,0.00726464966450961
Llama-3.1-8B,LC20K,1,20130,17647935488.0,0.0008430821510715051,0.007242884814666364,0.0037136633608333284,0.007264689116298283
Llama-3.1-8B,LC20K,1,20131,17648066560.0,0.0008430821510715051,0.00724292341312169,0.003713692374166661,0.007264728568086937
Llama-3.1-8B,LC20K,1,20132,17648197632.0,0.0008430821510715051,0.007242962011577023,0.0037137213874999923,0.007264768019875609
Llama-3.1-8B,LC20K,1,20133,17648328704.0,0.0008430821510715051,0.007243000610032373,0.0037137504008333253,0.007264807471664287
Llama-3.1-8B,LC20K,1,20134,17648459776.0,0.0008430821510715051,0.007243039208487706,0.003713779414166659,0.00726484692345296
Llama-3.1-8B,LC20K,1,20135,17648590848.0,0.0008430821510715051,0.00724307780694303,0.0037138084274999862,0.00726488637524161
Llama-3.1-8B,LC20K,1,20136,17648721920.0,0.0008430821510715051,0.007243116405398363,0.003713837440833319,0.007264925827030285
Llama-3.1-8B,LC20K,1,20137,17648852992.0,0.0008430821510715051,0.0072431550038537205,0.0037138664541666554,0.00726496527881897
Llama-3.1-8B,LC20K,1,20138,17648984064.0,0.0008430821510715051,0.007243193602309045,0.0037138954674999867,0.007265004730607634
Llama-3.1-8B,LC20K,1,20139,17649115136.0,0.0008430821510715051,0.00724323220076438,0.00371392448083332,0.007265044182396294
Llama-3.1-8B,LC20K,1,20140,17649246208.0,0.0008430821510715051,0.007243270799219728,0.003713953494166653,0.007265083634184984
Llama-3.1-8B,LC20K,1,20141,17649377280.0,0.0008430821510715051,0.007243309397675063,0.0037139825074999984,0.007265123085973647
Llama-3.1-8B,LC20K,1,20142,17649508352.0,0.0008430821510715051,0.007243347996130387,0.0037140115208333315,0.0072651625377623
Llama-3.1-8B,LC20K,1,20143,17649639424.0,0.0008430821510715051,0.007243387597269134,0.0037140405341666645,0.007265201989550973
Llama-3.1-8B,LC20K,1,20144,17649770496.0,0.0008430821510715051,0.0072434261957244825,0.0037140695474999963,0.007265241441339651
Llama-3.1-8B,LC20K,1,20145,17649901568.0,0.0008430821510715051,0.0072434647941798155,0.003714098560833329,0.007265280893128324
Llama-3.1-8B,LC20K,1,20146,17650032640.0,0.0008430821510715051,0.0072435033926351484,0.003714127574166666,0.007265320344916984
Llama-3.1-8B,LC20K,1,20147,17650163712.0,0.0008430821510715051,0.007243541991090497,0.003714156587499993,0.007265359796705671
Llama-3.1-8B,LC20K,1,20148,17650294784.0,0.0008430821510715051,0.007243580589545832,0.0037141856008333263,0.0072653992484943315
Llama-3.1-8B,LC20K,1,20149,17650425856.0,0.0008430821510715051,0.007243619188001156,0.0037142146141666576,0.007265438700282996
Llama-3.1-8B,LC20K,1,20150,17650556928.0,0.0008430821510715051,0.007243656116713742,0.0037142436274999907,0.00726547815207166
Llama-3.1-8B,LC20K,1,20151,17650688000.0,0.0008430821510715051,0.007243694715169091,0.0037142726408333233,0.007265517603860348
Llama-3.1-8B,LC20K,1,20152,17650819072.0,0.0008430821510715051,0.007243733313624424,0.0037143016541666568,0.00726555705564901
Llama-3.1-8B,LC20K,1,20153,17650950144.0,0.0008430821510715051,0.00724377191207975,0.0037143306674999902,0.007265596507437664
Llama-3.1-8B,LC20K,1,20154,17651081216.0,0.0008430821510715051,0.007243810510535105,0.0037143596808333233,0.007265635959226361
Llama-3.1-8B,LC20K,1,20155,17651212288.0,0.0008430821510715051,0.007243849108990438,0.003714388694166658,0.007265675411015022
Llama-3.1-8B,LC20K,1,20156,17651343360.0,0.0008430821510715051,0.007243887707445764,0.003714417707499991,0.007265714862803687
Llama-3.1-8B,LC20K,1,20157,17651474432.0,0.0008430821510715051,0.007243926305901097,0.0037144467208333246,0.007265754314592348
Llama-3.1-8B,LC20K,1,20158,17651605504.0,0.0008430821510715051,0.007243964904356448,0.0037144757341666516,0.007265793766381035
Llama-3.1-8B,LC20K,1,20159,17651736576.0,0.0008430821510715051,0.007244003502811781,0.0037145047474999846,0.007265833218169695
Llama-3.1-8B,LC20K,8,20128,36116168704.0,0.0010992433501620343,0.012681197473208635,0.007820255579999985,0.012833177865996869
Llama-3.1-8B,LC20K,8,20129,36117217280.0,0.0010992433501620343,0.012681506260851315,0.00782048768666665,0.012833493480306222
Llama-3.1-8B,LC20K,8,20130,36118265856.0,0.0010992433501620343,0.012681815048494,0.007820719793333339,0.012833809094615579
Llama-3.1-8B,LC20K,8,20131,36119314432.0,0.0010992433501620343,0.012682123836136696,0.007820951899999998,0.012834124708924942
Llama-3.1-8B,LC20K,8,20132,36120363008.0,0.0010992433501620343,0.012682432623779381,0.007821184006666659,0.012834440323234279
Llama-3.1-8B,LC20K,8,20133,36121411584.0,0.0010992433501620343,0.0126827414114221,0.007821416113333327,0.012834755937543671
Llama-3.1-8B,LC20K,8,20134,36122460160.0,0.0010992433501620343,0.012683050199064785,0.007821648220000001,0.01283507155185302
Llama-3.1-8B,LC20K,8,20135,36123508736.0,0.0010992433501620343,0.012683358986707482,0.007821880326666674,0.012835387166162391
Llama-3.1-8B,LC20K,8,20136,36124557312.0,0.0010992433501620343,0.012683667774350166,0.007822112433333335,0.012835702780471749
Llama-3.1-8B,LC20K,8,20137,36125605888.0,0.0010992433501620343,0.012683976561992848,0.007822344539999984,0.012836018394781093
Llama-3.1-8B,LC20K,8,20138,36126654464.0,0.0010992433501620343,0.01268428534963553,0.007822576646666655,0.012836334009090431
Llama-3.1-8B,LC20K,8,20139,36127703040.0,0.0010992433501620343,0.012684594137278227,0.00782280875333333,0.012836649623399792
Llama-3.1-8B,LC20K,8,20140,36128751616.0,0.0010992433501620343,0.012684902924920912,0.007823040859999998,0.012836965237709148
Llama-3.1-8B,LC20K,8,20141,36129800192.0,0.0010992433501620343,0.012685211712563633,0.007823272966666663,0.012837280852018546
Llama-3.1-8B,LC20K,8,20142,36130848768.0,0.0010992433501620343,0.012685520500206314,0.00782350507333332,0.012837596466327893
Llama-3.1-8B,LC20K,8,20143,36131897344.0,0.0010992433501620343,0.012685829287848997,0.007823737179999995,0.012837912080637245
Llama-3.1-8B,LC20K,8,20144,36132945920.0,0.0010992433501620343,0.012686138075491694,0.007823969286666668,0.012838227694946594
Llama-3.1-8B,LC20K,8,20145,36133994496.0,0.0010992433501620343,0.012686446863134379,0.007824201393333327,0.012838543309255945
Llama-3.1-8B,LC20K,8,20146,36135043072.0,0.0010992433501620343,0.01268675565077706,0.00782443349999999,0.012838858923565297
Llama-3.1-8B,LC20K,8,20147,36136091648.0,0.0010992433501620343,0.012687064438419743,0.007824665606666656,0.012839174537874655
Llama-3.1-8B,LC20K,8,20148,36137140224.0,0.0010992433501620343,0.012687373226062441,0.007824897713333336,0.012839490152184017
Llama-3.1-8B,LC20K,8,20149,36138188800.0,0.0010992433501620343,0.012687682013705124,0.007825129820000004,0.012839805766493354
Llama-3.1-8B,LC20K,8,20150,36139237376.0,0.0010992433501620343,0.012687990801347845,0.007825361926666665,0.012840121380802748
Llama-3.1-8B,LC20K,8,20151,36140285952.0,0.0010992433501620343,0.01268829958899053,0.007825594033333317,0.012840436995112099
Llama-3.1-8B,LC20K,8,20152,36141334528.0,0.0010992433501620343,0.012688608376633225,0.007825826139999987,0.012840752609421467
Llama-3.1-8B,LC20K,8,20153,36142383104.0,0.0010992433501620343,0.01268891716427591,0.007826058246666674,0.012841068223730824
Llama-3.1-8B,LC20K,8,20154,36143431680.0,0.0010992433501620343,0.012689225951918591,0.00782629035333333,0.012841383838040168
Llama-3.1-8B,LC20K,8,20155,36144480256.0,0.0010992433501620343,0.012689534739561276,0.007826522459999994,0.012841699452349507
Llama-3.1-8B,LC20K,8,20156,36145528832.0,0.0010992433501620343,0.012689843527203972,0.007826754566666662,0.012842015066658876
Llama-3.1-8B,LC20K,8,20157,36146577408.0,0.0010992433501620343,0.012690152314846657,0.007826986673333338,0.012842330680968225
Llama-3.1-8B,LC20K,8,20158,36147625984.0,0.0010992433501620343,0.012690461102489376,0.007827218780000002,0.012842646295277621
Llama-3.1-8B,LC20K,8,20159,36148674560.0,0.0010992433501620343,0.012690769890132061,0.007827450886666658,0.012842961909586968
Llama-3.1-8B,LC64K,1,64128,23414841344.0,0.0009250517461808203,0.008941137090125357,0.004990192000833339,0.009000488689076474
Llama-3.1-8B,LC64K,1,64129,23414972416.0,0.0009250517461808203,0.008941175688580692,0.004990221014166674,0.00900052814086515
Llama-3.1-8B,LC64K,1,64130,23415103488.0,0.0009250517461808203,0.008941214287036023,0.004990250027500014,0.009000567592653807
Llama-3.1-8B,LC64K,1,64131,23415234560.0,0.0009250517461808203,0.008941252885491371,0.004990279040833345,0.009000607044442485
Llama-3.1-8B,LC64K,1,64132,23415365632.0,0.0009250517461808203,0.008941291483946703,0.004990308054166681,0.009000646496231158
Llama-3.1-8B,LC64K,1,64133,23415496704.0,0.0009250517461808203,0.008941330082402027,0.00499033706750001,0.009000685948019812
Llama-3.1-8B,LC64K,1,64134,23415627776.0,0.0009250517461808203,0.008941368680857356,0.004990366080833348,0.009000725399808477
Llama-3.1-8B,LC64K,1,64135,23415758848.0,0.0009250517461808203,0.008941408281996126,0.004990395094166679,0.009000764851597162
Llama-3.1-8B,LC64K,1,64136,23415889920.0,0.0009250517461808203,0.00894144688045146,0.004990424107500009,0.009000804303385837
Llama-3.1-8B,LC64K,1,64137,23416020992.0,0.0009250517461808203,0.008941485478906792,0.00499045312083334,0.009000843755174496
Llama-3.1-8B,LC64K,1,64138,23416152064.0,0.0009250517461808203,0.00894152407736214,0.004990482134166675,0.009000883206963182
Llama-3.1-8B,LC64K,1,64139,23416283136.0,0.0009250517461808203,0.008941562675817473,0.004990511147500015,0.009000922658751843
Llama-3.1-8B,LC64K,1,64140,23416414208.0,0.0009250517461808203,0.008941601274272798,0.004990540160833351,0.009000962110540509
Llama-3.1-8B,LC64K,1,64141,23416545280.0,0.0009250517461808203,0.008941639872728127,0.004990569174166682,0.00900100156232917
Llama-3.1-8B,LC64K,1,64142,23416676352.0,0.0009250517461808203,0.008941678471183477,0.004990598187500013,0.009001041014117842
Llama-3.1-8B,LC64K,1,64143,23416807424.0,0.0009250517461808203,0.008941717069638817,0.004990627200833347,0.009001080465906525
Llama-3.1-8B,LC64K,1,64144,23416938496.0,0.0009250517461808203,0.008941755668094149,0.0049906562141666805,0.009001119917695186
Llama-3.1-8B,LC64K,1,64145,23417069568.0,0.0009250517461808203,0.008941794266549497,0.004990685227500015,0.00900115936948387
Llama-3.1-8B,LC64K,1,64146,23417200640.0,0.0009250517461808203,0.008941832865004828,0.004990714240833346,0.009001198821272531
Llama-3.1-8B,LC64K,1,64147,23417331712.0,0.0009250517461808203,0.008941871463460153,0.004990743254166676,0.009001238273061195
Llama-3.1-8B,LC64K,1,64148,23417462784.0,0.0009250517461808203,0.008941910061915484,0.0049907722675000075,0.009001277724849856
Llama-3.1-8B,LC64K,1,64149,23417593856.0,0.0009250517461808203,0.008941948660370833,0.004990801280833343,0.00900131717663854
Llama-3.1-8B,LC64K,1,64150,23417724928.0,0.0009250517461808203,0.008941987258826164,0.004990830294166672,0.0090013566284272
Llama-3.1-8B,LC64K,1,64151,23417856000.0,0.0009250517461808203,0.008942025857281499,0.004990859307500008,0.009001396080215877
Llama-3.1-8B,LC64K,1,64152,23417987072.0,0.0009250517461808203,0.008942064455736854,0.004990888320833338,0.00900143553200456
Llama-3.1-8B,LC64K,1,64153,23418118144.0,0.0009250517461808203,0.008942103054192184,0.004990917334166671,0.009001474983793216
Llama-3.1-8B,LC64K,1,64154,23418249216.0,0.0009250517461808203,0.00894214165264751,0.0049909463475000075,0.009001514435581883
Llama-3.1-8B,LC64K,1,64155,23418380288.0,0.0009250517461808203,0.00894218025110284,0.004990975360833338,0.009001553887370542
Llama-3.1-8B,LC64K,1,64156,23418511360.0,0.0009250517461808203,0.00894221884955819,0.004991004374166673,0.009001593339159229
Llama-3.1-8B,LC64K,1,64157,23418642432.0,0.0009250517461808203,0.00894225744801352,0.004991033387500002,0.00900163279094789
Llama-3.1-8B,LC64K,1,64158,23418773504.0,0.0009250517461808203,0.008942296046468855,0.004991062400833349,0.009001672242736566
Llama-3.1-8B,LC64K,1,64159,23418904576.0,0.0009250517461808203,0.008942334644924185,0.004991091414166674,0.009001711694525223
Llama-3.1-8B,LC64K,8,64128,82253512704.0,0.0017498775096991043,0.026267850831814075,0.018032948913333235,0.0267202045612968
Llama-3.1-8B,LC64K,8,64129,82254561280.0,0.0017498775096991043,0.026268159619456718,0.018033181019999896,0.02672052017560611
Llama-3.1-8B,LC64K,8,64130,82255609856.0,0.0017498775096991043,0.026268468407099465,0.018033413126666564,0.026720835789915534
Llama-3.1-8B,LC64K,8,64131,82256658432.0,0.0017498775096991043,0.02626877719474211,0.01803364523333323,0.02672115140422485
Llama-3.1-8B,LC64K,8,64132,82257707008.0,0.0017498775096991043,0.026269085982384834,0.018033877339999897,0.026721467018534246
Llama-3.1-8B,LC64K,8,64133,82258755584.0,0.0017498775096991043,0.026269394770027477,0.01803410944666654,0.026721782632843548
Llama-3.1-8B,LC64K,8,64134,82259804160.0,0.0017498775096991043,0.0262697035576702,0.01803434155333323,0.026722098247152947
Llama-3.1-8B,LC64K,8,64135,82260852736.0,0.0017498775096991043,0.026270012345312926,0.01803457365999991,0.026722413861462343
Llama-3.1-8B,LC64K,8,64136,82261901312.0,0.0017498775096991043,0.026270321132955562,0.01803480576666656,0.026722729475771607
Llama-3.1-8B,LC64K,8,64137,82262949888.0,0.0017498775096991043,0.026270629920598292,0.018035037873333232,0.02672304509008101
Llama-3.1-8B,LC64K,8,64138,82263998464.0,0.0017498775096991043,0.026270938708240932,0.018035269979999897,0.026723360704390322
Llama-3.1-8B,LC64K,8,64139,82265047040.0,0.0017498775096991043,0.026271247495883686,0.018035502086666565,0.02672367631869974
Llama-3.1-8B,LC64K,8,64140,82266095616.0,0.0017498775096991043,0.026271556283526322,0.018035734193333226,0.026723991933009044
Llama-3.1-8B,LC64K,8,64141,82267144192.0,0.0017498775096991043,0.02627186507116905,0.0180359662999999,0.02672430754731845
Llama-3.1-8B,LC64K,8,64142,82268192768.0,0.0017498775096991043,0.02627217385881169,0.018036198406666565,0.02672462316162776
Llama-3.1-8B,LC64K,8,64143,82269241344.0,0.0017498775096991043,0.026272482646454414,0.018036430513333226,0.026724938775937155
Llama-3.1-8B,LC64K,8,64144,82270289920.0,0.0017498775096991043,0.02627279143409714,0.018036662619999935,0.026725254390246554
Llama-3.1-8B,LC64K,8,64145,82271338496.0,0.0017498775096991043,0.026273100221739783,0.01803689472666658,0.026725570004555856
Llama-3.1-8B,LC64K,8,64146,82272387072.0,0.0017498775096991043,0.026273409009382506,0.018037126833333247,0.026725885618865252
Llama-3.1-8B,LC64K,8,64147,82273435648.0,0.0017498775096991043,0.02627371779702515,0.0180373589399999,0.02672620123317454
Llama-3.1-8B,LC64K,8,64148,82274484224.0,0.0017498775096991043,0.026274026584667896,0.018037591046666565,0.02672651684748395
Llama-3.1-8B,LC64K,8,64149,82275532800.0,0.0017498775096991043,0.02627433537231054,0.018037823153333226,0.026726832461793255
Llama-3.1-8B,LC64K,8,64150,82276581376.0,0.0017498775096991043,0.026274644159953266,0.018038055259999866,0.026727148076102648
Llama-3.1-8B,LC64K,8,64151,82277629952.0,0.0017498775096991043,0.026274952947595902,0.01803828736666654,0.026727463690411953
Llama-3.1-8B,LC64K,8,64152,82278678528.0,0.0017498775096991043,0.026275261735238625,0.018038519473333202,0.02672777930472135
Llama-3.1-8B,LC64K,8,64153,82279727104.0,0.0017498775096991043,0.02627557052288135,0.018038751579999915,0.02672809491903075
Llama-3.1-8B,LC64K,8,64154,82280775680.0,0.0017498775096991043,0.026275879310523994,0.01803898368666658,0.026728410533340068
Llama-3.1-8B,LC64K,8,64155,82281824256.0,0.0017498775096991043,0.026276188098166717,0.01803921579333325,0.026728726147649463
Llama-3.1-8B,LC64K,8,64156,82282872832.0,0.0017498775096991043,0.026276496885809384,0.01803944789999989,0.02672904176195879
Llama-3.1-8B,LC64K,8,64157,82283921408.0,0.0017498775096991043,0.02627680567345211,0.01803968000666655,0.026729357376268185
Llama-3.1-8B,LC64K,8,64158,82284969984.0,0.0017498775096991043,0.026277114461094753,0.01803991211333324,0.0267296729905775
Llama-3.1-8B,LC64K,8,64159,82286018560.0,0.0017498775096991043,0.026277423248737476,0.018040144219999894,0.026729988604886856
Llama-3.1-8B,LC126K,1,126128,31541305344.0,0.001037763503376191,0.01133424360195274,0.006789018667500023,0.011446500197310668
Llama-3.1-8B,LC126K,1,126129,31541436416.0,0.001037763503376191,0.011334282200408089,0.006789047680833364,0.011446539649099342
Llama-3.1-8B,LC126K,1,126130,31541567488.0,0.001037763503376191,0.011334320798863444,0.006789076694166692,0.01144657910088803
Llama-3.1-8B,LC126K,1,126131,31541698560.0,0.001037763503376191,0.011334359397318772,0.006789105707500031,0.011446618552676703
Llama-3.1-8B,LC126K,1,126132,31541829632.0,0.001037763503376191,0.011334397995774115,0.006789134720833354,0.011446658004465378
Llama-3.1-8B,LC126K,1,126133,31541960704.0,0.001037763503376191,0.011334436594229445,0.006789163734166694,0.011446697456254035
Llama-3.1-8B,LC126K,1,126134,31542091776.0,0.001037763503376191,0.01133447519268477,0.006789192747500022,0.011446736908042692
Llama-3.1-8B,LC126K,1,126135,31542222848.0,0.001037763503376191,0.011334513791140097,0.00678922176083336,0.011446776359831363
Llama-3.1-8B,LC126K,1,126136,31542353920.0,0.001037763503376191,0.01133455238959544,0.0067892507741666875,0.01144681581162004
Llama-3.1-8B,LC126K,1,126137,31542484992.0,0.001037763503376191,0.011334590988050775,0.006789279787500026,0.01144685526340872
Llama-3.1-8B,LC126K,1,126138,31542616064.0,0.001037763503376191,0.011334629586506129,0.006789308800833376,0.011446894715197388
Llama-3.1-8B,LC126K,1,126139,31542747136.0,0.001037763503376191,0.011334668184961472,0.006789337814166704,0.011446934166986064
Llama-3.1-8B,LC126K,1,126140,31542878208.0,0.001037763503376191,0.0113347067834168,0.006789366827500041,0.01144697361877472
Llama-3.1-8B,LC126K,1,126141,31543009280.0,0.001037763503376191,0.011334745381872124,0.006789395840833369,0.011447013070563379
Llama-3.1-8B,LC126K,1,126142,31543140352.0,0.001037763503376191,0.011334783980327454,0.006789424854166709,0.011447052522352051
Llama-3.1-8B,LC126K,1,126143,31543271424.0,0.001037763503376191,0.011334822578782797,0.006789453867500033,0.011447091974140726
Llama-3.1-8B,LC126K,1,126144,31543402496.0,0.001037763503376191,0.011334861177238125,0.006789482880833372,0.011447131425929381
Llama-3.1-8B,LC126K,1,126145,31543533568.0,0.001037763503376191,0.01133489977569348,0.0067895118941667,0.01144717087771807
Llama-3.1-8B,LC126K,1,126146,31543664640.0,0.001037763503376191,0.01133493837414883,0.006789540907500037,0.01144721032950676
Llama-3.1-8B,LC126K,1,126147,31543795712.0,0.001037763503376191,0.011334976972604157,0.006789569920833373,0.011447249781295422
Llama-3.1-8B,LC126K,1,126148,31543926784.0,0.001037763503376191,0.011335015571059481,0.006789598934166711,0.011447289233084074
Llama-3.1-8B,LC126K,1,126149,31544057856.0,0.001037763503376191,0.011335054169514809,0.006789627947500039,0.011447328684872736
Llama-3.1-8B,LC126K,1,126150,31544188928.0,0.001037763503376191,0.011335092767970154,0.006789656960833366,0.011447368136661413
Llama-3.1-8B,LC126K,1,126151,31544320000.0,0.001037763503376191,0.011335131366425482,0.006789685974166705,0.01144740758845007
Llama-3.1-8B,LC126K,1,126152,31544451072.0,0.001037763503376191,0.011335169964880838,0.006789714987500033,0.011447447040238758
Llama-3.1-8B,LC126K,1,126153,31544582144.0,0.001037763503376191,0.011335208563336165,0.006789744000833372,0.011447486492027429
Llama-3.1-8B,LC126K,1,126154,31544713216.0,0.001037763503376191,0.011335247161791512,0.0067897730141667,0.011447525943816105
Llama-3.1-8B,LC126K,1,126155,31544844288.0,0.001037763503376191,0.011335285760246838,0.0067898020275000345,0.01144756539560476
Llama-3.1-8B,LC126K,1,126156,31544975360.0,0.001037763503376191,0.011335324358702166,0.0067898310408333615,0.011447604847393421
Llama-3.1-8B,LC126K,1,126157,31545106432.0,0.001037763503376191,0.01133536295715751,0.006789860054166701,0.011447644299182108
Llama-3.1-8B,LC126K,1,126158,31545237504.0,0.001037763503376191,0.011335401555612839,0.006789889067500027,0.011447683750970768
Llama-3.1-8B,LC126K,1,126159,31545368576.0,0.001037763503376191,0.01133544115675161,0.006789918080833366,0.011447723202759453
Llama-3.1-8B,LC126K,8,126128,147265224704.0,0.002661804471166451,0.045414015538291434,0.032423562246666614,0.04628829421388922
Llama-3.1-8B,LC126K,8,126129,147266273280.0,0.002661804471166451,0.04541432432593425,0.03242379435333327,0.04628860982819874
Llama-3.1-8B,LC126K,8,126130,147267321856.0,0.002661804471166451,0.04541463311357686,0.03242402645999993,0.04628892544250799
Llama-3.1-8B,LC126K,8,126131,147268370432.0,0.002661804471166451,0.045414941901219544,0.0324242585666666,0.046289241056817386
Llama-3.1-8B,LC126K,8,126132,147269419008.0,0.002661804471166451,0.04541525068886229,0.032424490673333216,0.04628955667112673
Llama-3.1-8B,LC126K,8,126133,147270467584.0,0.002661804471166451,0.04541555947650499,0.03242472277999991,0.04628987228543614
Llama-3.1-8B,LC126K,8,126134,147271516160.0,0.002661804471166451,0.0454158682641476,0.032424954886666565,0.04629018789974539
Llama-3.1-8B,LC126K,8,126135,147272564736.0,0.002661804471166451,0.04541617705179028,0.03242518699333322,0.04629050351405477
Llama-3.1-8B,LC126K,8,126136,147273613312.0,0.002661804471166451,0.04541648650649236,0.03242541909999989,0.04629081912836416
Llama-3.1-8B,LC126K,8,126137,147274661888.0,0.002661804471166451,0.045416790342599565,0.03242565120666655,0.04629113474267355
Llama-3.1-8B,LC126K,8,126138,147275710464.0,0.002661804471166451,0.04541709913024225,0.03242588331333322,0.04629145035698288
Llama-3.1-8B,LC126K,8,126139,147276759040.0,0.002661804471166451,0.045417407917885,0.03242611541999989,0.04629176597129227
Llama-3.1-8B,LC126K,8,126140,147277807616.0,0.002661804471166451,0.04541771670552768,0.032426347526666545,0.04629208158560165
Llama-3.1-8B,LC126K,8,126141,147278856192.0,0.002661804471166451,0.0454180254931703,0.03242657963333321,0.04629239719991091
Llama-3.1-8B,LC126K,8,126142,147279904768.0,0.002661804471166451,0.04541833428081299,0.03242681173999989,0.0462927128142203
Llama-3.1-8B,LC126K,8,126143,147280953344.0,0.002661804471166451,0.045418643068455736,0.0324270438466665,0.046293028428529656
Llama-3.1-8B,LC126K,8,126144,147282001920.0,0.002661804471166451,0.04541895185609842,0.032427275953333175,0.046293344042839045
Llama-3.1-8B,LC126K,8,126145,147283050496.0,0.002661804471166451,0.04541926064374103,0.03242750805999984,0.046293659657148295
Llama-3.1-8B,LC126K,8,126146,147284099072.0,0.002661804471166451,0.04541956943138385,0.0324277401666665,0.046293975271457816
Llama-3.1-8B,LC126K,8,126147,147285147648.0,0.002661804471166451,0.04541987821902653,0.03242797227333326,0.046294290885767135
Llama-3.1-8B,LC126K,8,126148,147286196224.0,0.002661804471166451,0.045420187006669145,0.03242820437999992,0.04629460650007646
Llama-3.1-8B,LC126K,8,126149,147287244800.0,0.002661804471166451,0.04542049579431183,0.032428436486666594,0.04629492211438578
Llama-3.1-8B,LC126K,8,126150,147288293376.0,0.002661804471166451,0.04542080458195459,0.03242866859333325,0.046295237728695184
Llama-3.1-8B,LC126K,8,126151,147289341952.0,0.002661804471166451,0.04542111336959727,0.032428900699999916,0.04629555334300457
Llama-3.1-8B,LC126K,8,126152,147290390528.0,0.002661804471166451,0.045421422157239884,0.032429132806666594,0.046295868957313815
Llama-3.1-8B,LC126K,8,126153,147291439104.0,0.002661804471166451,0.04542173094488257,0.03242936491333326,0.046296184571623204
Llama-3.1-8B,LC126K,8,126154,147292487680.0,0.002661804471166451,0.04542203973252536,0.03242959701999992,0.04629650018593262
Llama-3.1-8B,LC126K,8,126155,147293536256.0,0.002661804471166451,0.04542234852016799,0.03242982912666654,0.04629681580024195
Llama-3.1-8B,LC126K,8,126156,147294584832.0,0.002661804471166451,0.04542265730781068,0.0324300612333332,0.046297131414551274
Llama-3.1-8B,LC126K,8,126157,147295633408.0,0.002661804471166451,0.045422966095453425,0.032430293339999874,0.04629744702886073
Llama-3.1-8B,LC126K,8,126158,147296681984.0,0.002661804471166451,0.04542327488309612,0.032430525446666525,0.04629776264317005
Llama-3.1-8B,LC126K,8,126159,147297730560.0,0.002661804471166451,0.04542358367073873,0.03243075755333319,0.04629807825747938
Llama-3.1-70B,LC20K,1,20128,145599315968.0,0.004866279553490538,0.04735078280865493,0.030517703040833545,0.04745149571450482
Llama-3.1-70B,LC20K,1,20129,145599643648.0,0.004866279553490538,0.047350879304793064,0.030517779840833495,0.04745159647730958
Llama-3.1-70B,LC20K,1,20130,145599971328.0,0.004866279553490538,0.047350975800931554,0.030517856640833608,0.04745169724011461
Llama-3.1-70B,LC20K,1,20131,145600299008.0,0.004866279553490538,0.04735107229706986,0.030517933440833613,0.047451798002919716
Llama-3.1-70B,LC20K,1,20132,145600626688.0,0.004866279553490538,0.047351168793208345,0.030518010240833594,0.047451898765724844
Llama-3.1-70B,LC20K,1,20133,145600954368.0,0.004866279553490538,0.04735126528934649,0.03051808704083354,0.0474519995285296
Llama-3.1-70B,LC20K,1,20134,145601282048.0,0.004866279553490538,0.047351362788168386,0.030518163840833466,0.04745210029133481
Llama-3.1-70B,LC20K,1,20135,145601609728.0,0.004866279553490538,0.047351459284306556,0.030518240640833652,0.04745220105413959
Llama-3.1-70B,LC20K,1,20136,145601937408.0,0.004866279553490538,0.04735155578044504,0.030518317440833706,0.047452301816944716
Llama-3.1-70B,LC20K,1,20137,145602265088.0,0.004866279553490538,0.04735165227658318,0.030518394240833656,0.04745240257974965
Llama-3.1-70B,LC20K,1,20138,145602592768.0,0.004866279553490538,0.047351748772721663,0.0305184710408335,0.04745250334255468
Llama-3.1-70B,LC20K,1,20139,145602920448.0,0.004866279553490538,0.04735184526886015,0.030518547840833507,0.047452604105359966
Llama-3.1-70B,LC20K,1,20140,145603248128.0,0.004866279553490538,0.04735194176499829,0.030518624640833752,0.04745270486816474
Llama-3.1-70B,LC20K,1,20141,145603575808.0,0.004866279553490538,0.04735203826113677,0.03051870144083357,0.04745280563096975
Llama-3.1-70B,LC20K,1,20142,145603903488.0,0.004866279553490538,0.04735213475727494,0.03051877824083359,0.04745290639377472
Llama-3.1-70B,LC20K,1,20143,145604231168.0,0.004866279553490538,0.04735223125341343,0.030518855040833556,0.047453007156579845
Llama-3.1-70B,LC20K,1,20144,145604558848.0,0.004866279553490538,0.047352327749551566,0.030518931840833572,0.0474531079193846
Llama-3.1-70B,LC20K,1,20145,145604886528.0,0.004866279553490538,0.047352424245690056,0.030519008640833428,0.04745320868218981
Llama-3.1-70B,LC20K,1,20146,145605214208.0,0.004866279553490538,0.047352520741828365,0.030519085440833635,0.04745330944499474
Llama-3.1-70B,LC20K,1,20147,145605541888.0,0.004866279553490538,0.04735261723796686,0.030519162240833668,0.04745341020779987
Llama-3.1-70B,LC20K,1,20148,145605869568.0,0.004866279553490538,0.04735271373410499,0.030519239040833614,0.047453510970604795
Llama-3.1-70B,LC20K,1,20149,145606197248.0,0.004866279553490538,0.04735281023024352,0.030519315840833467,0.04745361173340987
Llama-3.1-70B,LC20K,1,20150,145606524928.0,0.004866279553490538,0.047352905723956784,0.030519392640833483,0.04745371249621479
Llama-3.1-70B,LC20K,1,20151,145606852608.0,0.004866279553490538,0.04735300222009529,0.030519469440833717,0.04745381325901993
Llama-3.1-70B,LC20K,1,20152,145607180288.0,0.004866279553490538,0.04735309871623341,0.0305195462408336,0.04745391402182458
Llama-3.1-70B,LC20K,1,20153,145607507968.0,0.004866279553490538,0.04735319521237189,0.03051962304083355,0.04745401478462986
Llama-3.1-70B,LC20K,1,20154,145607835648.0,0.004866279553490538,0.047353291708510395,0.030519699840833536,0.047454115547435
Llama-3.1-70B,LC20K,1,20155,145608163328.0,0.004866279553490538,0.04735338820464852,0.030519776640833555,0.04745421631023974
Llama-3.1-70B,LC20K,1,20156,145608491008.0,0.004866279553490538,0.04735348470078705,0.030519853440833654,0.047454317073044996
Llama-3.1-70B,LC20K,1,20157,145608818688.0,0.004866279553490538,0.047353581196925176,0.03051993024083367,0.047454417835849735
Llama-3.1-70B,LC20K,1,20158,145609146368.0,0.004866279553490538,0.04735367869574709,0.030520007040833647,0.04745451859865487
Llama-3.1-70B,LC20K,1,20159,145609474048.0,0.004866279553490538,0.04735377519188522,0.030520083840833594,0.04745461936145979
Llama-3.1-70B,LC20K,8,20128,191770525696.0,0.005506681155968311,0.060946758023278015,0.041428290566666345,0.06169632563576541
Llama-3.1-70B,LC20K,8,20129,191773147136.0,0.005506681155968311,0.06094752999238518,0.041428904966666596,0.06169713173820596
Llama-3.1-70B,LC20K,8,20130,191775768576.0,0.005506681155968311,0.06094830196149182,0.04142951936666659,0.061697937840645964
Llama-3.1-70B,LC20K,8,20131,191778390016.0,0.005506681155968311,0.06094907393059832,0.04143013376666651,0.061698743943085825
Llama-3.1-70B,LC20K,8,20132,191781011456.0,0.005506681155968311,0.06094984589970496,0.0414307481666664,0.061699550045525756
Llama-3.1-70B,LC20K,8,20133,191783632896.0,0.005506681155968311,0.060950617868812014,0.0414313625666666,0.0617003561479662
Llama-3.1-70B,LC20K,8,20134,191786254336.0,0.005506681155968311,0.06095138983791865,0.04143197696666657,0.06170116225040619
Llama-3.1-70B,LC20K,8,20135,191788875776.0,0.005506681155968311,0.06095216180702515,0.04143259136666638,0.0617019683528458
Llama-3.1-70B,LC20K,8,20136,191791497216.0,0.005506681155968311,0.06095293377613179,0.04143320576666638,0.061702774455285804
Llama-3.1-70B,LC20K,8,20137,191794118656.0,0.005506681155968311,0.06095370574523895,0.04143382016666655,0.06170358055772633
Llama-3.1-70B,LC20K,8,20138,191796740096.0,0.005506681155968311,0.060954477714345444,0.04143443456666645,0.06170438666016613
Llama-3.1-70B,LC20K,8,20139,191799361536.0,0.005506681155968311,0.06095524968345209,0.04143504896666636,0.06170519276260612
Llama-3.1-70B,LC20K,8,20140,191801982976.0,0.005506681155968311,0.06095602165255911,0.041435663366666355,0.06170599886504653
Llama-3.1-70B,LC20K,8,20141,191804604416.0,0.005506681155968311,0.060956793621665784,0.04143627776666658,0.06170680496748658
Llama-3.1-70B,LC20K,8,20142,191807225856.0,0.005506681155968311,0.06095756559077228,0.041436892166666545,0.06170761106992643
Llama-3.1-70B,LC20K,8,20143,191809847296.0,0.005506681155968311,0.060958337559878915,0.04143750656666648,0.061708417172366435
Llama-3.1-70B,LC20K,8,20144,191812468736.0,0.005506681155968311,0.06095910952898594,0.041438120966666374,0.06170922327480678
Llama-3.1-70B,LC20K,8,20145,191815090176.0,0.005506681155968311,0.06095988149809258,0.041438735366666556,0.06171002937724677
Llama-3.1-70B,LC20K,8,20146,191817711616.0,0.005506681155968311,0.06096065346745777,0.04143934976666654,0.061710835479686775
Llama-3.1-70B,LC20K,8,20147,191820333056.0,0.005506681155968311,0.06096142543656479,0.04143996416666636,0.061711641582126914
Llama-3.1-70B,LC20K,8,20148,191822954496.0,0.005506681155968311,0.06096219740567144,0.04144057856666633,0.061712447684566914
Llama-3.1-70B,LC20K,8,20149,191825575936.0,0.005506681155968311,0.06096296937477793,0.04144119296666643,0.06171325378700671
Llama-3.1-70B,LC20K,8,20150,191828197376.0,0.005506681155968311,0.0609637413438846,0.041441807366666424,0.061714059889446754
Llama-3.1-70B,LC20K,8,20151,191830818816.0,0.005506681155968311,0.060964513312991624,0.04144242176666634,0.06171486599188714
Llama-3.1-70B,LC20K,8,20152,191833440256.0,0.005506681155968311,0.06096528528209827,0.04144303616666633,0.061715672094327156
Llama-3.1-70B,LC20K,8,20153,191836061696.0,0.005506681155968311,0.06096605725120476,0.04144365056666653,0.061716478196767025
Llama-3.1-70B,LC20K,8,20154,191838683136.0,0.005506681155968311,0.060966829220053385,0.041444264966666707,0.06171728429920755
Llama-3.1-70B,LC20K,8,20155,191841304576.0,0.005506681155968311,0.060967601189160024,0.041444879366666604,0.06171809040164749
Llama-3.1-70B,LC20K,8,20156,191843926016.0,0.005506681155968311,0.060968373158266524,0.04144549376666654,0.061718896504087364
Llama-3.1-70B,LC20K,8,20157,191846547456.0,0.005506681155968311,0.06096914512737316,0.04144610816666651,0.06171970260652735
Llama-3.1-70B,LC20K,8,20158,191849168896.0,0.005506681155968311,0.06096991709648021,0.04144672256666659,0.06172050870896753
Llama-3.1-70B,LC20K,8,20159,191851790336.0,0.005506681155968311,0.06097068906558685,0.041447336966666554,0.06172131481140752
Llama-3.1-70B,LC64K,1,64128,160017235968.0,0.005071203541263829,0.05159662242023571,0.033896903040833516,0.05188506064343322
Llama-3.1-70B,LC64K,1,64129,160017563648.0,0.005071203541263829,0.05159671891637384,0.03389697984083376,0.05188516140623797
Llama-3.1-70B,LC64K,1,64130,160017891328.0,0.005071203541263829,0.05159681541251236,0.03389705664083359,0.05188526216904301
Llama-3.1-70B,LC64K,1,64131,160018219008.0,0.005071203541263829,0.05159691190865046,0.033897133440833595,0.05188536293184793
Llama-3.1-70B,LC64K,1,64132,160018546688.0,0.005071203541263829,0.05159700840478898,0.03389721024083359,0.05188546369465307
Llama-3.1-70B,LC64K,1,64133,160018874368.0,0.005071203541263829,0.0515971049009275,0.033897287040833536,0.05188556445745819
Llama-3.1-70B,LC64K,1,64134,160019202048.0,0.005071203541263829,0.05159720139706559,0.0338973638408337,0.05188566522026304
Llama-3.1-70B,LC64K,1,64135,160019529728.0,0.005071203541263829,0.05159729789320412,0.0338974406408336,0.051885765983068176
Llama-3.1-70B,LC64K,1,64136,160019857408.0,0.005071203541263829,0.05159739438934226,0.033897517440833656,0.05188586674587292
Llama-3.1-70B,LC64K,1,64137,160020185088.0,0.005071203541263829,0.051597490885480775,0.03389759424083364,0.051885967508678264
Llama-3.1-70B,LC64K,1,64138,160020512768.0,0.005071203541263829,0.051597587381618876,0.033897671040833514,0.0518860682714829
Llama-3.1-70B,LC64K,1,64139,160020840448.0,0.005071203541263829,0.0515976838777574,0.03389774784083377,0.05188616903428824
Llama-3.1-70B,LC64K,1,64140,160021168128.0,0.005071203541263829,0.05159778037389565,0.0338978246408337,0.05188626979709312
Llama-3.1-70B,LC64K,1,64141,160021495808.0,0.005071203541263829,0.05159787687003418,0.03389790144083373,0.05188637055989824
Llama-3.1-70B,LC64K,1,64142,160021823488.0,0.005071203541263829,0.05159797336617227,0.03389797824083359,0.051886471322703076
Llama-3.1-70B,LC64K,1,64143,160022151168.0,0.005071203541263829,0.05159806986231084,0.03389805504083358,0.05188657208550826
Llama-3.1-70B,LC64K,1,64144,160022478848.0,0.005071203541263829,0.05159816635844893,0.033898131840833554,0.051886672848312956
Llama-3.1-70B,LC64K,1,64145,160022806528.0,0.005071203541263829,0.051598262854587455,0.03389820864083364,0.051886773611118236
Llama-3.1-70B,LC64K,1,64146,160023134208.0,0.005071203541263829,0.05159835935072555,0.03389828544083366,0.05188687437392293
Llama-3.1-70B,LC64K,1,64147,160023461888.0,0.005071203541263829,0.051598455846864066,0.03389836224083365,0.05188697513672807
Llama-3.1-70B,LC64K,1,64148,160023789568.0,0.005071203541263829,0.05159855234300259,0.03389843904083359,0.051887075899533404
Llama-3.1-70B,LC64K,1,64149,160024117248.0,0.005071203541263829,0.05159864883914069,0.03389851584083352,0.051887176662338046
Llama-3.1-70B,LC64K,1,64150,160024444928.0,0.005071203541263829,0.05159874533527921,0.0338985926408337,0.05188727742514338
Llama-3.1-70B,LC64K,1,64151,160024772608.0,0.005071203541263829,0.051598841831417344,0.03389866944083376,0.05188737818794814
Llama-3.1-70B,LC64K,1,64152,160025100288.0,0.005071203541263829,0.051598938327555875,0.03389874624083366,0.051887478950753275
Llama-3.1-70B,LC64K,1,64153,160025427968.0,0.005071203541263829,0.05159903482369397,0.03389882304083353,0.0518875797135581
Llama-3.1-70B,LC64K,1,64154,160025755648.0,0.005071203541263829,0.05159913131983265,0.03389889984083358,0.051887680476363406
Llama-3.1-70B,LC64K,1,64155,160026083328.0,0.005071203541263829,0.05159922781597074,0.03389897664083373,0.051887781239168096
Llama-3.1-70B,LC64K,1,64156,160026411008.0,0.005071203541263829,0.05159932431210927,0.03389905344083364,0.05188788200197338
Llama-3.1-70B,LC64K,1,64157,160026738688.0,0.005071203541263829,0.051599420808247365,0.0338991302408336,0.05188798276477807
Llama-3.1-70B,LC64K,1,64158,160027066368.0,0.005071203541263829,0.051599517304385924,0.03389920704083359,0.05188808352758326
Llama-3.1-70B,LC64K,1,64159,160027394048.0,0.005071203541263829,0.05159961380052402,0.03389928384083365,0.05188818429038816
Llama-3.1-70B,LC64K,8,64128,307113885696.0,0.00713326694625939,0.09491339871438632,0.06846189056666681,0.09716483300052228
Llama-3.1-70B,LC64K,8,64129,307116507136.0,0.00713326694625939,0.09491417068349356,0.06846250496666649,0.09716563910296308
Llama-3.1-70B,LC64K,8,64130,307119128576.0,0.00713326694625939,0.09491494265260013,0.06846311936666666,0.09716644520540284
Llama-3.1-70B,LC64K,8,64131,307121750016.0,0.00713326694625939,0.09491571462170696,0.06846373376666677,0.09716725130784284
Llama-3.1-70B,LC64K,8,64132,307124371456.0,0.00713326694625939,0.09491648659081352,0.06846434816666684,0.09716805741028296
Llama-3.1-70B,LC64K,8,64133,307126992896.0,0.00713326694625939,0.09491725855966145,0.06846496256666657,0.09716886351272257
Llama-3.1-70B,LC64K,8,64134,307129614336.0,0.00713326694625939,0.094918030528768,0.06846557696666665,0.0971696696151627
Llama-3.1-70B,LC64K,8,64135,307132235776.0,0.00713326694625939,0.09491880249787492,0.06846619136666675,0.09717047571760278
Llama-3.1-70B,LC64K,8,64136,307134857216.0,0.00713326694625939,0.09491957446698214,0.06846680576666674,0.09717128182004342
Llama-3.1-70B,LC64K,8,64137,307137478656.0,0.00713326694625939,0.0949203464360887,0.06846742016666633,0.09717208792248315
Llama-3.1-70B,LC64K,8,64138,307140100096.0,0.00713326694625939,0.09492111840519553,0.06846803456666666,0.09717289402492355
Llama-3.1-70B,LC64K,8,64139,307142721536.0,0.00713326694625939,0.09492189037430211,0.06846864896666666,0.09717370012736326
Llama-3.1-70B,LC64K,8,64140,307145342976.0,0.00713326694625939,0.09492266234340857,0.06846926336666684,0.09717450622980328
Llama-3.1-70B,LC64K,8,64141,307147964416.0,0.00713326694625939,0.09492343431251514,0.068469877766667,0.09717531233224302
Llama-3.1-70B,LC64K,8,64142,307150585856.0,0.00713326694625939,0.09492420628162196,0.06847049216666662,0.09717611843468303
Llama-3.1-70B,LC64K,8,64143,307153207296.0,0.00713326694625939,0.09492497825098782,0.06847110656666686,0.09717692453712393
Llama-3.1-70B,LC64K,8,64144,307155828736.0,0.00713326694625939,0.09492575022009438,0.06847172096666697,0.09717773063956366
Llama-3.1-70B,LC64K,8,64145,307158450176.0,0.00713326694625939,0.09492652218920121,0.068472335366667,0.09717853674200401
Llama-3.1-70B,LC64K,8,64146,307161071616.0,0.00713326694625939,0.09492729415830777,0.06847294976666676,0.09717934284444374
Llama-3.1-70B,LC64K,8,64147,307163693056.0,0.00713326694625939,0.09492806612741424,0.06847356416666658,0.09718014894688361
Llama-3.1-70B,LC64K,8,64148,307166314496.0,0.00713326694625939,0.0949288380965208,0.06847417856666671,0.09718095504932335
Llama-3.1-70B,LC64K,8,64149,307168935936.0,0.00713326694625939,0.09492961006562764,0.06847479296666693,0.09718176115176375
Llama-3.1-70B,LC64K,8,64150,307171557376.0,0.00713326694625939,0.0949303820347342,0.06847540736666649,0.09718256725420345
Llama-3.1-70B,LC64K,8,64151,307174178816.0,0.00713326694625939,0.09493115400384142,0.06847602176666674,0.09718337335664425
Llama-3.1-70B,LC64K,8,64152,307176800256.0,0.00713326694625939,0.09493192597294833,0.06847663616666684,0.09718417945908434
Llama-3.1-70B,LC64K,8,64153,307179421696.0,0.00713326694625939,0.09493269794205489,0.06847725056666684,0.09718498556152408
Llama-3.1-70B,LC64K,8,64154,307182043136.0,0.00713326694625939,0.09493346991116136,0.06847786496666672,0.09718579166396411
Llama-3.1-70B,LC64K,8,64155,307184664576.0,0.00713326694625939,0.09493424188026792,0.06847847936666669,0.09718659776640384
Llama-3.1-70B,LC64K,8,64156,307187286016.0,0.00713326694625939,0.09493501384937478,0.06847909376666683,0.09718740386884422
Llama-3.1-70B,LC64K,8,64157,307189907456.0,0.00713326694625939,0.09493578581848133,0.06847970816666699,0.09718820997128394
Llama-3.1-70B,LC64K,8,64158,307192528896.0,0.00713326694625939,0.09493655778758855,0.06848032256666668,0.09718901607372477
Llama-3.1-70B,LC64K,8,64159,307195150336.0,0.00713326694625939,0.09493732975669511,0.0684809369666666,0.09718982217616431
Llama-3.1-70B,LC126K,1,126128,180333395968.0,0.005352982934252285,0.057579376988527935,0.03865850304083366,0.058132353888618156
Llama-3.1-70B,LC126K,1,126129,180333723648.0,0.005352982934252285,0.0575794734846665,0.03865857984083367,0.058132454651423505
Llama-3.1-70B,LC126K,1,126130,180334051328.0,0.005352982934252285,0.05757956998080459,0.03865865664083354,0.05813255541422818
Llama-3.1-70B,LC126K,1,126131,180334379008.0,0.005352982934252285,0.057579666476943146,0.03865873344083355,0.058132656177033344
Llama-3.1-70B,LC126K,1,126132,180334706688.0,0.005352982934252285,0.057579762973081206,0.038658810240833695,0.05813275693983824
Llama-3.1-70B,LC126K,1,126133,180335034368.0,0.005352982934252285,0.057579859469219764,0.03865888704083342,0.05813285770264333
Llama-3.1-70B,LC126K,1,126134,180335362048.0,0.005352982934252285,0.057579957634842506,0.03865896384083375,0.05813295846544872
Llama-3.1-70B,LC126K,1,126135,180335689728.0,0.005352982934252285,0.057580054130980565,0.03865904064083362,0.05813305922825338
Llama-3.1-70B,LC126K,1,126136,180336017408.0,0.005352982934252285,0.057580150627119124,0.038659117440833626,0.05813315999105854
Llama-3.1-70B,LC126K,1,126137,180336345088.0,0.005352982934252285,0.05758024712325719,0.03865919424083364,0.0581332607538634
Llama-3.1-70B,LC126K,1,126138,180336672768.0,0.005352982934252285,0.05758034361939578,0.0386592710408335,0.05813336151666856
Llama-3.1-70B,LC126K,1,126139,180337000448.0,0.005352982934252285,0.057580440115533836,0.03865934784083372,0.058133462279473205
Llama-3.1-70B,LC126K,1,126140,180337328128.0,0.005352982934252285,0.057580536611672395,0.03865942464083359,0.05813356304227854
Llama-3.1-70B,LC126K,1,126141,180337655808.0,0.005352982934252285,0.0575806331078106,0.03865950144083359,0.058133663805083335
Llama-3.1-70B,LC126K,1,126142,180337983488.0,0.005352982934252285,0.05758072960394916,0.038659578240833624,0.0581337645678885
Llama-3.1-70B,LC126K,1,126143,180338311168.0,0.005352982934252285,0.05758082610008722,0.03865965504083356,0.058133865330693396
Llama-3.1-70B,LC126K,1,126144,180338638848.0,0.005352982934252285,0.05758092259622578,0.038659731840833704,0.05813396609349848
Llama-3.1-70B,LC126K,1,126145,180338966528.0,0.005352982934252285,0.057581019092363864,0.03865980864083361,0.058134066856303415
Llama-3.1-70B,LC126K,1,126146,180339294208.0,0.005352982934252285,0.05758111558850243,0.038659885440833694,0.058134167619108584
Llama-3.1-70B,LC126K,1,126147,180339621888.0,0.005352982934252285,0.05758121041489774,0.038659962240833685,0.058134268381913226
Llama-3.1-70B,LC126K,1,126148,180339949568.0,0.005352982934252285,0.057581306911036294,0.03866003904083355,0.05813436914471856
Llama-3.1-70B,LC126K,1,126149,180340277248.0,0.005352982934252285,0.05758140340717485,0.038660115840833675,0.0581344699075237
Llama-3.1-70B,LC126K,1,126150,180340604928.0,0.005352982934252285,0.05758149990331291,0.0386601926408336,0.05813457067032836
Llama-3.1-70B,LC126K,1,126151,180340932608.0,0.005352982934252285,0.05758159539702661,0.038660269440833665,0.058134671433133694
Llama-3.1-70B,LC126K,1,126152,180341260288.0,0.005352982934252285,0.0575816918931647,0.03866034624083365,0.05813477219593837
Llama-3.1-70B,LC126K,1,126153,180341587968.0,0.005352982934252285,0.05758178838930326,0.038660423040833544,0.05813487295874354
Llama-3.1-70B,LC126K,1,126154,180341915648.0,0.005352982934252285,0.057581884885441324,0.03866049984083364,0.05813497372154844
Llama-3.1-70B,LC126K,1,126155,180342243328.0,0.005352982934252285,0.05758198138158003,0.03866057664083358,0.05813507448435367
Llama-3.1-70B,LC126K,1,126156,180342571008.0,0.005352982934252285,0.05758207787771809,0.03866065344083373,0.05813517524715857
Llama-3.1-70B,LC126K,1,126157,180342898688.0,0.005352982934252285,0.05758217437385665,0.03866073024083375,0.05813527600996374
Llama-3.1-70B,LC126K,1,126158,180343226368.0,0.005352982934252285,0.057582270869994706,0.038660807040833564,0.05813537677276838
Llama-3.1-70B,LC126K,1,126159,180343554048.0,0.005352982934252285,0.057582365696390546,0.038660883840833625,0.05813547753557375
Llama-3.1-70B,LC126K,8,126128,469643165696.0,0.009413084313939099,0.14277879360807638,0.106554690566668,0.14714318444560137
Llama-3.1-70B,LC126K,8,126129,469645787136.0,0.009413084313939099,0.14277956557718313,0.106555304966668,0.14714399054804148
Llama-3.1-70B,LC126K,8,126130,469648408576.0,0.009413084313939099,0.14278033754629055,0.10655591936666842,0.14714479665048208
Llama-3.1-70B,LC126K,8,126131,469651030016.0,0.009413084313939099,0.14278110951539708,0.10655653376666814,0.14714560275292227
Llama-3.1-70B,LC126K,8,126132,469653651456.0,0.009413084313939099,0.14278188148450374,0.1065571481666684,0.14714640885536207
Llama-3.1-70B,LC126K,8,126133,469656272896.0,0.009413084313939099,0.14278265345361027,0.10655776256666843,0.14714721495780195
Llama-3.1-70B,LC126K,8,126134,469658894336.0,0.009413084313939099,0.14278342542271674,0.10655837696666795,0.14714802106024163
Llama-3.1-70B,LC126K,8,126135,469661515776.0,0.009413084313939099,0.14278419739182327,0.10655899136666853,0.14714882716268182
Llama-3.1-70B,LC126K,8,126136,469664137216.0,0.009413084313939099,0.14278496936092994,0.10655960576666805,0.14714963326512173
Llama-3.1-70B,LC126K,8,126137,469666758656.0,0.009413084313939099,0.14278574133003677,0.1065602201666681,0.14715043936756222
Llama-3.1-70B,LC126K,8,126138,469669380096.0,0.009413084313939099,0.14278651329914394,0.10656083456666851,0.14715124547000227
Llama-3.1-70B,LC126K,8,126139,469672001536.0,0.009413084313939099,0.14278728460119128,0.10656144896666778,0.14715205157244216
Llama-3.1-70B,LC126K,8,126140,469674622976.0,0.009413084313939099,0.1427880565702978,0.10656206336666861,0.147152857674882
Llama-3.1-70B,LC126K,8,126141,469677244416.0,0.009413084313939099,0.1427888285394048,0.1065626777666682,0.14715366377732236
Llama-3.1-70B,LC126K,8,126142,469679865856.0,0.009413084313939099,0.14278960479324604,0.10656329216666816,0.14715446987976255
Llama-3.1-70B,LC126K,8,126143,469682487296.0,0.009413084313939099,0.14279037676235273,0.10656390656666817,0.14715527598220235
Llama-3.1-70B,LC126K,8,126144,469685108736.0,0.009413084313939099,0.14279114873145926,0.10656452096666814,0.14715608208464223
Llama-3.1-70B,LC126K,8,126145,469687730176.0,0.009413084313939099,0.14279192070056668,0.10656513536666772,0.14715688818708283
Llama-3.1-70B,LC126K,8,126146,469690351616.0,0.009413084313939099,0.14279269266967343,0.10656574976666855,0.14715769428952324
Llama-3.1-70B,LC126K,8,126147,469692973056.0,0.009413084313939099,0.14279346463877993,0.10656636416666783,0.14715850039196296
Llama-3.1-70B,LC126K,8,126148,469695594496.0,0.009413084313939099,0.14279424155968043,0.10656697856666869,0.1471593064944028
Llama-3.1-70B,LC126K,8,126149,469698215936.0,0.009413084313939099,0.14279501352878693,0.10656759296666828,0.14716011259684253
Llama-3.1-70B,LC126K,8,126150,469700837376.0,0.009413084313939099,0.14279578549789365,0.10656820736666786,0.14716091869928244
Llama-3.1-70B,LC126K,8,126151,469703458816.0,0.009413084313939099,0.1427965581340595,0.10656882176666874,0.14716172480172232
Llama-3.1-70B,LC126K,8,126152,469706080256.0,0.009413084313939099,0.14279733010316692,0.10656943616666796,0.1471625309041629
Llama-3.1-70B,LC126K,8,126153,469708701696.0,0.009413084313939099,0.14279810207227342,0.10657005056666884,0.1471633370066031
Llama-3.1-70B,LC126K,8,126154,469711323136.0,0.009413084313939099,0.14279887404138014,0.10657066496666842,0.14716414310904302
Llama-3.1-70B,LC126K,8,126155,469713944576.0,0.009413084313939099,0.14279964601048717,0.10657127936666823,0.14716494921148343
Llama-3.1-70B,LC126K,8,126156,469716566016.0,0.009413084313939099,0.142800413694859,0.1065718937666684,0.14716575531392315
Llama-3.1-70B,LC126K,8,126157,469719187456.0,0.009413084313939099,0.14280118566396569,0.10657250816666837,0.14716656141636353
Llama-3.1-70B,LC126K,8,126158,469721808896.0,0.009413084313939099,0.14280195763307219,0.10657312256666791,0.14716736751880324
Llama-3.1-70B,LC126K,8,126159,469724430336.0,0.009413084313939099,0.1428027296021796,0.10657373696666878,0.147168173621244
Llama-3.1-405B,LC20K,1,20128,817884323840.0,0.017365575266244743,0.25491936451687314,0.17097213376083514,0.25522310942717413
Llama-3.1-405B,LC20K,1,20129,817884839936.0,0.017365575266244743,0.2549195164982919,0.17097226816083305,0.25522327484859153
Llama-3.1-405B,LC20K,1,20130,817885356032.0,0.017365575266244743,0.2549196684797075,0.1709724025608338,0.2552234402700076
Llama-3.1-405B,LC20K,1,20131,817885872128.0,0.017365575266244743,0.2549198204611272,0.17097253696083453,0.255223605691428
Llama-3.1-405B,LC20K,1,20132,817886388224.0,0.017365575266244743,0.2549199724425427,0.1709726713608343,0.2552237711128422
Llama-3.1-405B,LC20K,1,20133,817886904320.0,0.017365575266244743,0.254920125426645,0.17097280576083335,0.2552239365342616
Llama-3.1-405B,LC20K,1,20134,817887420416.0,0.017365575266244743,0.254920277408064,0.1709729401608345,0.2552241019556813
Llama-3.1-405B,LC20K,1,20135,817887936512.0,0.017365575266244743,0.2549204293894802,0.17097307456083508,0.2552242673770979
Llama-3.1-405B,LC20K,1,20136,817888452608.0,0.017365575266244743,0.2549205786987315,0.170973208960833,0.2552244327985156
Llama-3.1-405B,LC20K,1,20137,817888968704.0,0.017365575266244743,0.2549207306801504,0.17097334336083453,0.25522459821993526
Llama-3.1-405B,LC20K,1,20138,817889484800.0,0.017365575266244743,0.2549208826615668,0.17097347776083324,0.25522476364135194
Llama-3.1-405B,LC20K,1,20139,817890000896.0,0.017365575266244743,0.2549210346429858,0.1709736121608348,0.25522492906277006
Llama-3.1-405B,LC20K,1,20140,817890516992.0,0.017365575266244743,0.2549211866244047,0.17097374656083397,0.25522509448418945
Llama-3.1-405B,LC20K,1,20141,817891033088.0,0.017365575266244743,0.25492133860582017,0.17097388096083446,0.25522525990560524
Llama-3.1-405B,LC20K,1,20142,817891549184.0,0.017365575266244743,0.25492149058723984,0.17097401536083473,0.255225425327024
Llama-3.1-405B,LC20K,1,20143,817892065280.0,0.017365575266244743,0.25492164256865546,0.17097414976083358,0.25522559074844003
Llama-3.1-405B,LC20K,1,20144,817892581376.0,0.017365575266244743,0.25492179455007424,0.17097428416083446,0.2552257561698592
Llama-3.1-405B,LC20K,1,20145,817893097472.0,0.017365575266244743,0.25492194653149325,0.1709744185608329,0.2552259215912772
Llama-3.1-405B,LC20K,1,20146,817893613568.0,0.017365575266244743,0.25492209851290953,0.17097455296083475,0.25522608701269406
Llama-3.1-405B,LC20K,1,20147,817894129664.0,0.017365575266244743,0.25492225049432854,0.1709746873608336,0.25522625243411345
Llama-3.1-405B,LC20K,1,20148,817894645760.0,0.017365575266244743,0.2549224024757473,0.1709748217608342,0.2552264178555313
Llama-3.1-405B,LC20K,1,20149,817895161856.0,0.017365575266244743,0.25492255445716294,0.17097495616083289,0.25522658327694736
Llama-3.1-405B,LC20K,1,20150,817895677952.0,0.017365575266244743,0.2549227064385826,0.17097509056083415,0.2552267486983677
Llama-3.1-405B,LC20K,1,20151,817896194048.0,0.017365575266244743,0.2549228594226815,0.17097522496083417,0.25522691411978193
Llama-3.1-405B,LC20K,1,20152,817896710144.0,0.017365575266244743,0.2549230114041004,0.17097535936083283,0.2552270795412012
Llama-3.1-405B,LC20K,1,20153,817897226240.0,0.017365575266244743,0.2549231623830954,0.1709754937608353,0.2552272449626219
Llama-3.1-405B,LC20K,1,20154,817897742336.0,0.017365575266244743,0.2549233126947682,0.17097562816083325,0.2552274103840361
Llama-3.1-405B,LC20K,1,20155,817898258432.0,0.017365575266244743,0.2549234646761871,0.17097576256083413,0.25522757580545546
Llama-3.1-405B,LC20K,1,20156,817898774528.0,0.017365575266244743,0.2549236166576061,0.17097589696083346,0.2552277412268751
Llama-3.1-405B,LC20K,1,20157,817899290624.0,0.017365575266244743,0.2549237686390222,0.17097603136083403,0.25522790664829165
Llama-3.1-405B,LC20K,1,20158,817899806720.0,0.017365575266244743,0.2549239206204412,0.1709761657608338,0.2552280720697093
Llama-3.1-405B,LC20K,1,20159,817900322816.0,0.017365575266244743,0.2549240726018601,0.17097630016083357,0.25522823749112916
Llama-3.1-405B,LC20K,8,20128,890604027904.0,0.018374209958924748,0.2763330234710186,0.19017903616666784,0.27867459744856005
Llama-3.1-405B,LC20K,8,20129,890608156672.0,0.018374209958924748,0.2763342393223609,0.1901801113666683,0.2786759208199018
Llama-3.1-405B,LC20K,8,20130,890612285440.0,0.018374209958924748,0.27633545517396274,0.19018118656666752,0.27867724419124557
Llama-3.1-405B,LC20K,8,20131,890616414208.0,0.018374209958924748,0.27633667102530796,0.19018226176666786,0.2786785675625902
Llama-3.1-405B,LC20K,8,20132,890620542976.0,0.018374209958924748,0.27633788687665123,0.19018333696666934,0.2786798909339345
Llama-3.1-405B,LC20K,8,20133,890624671744.0,0.018374209958924748,0.27633910272773493,0.19018441216666768,0.27868121430527626
Llama-3.1-405B,LC20K,8,20134,890628800512.0,0.018374209958924748,0.2763403185790782,0.19018548736666926,0.27868253767662
Llama-3.1-405B,LC20K,8,20135,890632929280.0,0.018374209958924748,0.27634153443042103,0.19018656256666788,0.2786838610479619
Llama-3.1-405B,LC20K,8,20136,890637058048.0,0.018374209958924748,0.27634275028176436,0.19018763776666944,0.2786851844193063
Llama-3.1-405B,LC20K,8,20137,890641186816.0,0.018374209958924748,0.27634396613310663,0.19018871296666753,0.278686507790648
Llama-3.1-405B,LC20K,8,20138,890645315584.0,0.018374209958924748,0.27634518198444985,0.19018978816666923,0.2786878311619917
Llama-3.1-405B,LC20K,8,20139,890649444352.0,0.018374209958924748,0.2763463978357932,0.19019086336666732,0.27868915453333454
Llama-3.1-405B,LC20K,8,20140,890653573120.0,0.018374209958924748,0.2763476136871354,0.19019193856666888,0.27869047790467777
Llama-3.1-405B,LC20K,8,20141,890657701888.0,0.018374209958924748,0.27634882953847867,0.19019301376666933,0.27869180127602
Llama-3.1-405B,LC20K,8,20142,890661830656.0,0.018374209958924748,0.2763500453898215,0.19019408896666765,0.27869312464736223
Llama-3.1-405B,LC20K,8,20143,890665959424.0,0.018374209958924748,0.2763512612411648,0.1901951641666692,0.2786944480187067
Llama-3.1-405B,LC20K,8,20144,890670088192.0,0.018374209958924748,0.27635247709250704,0.19019623936666719,0.27869577139004825
Llama-3.1-405B,LC20K,8,20145,890674216960.0,0.018374209958924748,0.2763536929438503,0.19019731456666986,0.27869709476139204
Llama-3.1-405B,LC20K,8,20146,890678345728.0,0.018374209958924748,0.27635490879519553,0.19019838976666795,0.2786984181327367
Llama-3.1-405B,LC20K,8,20147,890682474496.0,0.018374209958924748,0.27635612464653897,0.19019946496666923,0.27869974150408094
Llama-3.1-405B,LC20K,8,20148,890686603264.0,0.018374209958924748,0.2763573404978811,0.19020054016666732,0.27870106487542246
Llama-3.1-405B,LC20K,8,20149,890690732032.0,0.018374209958924748,0.2763585563492251,0.1902016153666687,0.27870238824676685
Llama-3.1-405B,LC20K,8,20150,890694860800.0,0.018374209958924748,0.27635977220056723,0.19020269056666914,0.2787037116181084
Llama-3.1-405B,LC20K,8,20151,890698989568.0,0.018374209958924748,0.27636098805191067,0.1902037657666684,0.278705034989453
Llama-3.1-405B,LC20K,8,20152,890703118336.0,0.018374209958924748,0.2763622039032527,0.19020484096666906,0.2787063583607939
Llama-3.1-405B,LC20K,8,20153,890707247104.0,0.018374209958924748,0.27636341975459594,0.19020591616666715,0.27870768173213667
Llama-3.1-405B,LC20K,8,20154,890711375872.0,0.018374209958924748,0.276364635606198,0.19020699136666983,0.27870900510348134
Llama-3.1-405B,LC20K,8,20155,890715504640.0,0.018374209958924748,0.27636585145754006,0.19020806656666783,0.27871032847482274
Llama-3.1-405B,LC20K,8,20156,890719633408.0,0.018374209958924748,0.2763670673088841,0.19020914176666937,0.27871165184616725
Llama-3.1-405B,LC20K,8,20157,890723762176.0,0.018374209958924748,0.27636828315996764,0.19021021696666768,0.27871297521750876
Llama-3.1-405B,LC20K,8,20158,890727890944.0,0.018374209958924748,0.2763694990113111,0.19021129216666874,0.278714298588853
Llama-3.1-405B,LC20K,8,20159,890732019712.0,0.018374209958924748,0.2763707148626532,0.19021236736666908,0.2787156219601945
Llama-3.1-405B,LC64K,1,64128,840592547840.0,0.017688330546987634,0.2616065478226573,0.17688573376083416,0.26250165240203954
Llama-3.1-405B,LC64K,1,64129,840593063936.0,0.017688330546987634,0.2616066998040764,0.17688586816083418,0.2625018178234575
Llama-3.1-405B,LC64K,1,64130,840593580032.0,0.017688330546987634,0.26160685178549525,0.17688600256083278,0.2625019832448766
Llama-3.1-405B,LC64K,1,64131,840594096128.0,0.017688330546987634,0.26160700543639553,0.17688613696083533,0.2625021486662936
Llama-3.1-405B,LC64K,1,64132,840594612224.0,0.017688330546987634,0.2616071574178143,0.17688627136083312,0.2625023140877112
Llama-3.1-405B,LC64K,1,64133,840595128320.0,0.017688330546987634,0.2616073093992337,0.17688640576083411,0.26250247950913097
Llama-3.1-405B,LC64K,1,64134,840595644416.0,0.017688330546987634,0.2616074613806498,0.17688654016083338,0.2625026449305476
Llama-3.1-405B,LC64K,1,64135,840596160512.0,0.017688330546987634,0.2616076133620686,0.17688667456083404,0.2625028103519668
Llama-3.1-405B,LC64K,1,64136,840596676608.0,0.017688330546987634,0.26160776534348773,0.17688680896083384,0.2625029757733848
Llama-3.1-405B,LC64K,1,64137,840597192704.0,0.017688330546987634,0.2616079163224784,0.17688694336083352,0.2625031411948011
Llama-3.1-405B,LC64K,1,64138,840597708800.0,0.017688330546987634,0.26160806830389777,0.17688707776083532,0.2625033066162209
Llama-3.1-405B,LC64K,1,64139,840598224896.0,0.017688330546987634,0.2616082202853138,0.1768872121608337,0.26250347203763613
Llama-3.1-405B,LC64K,1,64140,840598740992.0,0.017688330546987634,0.26160837226673245,0.1768873465608347,0.2625036374590549
Llama-3.1-405B,LC64K,1,64141,840599257088.0,0.017688330546987634,0.26160852424815123,0.17688748096083348,0.26250380288047415
Llama-3.1-405B,LC64K,1,64142,840599773184.0,0.017688330546987634,0.2616086762295679,0.17688761536083364,0.26250396830188993
Llama-3.1-405B,LC64K,1,64143,840600289280.0,0.017688330546987634,0.2616088292136701,0.17688774976083443,0.26250413372330916
Llama-3.1-405B,LC64K,1,64144,840600805376.0,0.017688330546987634,0.26160898119508874,0.17688788416083343,0.26250429914472817
Llama-3.1-405B,LC64K,1,64145,840601321472.0,0.017688330546987634,0.26160913317650475,0.17688801856083367,0.26250446456614335
Llama-3.1-405B,LC64K,1,64146,840601837568.0,0.017688330546987634,0.26160928682740836,0.1768881529608336,0.2625046299875632
Llama-3.1-405B,LC64K,1,64147,840602353664.0,0.017688330546987634,0.26160943880882714,0.17688828736083467,0.2625047954089822
Llama-3.1-405B,LC64K,1,64148,840602869760.0,0.017688330546987634,0.2616095907902432,0.17688842176083305,0.26250496083039737
Llama-3.1-405B,LC64K,1,64149,840603385856.0,0.017688330546987634,0.2616097427716626,0.17688855616083363,0.2625051262518172
Llama-3.1-405B,LC64K,1,64150,840603901952.0,0.017688330546987634,0.2616098947530781,0.176888690560835,0.2625052916732335
Llama-3.1-405B,LC64K,1,64151,840604418048.0,0.017688330546987634,0.2616100467344972,0.17688882496083305,0.26250545709465145
Llama-3.1-405B,LC64K,1,64152,840604934144.0,0.017688330546987634,0.2616101977134912,0.1768889593608338,0.2625056225160707
Llama-3.1-405B,LC64K,1,64153,840605450240.0,0.017688330546987634,0.26161034969490726,0.1768890937608342,0.2625057879374873
Llama-3.1-405B,LC64K,1,64154,840605966336.0,0.017688330546987634,0.2616105016763261,0.176889228160834,0.2625059533589049
Llama-3.1-405B,LC64K,1,64155,840606482432.0,0.017688330546987634,0.2616106536577453,0.17688936256083296,0.2625061187803245
Llama-3.1-405B,LC64K,1,64156,840606998528.0,0.017688330546987634,0.2616108056391607,0.17688949696083422,0.26250628420174077
Llama-3.1-405B,LC64K,1,64157,840607514624.0,0.017688330546987634,0.2616109576205802,0.17688963136083496,0.2625064496231606
Llama-3.1-405B,LC64K,1,64158,840608030720.0,0.017688330546987634,0.2616111106046796,0.176889765760833,0.26250661504457545
Llama-3.1-405B,LC64K,1,64159,840608546816.0,0.017688330546987634,0.26161126258609824,0.17688990016083436,0.2625067804659946
Llama-3.1-405B,LC64K,8,64128,1072269819904.0,0.020935969086187403,0.32983048222503514,0.23748783616667127,0.336902934842159
Llama-3.1-405B,LC64K,8,64129,1072273948672.0,0.020935969065902373,0.3298316980763768,0.23748891136667027,0.3369042581932166
Llama-3.1-405B,LC64K,8,64130,1072278077440.0,0.020935969065902373,0.3298329139277211,0.2374899865666711,0.33690558156455924
Llama-3.1-405B,LC64K,8,64131,1072282206208.0,0.020935969257200513,0.32983412977906224,0.2374910617666685,0.3369069051271985
Llama-3.1-405B,LC64K,8,64132,1072286334976.0,0.02093596904843668,0.3298353456304066,0.23749213696667165,0.3369082282897805
Llama-3.1-405B,LC64K,8,64133,1072290463744.0,0.02093596913689996,0.3298365614817509,0.23749321216666888,0.33690955174958814
Llama-3.1-405B,LC64K,8,64134,1072294592512.0,0.02093596935839072,0.3298377773330919,0.2374942873666712,0.33691087534241937
Llama-3.1-405B,LC64K,8,64135,1072298721280.0,0.020935969177704995,0.3298389931844364,0.23749536256666876,0.33691219853307797
Llama-3.1-405B,LC64K,8,64136,1072302850048.0,0.020935969177704995,0.32984020903577804,0.2374964377666706,0.33691352190442037
Llama-3.1-405B,LC64K,8,64137,1072306978816.0,0.020935969177704995,0.32984142488712237,0.23749751296667118,0.3369148452757647
Llama-3.1-405B,LC64K,8,64138,1072311107584.0,0.020935969128637037,0.3298426407384635,0.23749858816667022,0.33691616859803736
Llama-3.1-405B,LC64K,8,64139,1072315236352.0,0.02093596904749691,0.32984385658980786,0.23749966336667072,0.3369174918882415
Llama-3.1-405B,LC64K,8,64140,1072319365120.0,0.020935969308852886,0.32984507244115147,0.23750073856666992,0.33691881552094216
Llama-3.1-405B,LC64K,8,64141,1072323493888.0,0.020935968957858868,0.3298462882924958,0.2375018137666706,0.3369201385412923
Llama-3.1-405B,LC64K,8,64142,1072327622656.0,0.020935968917288807,0.32984750414383696,0.23750288896666885,0.3369214618720613
Llama-3.1-405B,LC64K,8,64143,1072331751424.0,0.020935968917288807,0.32984871999518195,0.23750396416667113,0.3369227852434076
Llama-3.1-405B,LC64K,8,64144,1072335880192.0,0.020935969098444446,0.32984993584652295,0.2375050393666687,0.3369241087959041
Llama-3.1-405B,LC64K,8,64145,1072340008960.0,0.02093596892010817,0.3298511516978674,0.2375061145666709,0.336925431988912
Llama-3.1-405B,LC64K,8,64146,1072344137728.0,0.020935968921282903,0.32985236754946695,0.2375071897666682,0.3369267553614276
Llama-3.1-405B,LC64K,8,64147,1072348266496.0,0.02093596917934961,0.3298535834008113,0.23750826496667002,0.33692807899083993
Llama-3.1-405B,LC64K,8,64148,1072352395264.0,0.020935969057874353,0.3298547992521556,0.2375093401666707,0.33692940224070883
Llama-3.1-405B,LC64K,8,64149,1072356524032.0,0.020935969057874353,0.32985601510349677,0.23751041536666986,0.3369307256120493
Llama-3.1-405B,LC64K,8,64150,1072360652800.0,0.020935969057874353,0.3298572309548411,0.23751149056667042,0.3369320489833936
Llama-3.1-405B,LC64K,8,64151,1072364781568.0,0.020935969189022238,0.3298584468059242,0.23751256576667032,0.33693337248588445
Llama-3.1-405B,LC64K,8,64152,1072368910336.0,0.020935969268282794,0.3298596626572687,0.2375136409666709,0.33693469593648956
Llama-3.1-405B,LC64K,8,64153,1072373039104.0,0.020935969277015635,0.3298608785086097,0.23751471616666833,0.3369360193165615
Llama-3.1-405B,LC64K,8,64154,1072377167872.0,0.02093596909679979,0.3298620943599566,0.2375157913666708,0.3369373425076937
Llama-3.1-405B,LC64K,8,64155,1072381296640.0,0.020935969047027003,0.3298633102112976,0.23751686656666818,0.3369386658292615
Llama-3.1-405B,LC64K,8,64156,1072385425408.0,0.020935969047027003,0.3298645260626421,0.23751794176667032,0.3369399892006055
Llama-3.1-405B,LC64K,8,64157,1072389554176.0,0.020935969418540992,0.3298657419139831,0.23751901696667096,0.3369413129434606
Llama-3.1-405B,LC64K,8,64158,1072393682944.0,0.020935969105062728,0.3298669577653281,0.23752009216667017,0.33694263600132823
Llama-3.1-405B,LC64K,8,64159,1072397811712.0,0.020935969015659667,0.3298681736166691,0.23752116736667034,0.33694395928326565
Llama-3.1-405B,LC126K,1,126128,872590499840.0,0.01813213309094442,0.2710293933964441,0.1852185337608328,0.27275777997622735
Llama-3.1-405B,LC126K,1,126129,872591015936.0,0.01813213309094442,0.2710295453778627,0.18521866816083418,0.27275794539764675
Llama-3.1-405B,LC126K,1,126130,872591532032.0,0.01813213309094442,0.2710296990287664,0.1852188025608351,0.2727581108190667
Llama-3.1-405B,LC126K,1,126131,872592048128.0,0.01813213309094442,0.2710298510101818,0.18521893696083291,0.27275827624048093
Llama-3.1-405B,LC126K,1,126132,872592564224.0,0.01813213309094442,0.271030002991601,0.1852190713608344,0.27275844166190044
Llama-3.1-405B,LC126K,1,126133,872593080320.0,0.01813213309094442,0.2710301549730174,0.1852192057608341,0.27275860708331734
Llama-3.1-405B,LC126K,1,126134,872593596416.0,0.01813213309094442,0.27103030695443603,0.1852193401608345,0.2727587725047352
Llama-3.1-405B,LC126K,1,126135,872594112512.0,0.01813213309094442,0.2710304579334304,0.18521947456083343,0.27275893792615485
Llama-3.1-405B,LC126K,1,126136,872594628608.0,0.01813213309094442,0.2710306099148468,0.18521960896083434,0.2727591033475718
Llama-3.1-405B,LC126K,1,126137,872595144704.0,0.01813213309094442,0.27103076189626524,0.18521974336083455,0.27275926876898937
Llama-3.1-405B,LC126K,1,126138,872595660800.0,0.01813213309094442,0.271030912875259,0.1852198777608335,0.2727594341904079
Llama-3.1-405B,LC126K,1,126139,872596176896.0,0.01813213309094442,0.271031064856676,0.18522001216083442,0.27275959961182544
Llama-3.1-405B,LC126K,1,126140,872596692992.0,0.01813213309094442,0.2710312168380946,0.18522014656083358,0.27275976503324323
Llama-3.1-405B,LC126K,1,126141,872597209088.0,0.01813213309094442,0.2710313688195131,0.18522028096083448,0.2727599304546621
Llama-3.1-405B,LC126K,1,126142,872597725184.0,0.01813213309094442,0.2710315218036129,0.18522041536083342,0.2727600958760791
Llama-3.1-405B,LC126K,1,126143,872598241280.0,0.01813213309094442,0.2710316737850321,0.18522054976083382,0.27276026129749753
Llama-3.1-405B,LC126K,1,126144,872598757376.0,0.01813213309094442,0.2710318257664475,0.18522068416083454,0.2727604267189133
Llama-3.1-405B,LC126K,1,126145,872599273472.0,0.01813213309094442,0.27103197774786697,0.18522081856083383,0.27276059214033316
Llama-3.1-405B,LC126K,1,126146,872599789568.0,0.01813213309094442,0.2710321297292856,0.18522095296083388,0.2727607575617506
Llama-3.1-405B,LC126K,1,126147,872600305664.0,0.01813213309094442,0.2710322817107016,0.18522108736083256,0.27276092298316706
Llama-3.1-405B,LC126K,1,126148,872600821760.0,0.01813213309094442,0.2710324336921212,0.18522122176083514,0.27276108840458757
Llama-3.1-405B,LC126K,1,126149,872601337856.0,0.01813213309094442,0.2710325856735398,0.18522135616083293,0.27276125382600497
Llama-3.1-405B,LC126K,1,126150,872601853952.0,0.01813213309094442,0.27103273765495584,0.18522149056083384,0.2727614192474214
Llama-3.1-405B,LC126K,1,126151,872602370048.0,0.01813213309094442,0.2710328879666318,0.18522162496083514,0.27276158466884026
Llama-3.1-405B,LC126K,1,126152,872602886144.0,0.01813213309094442,0.2710330399480512,0.18522175936083382,0.27276175009026027
Llama-3.1-405B,LC126K,1,126153,872603402240.0,0.01813213309094442,0.2710331919294666,0.1852218937608339,0.2727619155116745
Llama-3.1-405B,LC126K,1,126154,872603918336.0,0.01813213309094442,0.27103334391088585,0.18522202816083316,0.27276208093309456
Llama-3.1-405B,LC126K,1,126155,872604434432.0,0.01813213309094442,0.27103349422255957,0.18522216256083507,0.27276224635451146
Llama-3.1-405B,LC126K,1,126156,872604950528.0,0.01813213309094442,0.27103364620397796,0.18522229696083323,0.27276241177592914
Llama-3.1-405B,LC126K,1,126157,872605466624.0,0.01813213309094442,0.2710337981853966,0.18522243136083447,0.27276257719734764
Llama-3.1-405B,LC126K,1,126158,872605982720.0,0.01813213309094442,0.2710339501668136,0.1852225657608353,0.2727627426187652
Llama-3.1-405B,LC126K,1,126159,872606498816.0,0.01813213309094442,0.2710341038177164,0.18522270016083336,0.272762908040183
Llama-3.1-405B,LC126K,8,126128,1328253435904.0,0.024526794478999598,0.40521848492408064,0.3041502361666695,0.41895195954878983
Llama-3.1-405B,LC126K,8,126129,1328257564672.0,0.024526794478999598,0.4052197007756847,0.30415131136666984,0.41895328292013395
Llama-3.1-405B,LC126K,8,126130,1328261693440.0,0.024526794478999598,0.4052209209115014,0.30415238656667004,0.41895460629147463
Llama-3.1-405B,LC126K,8,126131,1328265822208.0,0.024526794478999598,0.40522213676310526,0.3041534617666714,0.4189559296628214
Llama-3.1-405B,LC126K,8,126132,1328269950976.0,0.024526794478999598,0.40522335261444536,0.30415453696667133,0.4189572530341614
Llama-3.1-405B,LC126K,8,126133,1328274079744.0,0.024526794478999598,0.405224564181056,0.30415561216666887,0.4189585764055055
Llama-3.1-405B,LC126K,8,126134,1328278208512.0,0.024526794478999598,0.4052257800324013,0.3041566873666698,0.4189598997768512
Llama-3.1-405B,LC126K,8,126135,1328282337280.0,0.024526794478999598,0.4052269958837413,0.30415776256667093,0.4189612231481924
Llama-3.1-405B,LC126K,8,126136,1328286466048.0,0.024526794478999598,0.4052282117350867,0.30415883776667135,0.41896254651953824
Llama-3.1-405B,LC126K,8,126137,1328290594816.0,0.024526794478999598,0.4052294275864269,0.3041599129666689,0.4189638698908771
Llama-3.1-405B,LC126K,8,126138,1328294723584.0,0.024526794478999598,0.4052306434377726,0.3041609881666716,0.418965193262223
Llama-3.1-405B,LC126K,8,126139,1328298852352.0,0.024526794478999598,0.40523186424090674,0.3041620633666718,0.41896651663356327
Llama-3.1-405B,LC126K,8,126140,1328302981120.0,0.024526794478999598,0.40523308075931136,0.30416313856666927,0.4189678400049072
Llama-3.1-405B,LC126K,8,126141,1328307109888.0,0.024526794478999598,0.40523430156244755,0.30416421376666963,0.41896916337624945
Llama-3.1-405B,LC126K,8,126142,1328311238656.0,0.024526794478999598,0.40523551246225736,0.3041652889666709,0.41897048674759624
Llama-3.1-405B,LC126K,8,126143,1328315367424.0,0.024526794478999598,0.4052367283133389,0.3041663641666715,0.41897181011893625
Llama-3.1-405B,LC126K,8,126144,1328319496192.0,0.024526794478999598,0.4052379441646842,0.30416743936666907,0.4189731334902803
Llama-3.1-405B,LC126K,8,126145,1328323624960.0,0.024526794478999598,0.4052391600160247,0.30416851456666943,0.418974456861621
Llama-3.1-405B,LC126K,8,126146,1328327753728.0,0.024526794478999598,0.40524037586737016,0.3041695897666705,0.41897578023296783
Llama-3.1-405B,LC126K,8,126147,1328331882496.0,0.024526794478999598,0.40524159171871016,0.3041706649666708,0.418977103604308
Llama-3.1-405B,LC126K,8,126148,1328336011264.0,0.024526794478999598,0.4052428075700555,0.3041717401666712,0.418978426975652
Llama-3.1-405B,LC126K,8,126149,1328340140032.0,0.024526794478999598,0.4052440234214008,0.304172815366671,0.4189797503469978
Llama-3.1-405B,LC126K,8,126150,1328344268800.0,0.024526794478999598,0.4052452392727409,0.3041738905666714,0.4189810737183381
Llama-3.1-405B,LC126K,8,126151,1328348397568.0,0.024526794478999598,0.40524645512408625,0.30417496576666897,0.4189823970896821
Llama-3.1-405B,LC126K,8,126152,1328352526336.0,0.024526794478999598,0.4052476709754267,0.30417604096666945,0.4189837204610227
Llama-3.1-405B,LC126K,8,126153,1328356655104.0,0.024526794478999598,0.405248886826772,0.30417711616667104,0.4189850438323695
Llama-3.1-405B,LC126K,8,126154,1328360783872.0,0.024526794478999598,0.4052501026781122,0.3041781913666713,0.4189863672037098
Llama-3.1-405B,LC126K,8,126155,1328364912640.0,0.024526794478999598,0.4052513185294596,0.30417926656666866,0.41898769057505564
Llama-3.1-405B,LC126K,8,126156,1328369041408.0,0.024526794478999598,0.4052525343807996,0.30418034176666886,0.4189890139463958
Llama-3.1-405B,LC126K,8,126157,1328373170176.0,0.024526794478999598,0.40525375023214505,0.30418141696667295,0.4189903373177427
Llama-3.1-405B,LC126K,8,126158,1328377298944.0,0.024526794478999598,0.40525496608348505,0.30418249216667026,0.41899166068908283
Llama-3.1-405B,LC126K,8,126159,1328381427712.0,0.024526794478999598,0.4052561819348309,0.3041835673666707,0.41899298406042734
